year,month,price,dividend,cpi,gs10,stock_tr_index,bond_tr_index
1871,1,4.440000,0.260000,12.464061,5.320000,1.000000,1.000000
1871,2,4.500000,0.260000,12.844641,5.323333,1.018393,1.004177
1871,3,4.610000,0.260000,13.034972,5.326667,1.048191,1.008374
1871,4,4.740000,0.260000,12.559226,5.330000,1.082676,1.012592
1871,5,4.860000,0.260000,12.273812,5.333333,1.115034,1.016830
1871,6,4.820000,0.260000,12.083481,5.336667,1.110828,1.021089
1871,7,4.730000,0.260000,12.083481,5.340000,1.095080,1.025368
1871,8,4.790000,0.260000,11.893231,5.343333,1.113987,1.029668
1871,9,4.840000,0.260000,12.178646,5.346667,1.130654,1.033989
1871,10,4.590000,0.260000,12.368896,5.350000,1.077314,1.038332
1871,11,4.640000,0.260000,12.368896,5.353333,1.094135,1.042695
1871,12,4.740000,0.260000,12.654392,5.356667,1.122825,1.047080
1872,1,4.860000,0.263300,12.654392,5.360000,1.156448,1.051486
1872,2,4.880000,0.266700,12.654392,5.378333,1.166496,1.054703
1872,3,5.040000,0.270000,12.844641,5.396667,1.210120,1.057948
1872,4,5.180000,0.273300,13.130137,5.415000,1.249202,1.061220
1872,5,5.180000,0.276700,13.130137,5.433333,1.254763,1.064520
1872,6,5.130000,0.280000,13.034972,5.451667,1.248304,1.067847
1872,7,5.100000,0.283300,12.844641,5.470000,1.246748,1.071203
1872,8,5.040000,0.286700,12.939807,5.488333,1.237921,1.074586
1872,9,4.950000,0.290000,13.034972,5.506667,1.221751,1.077998
1872,10,4.970000,0.293300,12.749476,5.525000,1.232720,1.081439
1872,11,4.950000,0.296700,13.130137,5.543333,1.233892,1.084908
1872,12,5.070000,0.300000,12.939807,5.561667,1.270037,1.088406
1873,1,5.110000,0.302500,12.939807,5.580000,1.286371,1.091933
1873,2,5.150000,0.305000,13.225221,5.570833,1.302839,1.097772
1873,3,5.110000,0.307500,13.225221,5.561667,1.299203,1.103634
1873,4,5.040000,0.310000,13.225221,5.552500,1.287973,1.109519
1873,5,5.050000,0.312500,12.939807,5.543333,1.297184,1.115428
1873,6,4.980000,0.315000,12.559226,5.534167,1.285946,1.121359
1873,7,4.970000,0.317500,12.559226,5.525000,1.290196,1.127314
1873,8,4.970000,0.320000,12.559226,5.515833,1.297118,1.133293
1873,9,4.590000,0.322500,12.559226,5.506667,1.204956,1.139294
1873,10,4.190000,0.325000,12.273812,5.497500,1.107059,1.145319
1873,11,4.040000,0.327500,11.893231,5.488333,1.074638,1.151368
1873,12,4.420000,0.330000,12.178646,5.479167,1.183032,1.157440
1874,1,4.660000,0.330000,12.368896,5.470000,1.254630,1.163535
1874,2,4.800000,0.330000,12.368896,5.436667,1.299727,1.171807
1874,3,4.730000,0.330000,12.368896,5.403333,1.288219,1.180110
1874,4,4.600000,0.330000,12.178646,5.370000,1.260303,1.188443
1874,5,4.480000,0.330000,12.083481,5.336667,1.234960,1.196806
1874,6,4.460000,0.330000,11.798066,5.303333,1.237027,1.205200
1874,7,4.460000,0.330000,11.893231,5.270000,1.244655,1.213624
1874,8,4.470000,0.330000,11.798066,5.236667,1.255120,1.222078
1874,9,4.540000,0.330000,11.798066,5.203333,1.282497,1.230561
1874,10,4.530000,0.330000,11.607736,5.170000,1.287440,1.239075
1874,11,4.570000,0.330000,11.512651,5.136667,1.306624,1.247617
1874,12,4.540000,0.330000,11.512651,5.103333,1.305909,1.256189
1875,1,4.540000,0.327500,11.512651,5.070000,1.313759,1.264789
1875,2,4.530000,0.325000,11.512651,5.030000,1.318703,1.274077
1875,3,4.590000,0.322500,11.512651,4.990000,1.343992,1.283397
1875,4,4.650000,0.320000,11.607736,4.950000,1.369369,1.292751
1875,5,4.470000,0.317500,11.322321,4.910000,1.324153,1.302136
1875,6,4.380000,0.315000,11.132071,4.870000,1.305268,1.311554
1875,7,4.390000,0.312500,11.132071,4.830000,1.316009,1.321005
1875,8,4.410000,0.310000,11.227155,4.790000,1.329749,1.330486
1875,9,4.370000,0.307500,11.132071,4.750000,1.325414,1.339999
1875,10,4.300000,0.305000,11.132071,4.710000,1.311892,1.349544
1875,11,4.370000,0.302500,11.036906,4.670000,1.340939,1.359119
1875,12,4.370000,0.300000,10.941740,4.630000,1.348611,1.368725
1876,1,4.460000,0.300000,10.846575,4.590000,1.384100,1.378361
1876,2,4.520000,0.300000,10.846575,4.578333,1.410479,1.384913
1876,3,4.510000,0.300000,10.846575,4.566667,1.415160,1.391483
1876,4,4.340000,0.300000,10.751491,4.555000,1.369661,1.398072
1876,5,4.180000,0.300000,10.370911,4.543333,1.327057,1.404679
1876,6,4.150000,0.300000,10.085415,4.531667,1.325469,1.411304
1876,7,4.100000,0.300000,10.085415,4.520000,1.317484,1.417948
1876,8,3.930000,0.300000,10.180580,4.508333,1.270890,1.424610
1876,9,3.690000,0.300000,10.275745,4.496667,1.201363,1.431290
1876,10,3.670000,0.300000,10.465995,4.485000,1.202991,1.437988
1876,11,3.600000,0.300000,10.561160,4.473333,1.188241,1.444704
1876,12,3.580000,0.300000,10.751491,4.461667,1.189891,1.451438
1877,1,3.550000,0.290800,10.941740,4.450000,1.187974,1.458190
1877,2,3.340000,0.281700,10.656326,4.440833,1.125555,1.464668
1877,3,3.170000,0.272500,10.180580,4.431667,1.075919,1.471165
1877,4,2.940000,0.263300,10.465995,4.422500,1.005303,1.477679
1877,5,2.940000,0.254200,10.656326,4.413333,1.012546,1.484211
1877,6,2.730000,0.245000,10.085415,4.404167,0.947253,1.490761
1877,7,2.850000,0.235800,10.180580,4.395000,0.995709,1.497329
1877,8,3.050000,0.226700,9.800000,4.385833,1.072183,1.503915
1877,9,3.240000,0.217500,9.704835,4.376667,1.145347,1.510519
1877,10,3.310000,0.208300,9.704835,4.367500,1.176228,1.517141
1877,11,3.260000,0.199200,9.514585,4.358333,1.164359,1.523781
1877,12,3.250000,0.190000,9.514585,4.349167,1.166443,1.530439
1878,1,3.250000,0.189200,9.229089,4.340000,1.172101,1.537115
1878,2,3.180000,0.188300,9.134005,4.330000,1.152515,1.543911
1878,3,3.240000,0.187500,8.943674,4.320000,1.179924,1.550726
1878,4,3.330000,0.186700,8.848509,4.310000,1.218365,1.557558
1878,5,3.340000,0.185800,8.563094,4.300000,1.227689,1.564408
1878,6,3.410000,0.185000,8.372845,4.290000,1.259086,1.571276
1878,7,3.480000,0.184200,8.467929,4.280000,1.290600,1.578161
1878,8,3.450000,0.183300,8.563094,4.270000,1.285139,1.585064
1878,9,3.520000,0.182500,8.563094,4.260000,1.316879,1.591984
1878,10,3.480000,0.181700,8.467929,4.250000,1.307579,1.598922
1878,11,3.470000,0.180800,8.372845,4.240000,1.309483,1.605877
1878,12,3.450000,0.180000,8.182514,4.230000,1.307596,1.612850
1879,1,3.580000,0.181700,8.277679,4.220000,1.362607,1.619841
1879,2,3.710000,0.183300,8.372845,4.203333,1.417901,1.627723
1879,3,3.650000,0.185000,8.277679,4.186667,1.400862,1.635624
1879,4,3.770000,0.186700,8.182514,4.170000,1.452889,1.643541
1879,5,3.940000,0.188300,8.182514,4.153333,1.524451,1.651476
1879,6,3.960000,0.190000,8.087381,4.136667,1.538316,1.659428
1879,7,4.040000,0.191700,8.182514,4.120000,1.575598,1.667396
1879,8,4.070000,0.193300,8.182514,4.103333,1.593581,1.675382
1879,9,4.220000,0.195000,8.467929,4.086667,1.658675,1.683384
1879,10,4.680000,0.196700,8.943674,4.070000,1.845921,1.691403
1879,11,4.930000,0.198300,9.419420,4.053333,1.951046,1.699439
1879,12,4.920000,0.200000,9.704835,4.036667,1.953684,1.707491
1880,1,5.110000,0.205000,9.990331,4.020000,2.035915,1.715559
1880,2,5.200000,0.210000,9.990331,3.993333,2.078745,1.725047
1880,3,5.300000,0.215000,10.085415,3.966667,2.125883,1.734554
1880,4,5.180000,0.220000,9.704835,3.940000,2.085103,1.744079
1880,5,4.770000,0.225000,9.419420,3.913333,1.927614,1.753623
1880,6,4.790000,0.230000,9.229089,3.886667,1.943441,1.763185
1880,7,5.010000,0.235000,9.229089,3.860000,2.040647,1.772765
1880,8,5.190000,0.240000,9.229089,3.833333,2.122110,1.782362
1880,9,5.180000,0.245000,9.324255,3.806667,2.126369,1.791976
1880,10,5.330000,0.250000,9.324255,3.780000,2.196496,1.801608
1880,11,5.610000,0.255000,9.419420,3.753333,2.320641,1.811256
1880,12,5.840000,0.260000,9.514585,3.726667,2.424746,1.820920
1881,1,6.190000,0.265000,9.419420,3.700000,2.579234,1.830601
1881,2,6.170000,0.270000,9.514585,3.693333,2.580275,1.837257
1881,3,6.240000,0.275000,9.514585,3.686667,2.619133,1.843928
1881,4,6.220000,0.280000,9.609669,3.680000,2.620532,1.850613
1881,5,6.500000,0.285000,9.514585,3.673333,2.748504,1.857312
1881,6,6.580000,0.290000,9.514585,3.666667,2.792551,1.864026
1881,7,6.350000,0.295000,9.609669,3.660000,2.705372,1.870754
1881,8,6.200000,0.300000,9.800000,3.653333,2.652116,1.877496
1881,9,6.250000,0.305000,10.180580,3.646667,2.684377,1.884252
1881,10,6.150000,0.310000,10.275745,3.640000,2.652522,1.891022
1881,11,6.190000,0.315000,10.180580,3.633333,2.681096,1.897807
1881,12,6.010000,0.320000,10.180580,3.626667,2.614682,1.904605
1882,1,5.920000,0.320000,10.180580,3.620000,2.587129,1.911418
1882,2,5.790000,0.320000,10.275745,3.620833,2.541970,1.917052
1882,3,5.780000,0.320000,10.275745,3.621667,2.549288,1.922703
1882,4,5.780000,0.320000,10.370911,3.622500,2.561049,1.928373
1882,5,5.710000,0.320000,10.465995,3.623333,2.541849,1.934060
1882,6,5.680000,0.320000,10.561160,3.624167,2.540365,1.939766
1882,7,6.000000,0.320000,10.465995,3.625000,2.695410,1.945490
1882,8,6.180000,0.320000,10.561160,3.625833,2.788252,1.951232
1882,9,6.240000,0.320000,10.275745,3.626667,2.827354,1.956992
1882,10,6.070000,0.320000,10.180580,3.627500,2.762409,1.962771
1882,11,5.810000,0.320000,10.085415,3.628333,2.656221,1.968568
1882,12,5.840000,0.320000,9.990331,3.629167,2.682128,1.974384
1883,1,5.810000,0.320800,9.990331,3.630000,2.680628,1.980218
1883,2,5.680000,0.321700,10.085415,3.629167,2.633017,1.986346
1883,3,5.750000,0.322500,9.990331,3.628333,2.677925,1.992491
1883,4,5.870000,0.323300,9.895165,3.627500,2.746359,1.998654
1883,5,5.770000,0.324200,9.800000,3.626667,2.712213,2.004834
1883,6,5.820000,0.325000,9.514585,3.625833,2.748446,2.011032
1883,7,5.730000,0.325800,9.324255,3.625000,2.718766,2.017248
1883,8,5.470000,0.326700,9.324255,3.624167,2.608319,2.023481
1883,9,5.530000,0.327500,9.229089,3.623333,2.649943,2.029733
1883,10,5.380000,0.328300,9.229089,3.622500,2.591174,2.036002
1883,11,5.460000,0.329200,9.134005,3.621667,2.642917,2.042290
1883,12,5.340000,0.330000,9.229089,3.620833,2.598142,2.048595
1884,1,5.180000,0.328300,9.229089,3.620000,2.533607,2.054918
1884,2,5.320000,0.326700,9.229089,3.611667,2.615398,2.062543
1884,3,5.300000,0.325000,9.229089,3.603333,2.618881,2.070182
1884,4,5.060000,0.323300,9.038840,3.595000,2.513603,2.077836
1884,5,4.650000,0.321700,8.848509,3.586667,2.323249,2.085504
1884,6,4.460000,0.320000,8.848509,3.578333,2.241643,2.093186
1884,7,4.460000,0.318300,8.753425,3.570000,2.254975,2.100883
1884,8,4.740000,0.316700,8.753425,3.561667,2.409887,2.108594
1884,9,4.590000,0.315000,8.658260,3.553333,2.346970,2.116319
1884,10,4.440000,0.313300,8.563094,3.545000,2.283622,2.124058
1884,11,4.350000,0.311700,8.372845,3.536667,2.250692,2.131812
1884,12,4.340000,0.310000,8.277679,3.528333,2.258884,2.139579
1885,1,4.240000,0.304200,8.277679,3.520000,2.220030,2.147361
1885,2,4.370000,0.298300,8.372845,3.507500,2.301113,2.155905
1885,3,4.380000,0.292500,8.182514,3.495000,2.319214,2.164463
1885,4,4.370000,0.286700,8.277679,3.482500,2.326569,2.173033
1885,5,4.320000,0.280800,8.087381,3.470000,2.312408,2.181615
1885,6,4.300000,0.275000,7.897091,3.457500,2.313969,2.190211
1885,7,4.460000,0.269200,7.992232,3.445000,2.412142,2.198818
1885,8,4.710000,0.263300,7.992232,3.432500,2.559219,2.207438
1885,9,4.650000,0.257500,7.897091,3.420000,2.538277,2.216070
1885,10,4.920000,0.251700,7.897091,3.407500,2.697110,2.224714
1885,11,5.240000,0.245800,7.992232,3.395000,2.883761,2.233370
1885,12,5.200000,0.240000,8.182514,3.382500,2.872754,2.242038
1886,1,5.200000,0.238300,7.992232,3.370000,2.883725,2.250717
1886,2,5.300000,0.236700,7.992232,3.382500,2.950120,2.254670
1886,3,5.190000,0.235000,7.897091,3.395000,2.899791,2.258656
1886,4,5.120000,0.233300,7.801942,3.407500,2.871543,2.262673
1886,5,5.020000,0.231700,7.611652,3.420000,2.826287,2.266722
1886,6,5.250000,0.230000,7.516503,3.432500,2.966570,2.270803
1886,7,5.330000,0.228300,7.611652,3.445000,3.022525,2.274917
1886,8,5.370000,0.226700,7.706793,3.457500,3.055921,2.279064
1886,9,5.510000,0.225000,7.706793,3.470000,3.146261,2.283243
1886,10,5.650000,0.223300,7.706793,3.482500,3.236828,2.287455
1886,11,5.790000,0.221700,7.706793,3.495000,3.327617,2.291700
1886,12,5.640000,0.220000,7.801942,3.507500,3.251946,2.295978
1887,1,5.580000,0.222500,7.992232,3.520000,3.228041,2.300290
1887,2,5.540000,0.225000,8.087381,3.532500,3.215748,2.304635
1887,3,5.670000,0.227500,8.087381,3.545000,3.302212,2.309013
1887,4,5.800000,0.230000,8.087381,3.557500,3.389087,2.313426
1887,5,5.900000,0.232500,8.087381,3.570000,3.458841,2.317872
1887,6,5.730000,0.235000,7.992232,3.582500,3.370660,2.322352
1887,7,5.590000,0.237500,7.897091,3.595000,3.299948,2.326867
1887,8,5.450000,0.240000,7.992232,3.607500,3.229108,2.331416
1887,9,5.380000,0.242500,7.897091,3.620000,3.199607,2.336000
1887,10,5.200000,0.245000,7.992232,3.632500,3.104699,2.340618
1887,11,5.300000,0.247500,8.087381,3.645000,3.176719,2.345272
1887,12,5.270000,0.250000,8.277679,3.657500,3.171225,2.349960
1888,1,5.310000,0.248300,8.372845,3.670000,3.207746,2.354684
1888,2,5.280000,0.246700,8.277679,3.651667,3.202042,2.365472
1888,3,5.080000,0.245000,8.277679,3.633333,3.093134,2.376277
1888,4,5.100000,0.243300,8.182514,3.615000,3.117657,2.387098
1888,5,5.170000,0.241700,8.087381,3.596667,3.172761,2.397935
1888,6,5.010000,0.240000,7.992232,3.578333,3.086845,2.408788
1888,7,5.140000,0.238300,8.087381,3.560000,3.179178,2.419656
1888,8,5.250000,0.236700,8.087381,3.541667,3.259416,2.430539
1888,9,5.380000,0.235000,8.087381,3.523333,3.352283,2.441437
1888,10,5.350000,0.233300,8.182514,3.505000,3.345704,2.452351
1888,11,5.240000,0.231700,8.277679,3.486667,3.288989,2.463278
1888,12,5.140000,0.230000,8.277679,3.468333,3.238252,2.474220
1889,1,5.240000,0.229200,7.992232,3.450000,3.313286,2.485176
1889,2,5.300000,0.228300,7.897091,3.447500,3.363254,2.492843
1889,3,5.190000,0.227500,7.801942,3.445000,3.305481,2.500527
1889,4,5.180000,0.226700,7.801942,3.442500,3.311144,2.508230
1889,5,5.320000,0.225800,7.611652,3.440000,3.412663,2.515952
1889,6,5.410000,0.225000,7.611652,3.437500,3.482424,2.523692
1889,7,5.300000,0.224200,7.611652,3.435000,3.423643,2.531451
1889,8,5.370000,0.223300,7.611652,3.432500,3.480881,2.539229
1889,9,5.500000,0.222500,7.706793,3.430000,3.577167,2.547025
1889,10,5.400000,0.221700,7.706793,3.427500,3.524144,2.554840
1889,11,5.350000,0.220800,7.706793,3.425000,3.503521,2.562674
1889,12,5.320000,0.220000,7.801942,3.422500,3.495881,2.570526
1890,1,5.380000,0.220000,7.611652,3.420000,3.547355,2.578397
1890,2,5.320000,0.220000,7.611652,3.436667,3.519882,2.582139
1890,3,5.280000,0.220000,7.611652,3.453333,3.505547,2.585924
1890,4,5.390000,0.220000,7.611652,3.470000,3.590751,2.589754
1890,5,5.620000,0.220000,7.706793,3.486667,3.756188,2.593629
1890,6,5.580000,0.220000,7.706793,3.503333,3.741707,2.597548
1890,7,5.540000,0.220000,7.706793,3.520000,3.727178,2.601512
1890,8,5.410000,0.220000,7.992232,3.536667,3.652051,2.605520
1890,9,5.320000,0.220000,8.087381,3.553333,3.603672,2.609575
1890,10,5.080000,0.220000,8.087381,3.570000,3.453519,2.613674
1890,11,4.710000,0.220000,7.897091,3.586667,3.214447,2.617819
1890,12,4.600000,0.220000,7.897091,3.603333,3.151887,2.622010
1891,1,4.840000,0.220000,7.801942,3.620000,3.328895,2.626247
1891,2,4.900000,0.220000,7.897091,3.618333,3.382772,2.634534
1891,3,4.810000,0.220000,7.992232,3.616667,3.333296,2.642843
1891,4,4.970000,0.220000,8.087381,3.615000,3.456879,2.651175
1891,5,4.950000,0.220000,7.992232,3.613333,3.455720,2.659529
1891,6,4.850000,0.220000,7.801942,3.611667,3.398707,2.667906
1891,7,4.770000,0.220000,7.706793,3.610000,3.355493,2.676306
1891,8,4.930000,0.220000,7.706793,3.608333,3.480943,2.684729
1891,9,5.330000,0.220000,7.611652,3.606667,3.776317,2.693174
1891,10,5.330000,0.220000,7.611652,3.605000,3.789306,2.701643
1891,11,5.250000,0.220000,7.516503,3.603333,3.745465,2.710134
1891,12,5.410000,0.220000,7.516503,3.601667,3.872692,2.718648
1892,1,5.510000,0.221700,7.326213,3.600000,3.957501,2.727185
1892,2,5.520000,0.223300,7.326213,3.612500,3.978049,2.732529
1892,3,5.580000,0.225000,7.135923,3.625000,4.034801,2.737913
1892,4,5.570000,0.226700,7.040774,3.637500,4.041230,2.743338
1892,5,5.570000,0.228300,7.040774,3.650000,4.055033,2.748804
1892,6,5.540000,0.230000,7.040774,3.662500,4.047146,2.754312
1892,7,5.540000,0.231700,7.231072,3.675000,4.061252,2.759861
1892,8,5.620000,0.233300,7.326213,3.687500,4.134150,2.765451
1892,9,5.480000,0.235000,7.326213,3.700000,4.045570,2.771083
1892,10,5.590000,0.236700,7.326213,3.712500,4.141339,2.776757
1892,11,5.570000,0.238300,7.516503,3.725000,4.141234,2.782474
1892,12,5.510000,0.240000,7.611652,3.737500,4.111494,2.788233
1893,1,5.610000,0.240800,7.897091,3.750000,4.201086,2.794034
1893,2,5.510000,0.241700,7.992232,3.745833,4.141284,2.803729
1893,3,5.310000,0.242500,7.801942,3.741667,4.006154,2.813447
1893,4,5.310000,0.243300,7.706793,3.737500,4.021450,2.823190
1893,5,4.840000,0.244200,7.611652,3.733333,3.680914,2.832957
1893,6,4.610000,0.245000,7.421362,3.729167,3.521522,2.842748
1893,7,4.180000,0.245800,7.231072,3.725000,3.208697,2.852563
1893,8,4.080000,0.246700,6.945633,3.720833,3.147716,2.862402
1893,9,4.370000,0.247500,7.231072,3.716667,3.387362,2.872265
1893,10,4.500000,0.248300,7.326213,3.712500,3.504170,2.882153
1893,11,4.570000,0.249200,7.135923,3.708333,3.574850,2.892065
1893,12,4.410000,0.250000,7.040774,3.704167,3.465988,2.902001
1894,1,4.320000,0.246700,6.850483,3.700000,3.411411,2.911961
1894,2,4.380000,0.243300,6.755342,3.680000,3.474802,2.925772
1894,3,4.510000,0.240000,6.565052,3.660000,3.593802,2.939605
1894,4,4.570000,0.236700,6.565052,3.640000,3.657332,2.953459
1894,5,4.400000,0.233300,6.565052,3.620000,3.536841,2.967333
1894,6,4.340000,0.230000,6.565052,3.600000,3.504018,2.981227
1894,7,4.250000,0.226700,6.565052,3.580000,3.446607,2.995142
1894,8,4.410000,0.223300,6.755342,3.560000,3.591452,3.009076
1894,9,4.480000,0.220000,6.850483,3.540000,3.663390,3.023030
1894,10,4.340000,0.216700,6.660193,3.520000,3.563675,3.037003
1894,11,4.340000,0.213300,6.660193,3.500000,3.578271,3.050994
1894,12,4.300000,0.210000,6.565052,3.480000,3.559720,3.065004
1895,1,4.250000,0.208300,6.565052,3.460000,3.532698,3.079032
1895,2,4.190000,0.206700,6.565052,3.471667,3.497142,3.084900
1895,3,4.190000,0.205000,6.565052,3.483333,3.511401,3.090811
1895,4,4.370000,0.203300,6.850483,3.495000,3.676446,3.096764
1895,5,4.610000,0.201700,6.945633,3.506667,3.892497,3.102761
1895,6,4.700000,0.200000,7.040774,3.518333,3.982562,3.108802
1895,7,4.720000,0.198300,6.945633,3.530000,4.013512,3.114885
1895,8,4.790000,0.196700,6.850483,3.541667,4.086972,3.121013
1895,9,4.820000,0.195000,6.850483,3.553333,4.126434,3.127185
1895,10,4.750000,0.193300,6.850483,3.565000,4.080297,3.133401
1895,11,4.590000,0.191700,6.850483,3.576667,3.956578,3.139662
1895,12,4.320000,0.190000,6.755342,3.588333,3.737487,3.145967
1896,1,4.270000,0.189200,6.660193,3.600000,3.707869,3.152317
1896,2,4.450000,0.188300,6.565052,3.583333,3.877799,3.166154
1896,3,4.380000,0.187500,6.565052,3.566667,3.830416,3.180010
1896,4,4.420000,0.186700,6.469903,3.550000,3.879003,3.193887
1896,5,4.400000,0.185800,6.374754,3.533333,3.875039,3.207783
1896,6,4.320000,0.185000,6.279613,3.516667,3.818161,3.221699
1896,7,4.040000,0.184200,6.279613,3.500000,3.584255,3.235634
1896,8,3.810000,0.183300,6.279613,3.483333,3.393752,3.249587
1896,9,4.010000,0.182500,6.279613,3.466667,3.585449,3.263560
1896,10,4.100000,0.181700,6.469903,3.450000,3.679459,3.277550
1896,11,4.380000,0.180800,6.660193,3.433333,3.944260,3.291559
1896,12,4.220000,0.180000,6.660193,3.416667,3.813685,3.305585
1897,1,4.220000,0.180000,6.469903,3.400000,3.827241,3.319629
1897,2,4.180000,0.180000,6.469903,3.395833,3.804568,3.330198
1897,3,4.190000,0.180000,6.469903,3.391667,3.827323,3.340789
1897,4,4.060000,0.180000,6.374754,3.387500,3.722277,3.351403
1897,5,4.080000,0.180000,6.279613,3.383333,3.754365,3.362039
1897,6,4.270000,0.180000,6.279613,3.379167,3.943004,3.372697
1897,7,4.460000,0.180000,6.279613,3.375000,4.132305,3.383377
1897,8,4.750000,0.180000,6.565052,3.370833,4.414895,3.394080
1897,9,4.980000,0.180000,6.755342,3.366667,4.642611,3.404805
1897,10,4.820000,0.180000,6.660193,3.362500,4.507434,3.415552
1897,11,4.650000,0.180000,6.660193,3.358333,4.362486,3.426321
1897,12,4.750000,0.180000,6.660193,3.354167,4.470375,3.437113
1898,1,4.880000,0.181700,6.660193,3.350000,4.606973,3.447928
1898,2,4.870000,0.183300,6.755342,3.329167,4.611952,3.463613
1898,3,4.650000,0.185000,6.755342,3.308333,4.418209,3.479315
1898,4,4.570000,0.186700,6.755342,3.287500,4.356980,3.495034
1898,5,4.870000,0.188300,7.231072,3.266667,4.657956,3.510770
1898,6,5.060000,0.190000,6.755342,3.245833,4.854828,3.526522
1898,7,5.080000,0.191700,6.660193,3.225000,4.889344,3.542289
1898,8,5.270000,0.193300,6.660193,3.204167,5.087717,3.558071
1898,9,5.260000,0.195000,6.660193,3.183333,5.093751,3.573868
1898,10,5.150000,0.196700,6.660193,3.162500,5.003101,3.589680
1898,11,5.320000,0.198300,6.660193,3.141667,5.184306,3.605505
1898,12,5.650000,0.200000,6.755342,3.120833,5.522130,3.621344
1899,1,6.080000,0.200800,6.755342,3.100000,5.958753,3.637196
1899,2,6.310000,0.201700,6.945633,3.104167,6.200639,3.645300
1899,3,6.400000,0.202500,6.945633,3.108333,6.305662,3.653435
1899,4,6.480000,0.203300,7.040774,3.112500,6.401175,3.661601
1899,5,6.210000,0.204200,7.040774,3.116667,6.151269,3.669798
1899,6,6.070000,0.205000,7.135923,3.120833,6.029515,3.678026
1899,7,6.280000,0.205800,7.231072,3.125000,6.255150,3.686286
1899,8,6.440000,0.206700,7.326213,3.129167,6.431673,3.694578
1899,9,6.370000,0.207500,7.611652,3.133333,6.379033,3.702901
1899,10,6.340000,0.208300,7.706793,3.137500,6.366374,3.711257
1899,11,6.460000,0.209200,7.801942,3.141667,6.504379,3.719644
1899,12,6.020000,0.210000,7.897091,3.145833,6.078976,3.728063
1900,1,6.100000,0.217500,7.897091,3.150000,6.178062,3.736515
1900,2,6.210000,0.225000,7.992232,3.145833,6.308460,3.747648
1900,3,6.260000,0.232500,7.992232,3.141667,6.378935,3.758802
1900,4,6.340000,0.240000,7.992232,3.137500,6.480835,3.769976
1900,5,6.040000,0.247500,7.801942,3.133333,6.195254,3.781170
1900,6,5.860000,0.255000,7.706793,3.129167,6.032423,3.792385
1900,7,5.860000,0.262500,7.801942,3.125000,6.054942,3.803620
1900,8,5.940000,0.270000,7.706793,3.120833,6.160852,3.814876
1900,9,5.800000,0.277500,7.801942,3.116667,6.039631,3.826151
1900,10,6.010000,0.285000,7.706793,3.112500,6.283039,3.837447
1900,11,6.480000,0.292500,7.706793,3.108333,6.799874,3.848764
1900,12,6.870000,0.300000,7.611652,3.104167,7.235360,3.860101
1901,1,7.070000,0.301700,7.706793,3.100000,7.472475,3.871457
1901,2,7.250000,0.303300,7.611652,3.106667,7.689435,3.879258
1901,3,7.510000,0.305000,7.611652,3.113333,7.992152,3.887097
1901,4,8.140000,0.306700,7.516503,3.120000,8.689798,3.894974
1901,5,7.730000,0.308300,7.516503,3.126667,8.279532,3.902890
1901,6,8.500000,0.310000,7.516503,3.133333,9.131942,3.910843
1901,7,7.930000,0.311700,7.611652,3.140000,8.547471,3.918836
1901,8,8.040000,0.313300,7.706793,3.146667,8.694177,3.926867
1901,9,8.000000,0.315000,7.801942,3.153333,8.679308,3.934937
1901,10,7.910000,0.316700,7.801942,3.160000,8.610299,3.943047
1901,11,8.080000,0.318300,7.897091,3.166667,8.824223,3.951195
1901,12,7.950000,0.320000,7.992232,3.173333,8.711372,3.959384
1902,1,8.120000,0.320800,7.897091,3.180000,8.926946,3.967611
1902,2,8.190000,0.321700,7.897091,3.190000,9.033375,3.974756
1902,3,8.200000,0.322500,7.897091,3.200000,9.074048,3.981949
1902,4,8.480000,0.323300,7.992232,3.210000,9.413707,3.989189
1902,5,8.460000,0.324200,8.087381,3.220000,9.421496,3.996478
1902,6,8.410000,0.325000,8.182514,3.230000,9.395975,4.003815
1902,7,8.600000,0.325800,8.182514,3.240000,9.638583,4.011200
1902,8,8.830000,0.326700,8.087381,3.250000,9.926872,4.018633
1902,9,8.850000,0.327500,8.182514,3.260000,9.980038,4.026116
1902,10,8.570000,0.328300,8.753425,3.270000,9.695137,4.033648
1902,11,8.240000,0.329200,8.467929,3.280000,9.352847,4.041229
1902,12,8.050000,0.330000,8.563094,3.290000,9.168401,4.048859
1903,1,8.460000,0.331700,8.658260,3.300000,9.666845,4.056539
1903,2,8.410000,0.333300,8.658260,3.308333,9.641449,4.064840
1903,3,8.080000,0.335000,8.372845,3.316667,9.295133,4.073187
1903,4,7.750000,0.336700,8.372845,3.325000,8.947783,4.081581
1903,5,7.600000,0.338300,8.182514,3.333333,8.807149,4.090022
1903,6,7.180000,0.340000,8.182514,3.341667,8.353272,4.098509
1903,7,6.850000,0.341700,8.182514,3.350000,8.002475,4.107044
1903,8,6.630000,0.343300,8.182514,3.358333,7.778883,4.115626
1903,9,6.470000,0.345000,8.277679,3.366667,7.624889,4.124256
1903,10,6.260000,0.346700,8.182514,3.375000,7.411453,4.132934
1903,11,6.280000,0.348300,8.087381,3.383333,7.469495,4.141660
1903,12,6.570000,0.350000,8.087381,3.391667,7.849116,4.150434
1904,1,6.680000,0.346700,8.277679,3.400000,8.015048,4.159257
1904,2,6.500000,0.343300,8.467929,3.406667,7.833400,4.168711
1904,3,6.480000,0.340000,8.372845,3.413333,7.843442,4.178210
1904,4,6.640000,0.336700,8.277679,3.420000,8.071070,4.187755
1904,5,6.500000,0.333300,8.087381,3.426667,7.934658,4.197345
1904,6,6.510000,0.330000,8.087381,3.433333,7.980435,4.206982
1904,7,6.780000,0.326700,8.087381,3.440000,8.344795,4.216665
1904,8,7.010000,0.323300,8.182514,3.446667,8.661037,4.226394
1904,9,7.320000,0.320000,8.277679,3.453333,9.076998,4.236171
1904,10,7.750000,0.316700,8.277679,3.460000,9.642936,4.245993
1904,11,8.170000,0.313300,8.467929,3.466667,10.198006,4.255864
1904,12,8.250000,0.310000,8.467929,3.473333,10.330110,4.265781
1905,1,8.430000,0.311700,8.467929,3.480000,10.588018,4.275746
1905,2,8.800000,0.313300,8.467929,3.475833,11.085528,4.289638
1905,3,9.050000,0.315000,8.372845,3.471667,11.433525,4.303561
1905,4,8.940000,0.316700,8.372845,3.467500,11.327896,4.317514
1905,5,8.500000,0.318300,8.277679,3.463333,10.803981,4.331498
1905,6,8.600000,0.320000,8.277679,3.459167,10.964982,4.345513
1905,7,8.870000,0.321700,8.277679,3.455000,11.343412,4.359558
1905,8,9.200000,0.323300,8.372845,3.450833,11.799887,4.373633
1905,9,9.230000,0.325000,8.277679,3.446667,11.873102,4.387739
1905,10,9.360000,0.326700,8.277679,3.442500,12.075350,4.401876
1905,11,9.310000,0.328300,8.372845,3.438333,12.046140,4.416043
1905,12,9.540000,0.330000,8.467929,3.434167,12.379317,4.430241
1906,1,9.870000,0.335800,8.467929,3.430000,12.843844,4.444469
1906,2,9.800000,0.341700,8.467929,3.450000,12.789808,4.449717
1906,3,9.560000,0.347500,8.467929,3.470000,12.514381,4.455052
1906,4,9.430000,0.353300,8.467929,3.490000,12.382747,4.460474
1906,5,9.180000,0.359200,8.563094,3.510000,12.093772,4.465985
1906,6,9.300000,0.365000,8.563094,3.530000,12.291932,4.471584
1906,7,9.060000,0.370800,8.277679,3.550000,12.015561,4.477271
1906,8,9.730000,0.376700,8.467929,3.570000,12.945762,4.483047
1906,9,10.030000,0.382500,8.563094,3.590000,13.387321,4.488913
1906,10,9.730000,0.388300,8.753425,3.610000,13.030093,4.494868
1906,11,9.930000,0.394200,8.848509,3.630000,13.341918,4.500913
1906,12,9.840000,0.400000,8.943674,3.650000,13.265780,4.507048
1907,1,9.560000,0.403300,8.848509,3.670000,12.933608,4.513273
1907,2,9.260000,0.406700,9.038840,3.686667,12.573593,4.520836
1907,3,8.350000,0.410000,8.943674,3.703333,11.384352,4.528480
1907,4,8.390000,0.413300,8.943674,3.720000,11.485845,4.536204
1907,5,8.100000,0.416700,9.134005,3.736667,11.136376,4.544009
1907,6,7.840000,0.420000,9.229089,3.753333,10.827032,4.551896
1907,7,8.140000,0.423300,9.229089,3.770000,11.290047,4.559864
1907,8,7.530000,0.426700,9.229089,3.786667,10.493305,4.567915
1907,9,7.450000,0.430000,9.229089,3.803333,10.431758,4.576048
1907,10,6.640000,0.433300,9.324255,3.820000,9.348127,4.584264
1907,11,6.250000,0.436700,8.943674,3.836667,8.850299,4.592564
1907,12,6.570000,0.440000,8.753425,3.853333,9.355356,4.600947
1908,1,6.850000,0.436700,8.658260,3.870000,9.805882,4.609414
1908,2,6.600000,0.433300,8.563094,3.860833,9.499693,4.627756
1908,3,6.870000,0.430000,8.563094,3.851667,9.939894,4.646137
1908,4,7.240000,0.426700,8.658260,3.842500,10.526678,4.664557
1908,5,7.630000,0.423300,8.658260,3.833333,11.145011,4.683016
1908,6,7.640000,0.420000,8.658260,3.824167,11.210742,4.701514
1908,7,7.920000,0.416700,8.753425,3.815000,11.672561,4.720051
1908,8,8.260000,0.413300,8.753425,3.805833,12.224416,4.738626
1908,9,8.170000,0.410000,8.753425,3.796667,12.141786,4.757239
1908,10,8.270000,0.406700,8.848509,3.787500,12.340768,4.775891
1908,11,8.830000,0.403300,8.943674,3.778333,13.226570,4.794581
1908,12,9.030000,0.400000,9.038840,3.769167,13.576083,4.813309
1909,1,9.060000,0.403300,8.943674,3.760000,13.671714,4.832075
1909,2,8.800000,0.406700,9.038840,3.772500,13.330512,4.842226
1909,3,8.920000,0.410000,9.038840,3.785000,13.564049,4.852450
1909,4,9.320000,0.413300,9.229089,3.797500,14.224675,4.862750
1909,5,9.630000,0.416700,9.324255,3.810000,14.750813,4.873125
1909,6,9.800000,0.420000,9.419420,3.822500,15.064823,4.883576
1909,7,9.940000,0.423300,9.419420,3.835000,15.334260,4.894104
1909,8,10.180000,0.426700,9.514585,3.847500,15.759359,4.904708
1909,9,10.190000,0.430000,9.609669,3.860000,15.830312,4.915388
1909,10,10.230000,0.433300,9.800000,3.872500,15.948548,4.926147
1909,11,10.180000,0.436700,9.895165,3.885000,15.927332,4.936983
1909,12,10.300000,0.440000,9.990331,3.897500,16.172448,4.947897
1910,1,10.080000,0.442500,9.895165,3.910000,15.884916,4.958890
1910,2,9.720000,0.445000,9.895165,3.915833,15.376037,4.972674
1910,3,9.960000,0.447500,10.085415,3.921667,15.814684,4.986521
1910,4,9.720000,0.450000,10.180580,3.927500,15.493150,5.000431
1910,5,9.560000,0.452500,9.990331,3.933333,15.298224,5.014405
1910,6,9.100000,0.455000,9.895165,3.939167,14.622793,5.028443
1910,7,8.640000,0.457500,9.895165,3.945000,13.944881,5.042546
1910,8,8.850000,0.460000,9.800000,3.950833,14.345689,5.056713
1910,9,8.910000,0.462500,9.704835,3.956667,14.505423,5.070945
1910,10,9.320000,0.465000,9.419420,3.962500,15.235986,5.085243
1910,11,9.310000,0.467500,9.229089,3.968333,15.283326,5.099606
1910,12,9.050000,0.470000,9.229089,3.974167,14.920805,5.114035
1911,1,9.270000,0.470000,9.229089,3.980000,15.348095,5.128531
1911,2,9.430000,0.470000,8.943674,3.982500,15.677850,5.144492
1911,3,9.320000,0.470000,9.038840,3.985000,15.560086,5.160513
1911,4,9.280000,0.470000,8.753425,3.987500,15.558695,5.176595
1911,5,9.480000,0.470000,8.753425,3.990000,15.959678,5.192738
1911,6,9.670000,0.470000,8.753425,3.992500,16.345482,5.208942
1911,7,9.630000,0.470000,8.848509,3.995000,16.344073,5.225208
1911,8,9.170000,0.470000,9.134005,3.997500,15.629833,5.241535
1911,9,8.670000,0.470000,9.229089,4.000000,14.844365,5.257925
1911,10,8.720000,0.470000,9.229089,4.002500,14.997032,5.274377
1911,11,9.070000,0.470000,9.134005,4.005000,15.666337,5.290891
1911,12,9.110000,0.470000,9.038840,4.007500,15.803080,5.307469
1912,1,9.120000,0.470800,9.134005,4.010000,15.888484,5.324109
1912,2,9.040000,0.471700,9.229089,4.046667,15.817593,5.325976
1912,3,9.300000,0.472500,9.419420,4.083333,16.341420,5.328034
1912,4,9.590000,0.473300,9.704835,4.120000,16.920295,5.330282
1912,5,9.580000,0.474200,9.704835,4.156667,16.972374,5.332722
1912,6,9.580000,0.475000,9.609669,4.193333,17.042501,5.335352
1912,7,9.590000,0.475800,9.609669,4.230000,17.130827,5.338173
1912,8,9.810000,0.476700,9.704835,4.266667,17.594779,5.341186
1912,9,9.860000,0.477500,9.800000,4.303333,17.755826,5.344391
1912,10,9.840000,0.478300,9.800000,4.340000,17.791587,5.347788
1912,11,9.730000,0.479200,9.800000,4.376667,17.664900,5.351377
1912,12,9.380000,0.480000,9.704835,4.413333,17.102092,5.355159
1913,1,9.300000,0.480000,9.800000,4.450000,17.029162,5.359134
1913,2,8.970000,0.480000,9.800000,4.425833,16.498145,5.389387
1913,3,8.800000,0.480000,9.800000,4.401667,16.259042,5.419715
1913,4,8.790000,0.480000,9.800000,4.377500,16.314470,5.450116
1913,5,8.550000,0.480000,9.700000,4.353333,15.943265,5.480590
1913,6,8.120000,0.480000,9.800000,4.329167,15.216028,5.511136
1913,7,8.230000,0.480000,9.900000,4.305000,15.497113,5.541753
1913,8,8.450000,0.480000,9.900000,4.280833,15.986693,5.572440
1913,9,8.530000,0.480000,10.000000,4.256667,16.213723,5.603197
1913,10,8.260000,0.480000,10.000000,4.232500,15.776542,5.634024
1913,11,8.050000,0.480000,10.100000,4.208333,15.451843,5.664919
1913,12,8.040000,0.480000,10.000000,4.184167,15.509428,5.695882
1914,1,8.370000,0.475000,10.000000,4.160000,16.222366,5.726912
1914,2,8.480000,0.470000,9.900000,4.166667,16.511475,5.743668
1914,3,8.320000,0.465000,9.900000,4.173333,16.275388,5.760506
1914,4,8.120000,0.460000,9.800000,4.180000,15.959139,5.777426
1914,5,8.170000,0.455000,9.900000,4.186667,16.131932,5.794430
1914,6,8.130000,0.450000,9.900000,4.193333,16.126995,5.811516
1914,7,7.680000,0.445000,10.000000,4.200000,15.307917,5.828686
1914,8,7.680000,0.440000,10.200000,4.206667,15.381002,5.845940
1914,9,7.680000,0.435000,10.200000,4.213333,15.453601,5.863279
1914,10,7.680000,0.430000,10.100000,4.220000,15.525704,5.880703
1914,11,7.680000,0.425000,10.200000,4.226667,15.597302,5.898212
1914,12,7.350000,0.420000,10.100000,4.233333,14.998187,5.915807
1915,1,7.480000,0.420800,10.100000,4.240000,15.335017,5.933488
1915,2,7.380000,0.421700,10.000000,4.224167,15.202048,5.962054
1915,3,7.570000,0.422500,9.900000,4.208333,15.665955,5.990684
1915,4,8.140000,0.423300,10.000000,4.192500,16.918558,6.019378
1915,5,7.950000,0.424200,10.100000,4.176667,16.597127,6.048135
1915,6,8.040000,0.425000,10.100000,4.160833,16.858958,6.076956
1915,7,8.010000,0.425800,10.100000,4.145000,16.870455,6.105840
1915,8,8.350000,0.426700,10.100000,4.129167,17.661447,6.134787
1915,9,8.660000,0.427500,10.100000,4.113333,18.392493,6.163795
1915,10,9.140000,0.428300,10.200000,4.097500,19.487742,6.192866
1915,11,9.460000,0.429200,10.300000,4.081667,20.246286,6.221997
1915,12,9.480000,0.430000,10.300000,4.065833,20.365780,6.251189
1916,1,9.330000,0.440800,10.400000,4.050000,20.122451,6.280442
1916,2,9.200000,0.451700,10.400000,4.065000,19.923257,6.293961
1916,3,9.170000,0.462500,10.500000,4.080000,19.941755,6.307592
1916,4,9.070000,0.473300,10.600000,4.095000,19.810060,6.321337
1916,5,9.270000,0.484200,10.700000,4.110000,20.335016,6.335197
1916,6,9.360000,0.495000,10.800000,4.125000,20.622931,6.349172
1916,7,9.230000,0.505800,10.800000,4.140000,20.429370,6.363262
1916,8,9.300000,0.516700,10.900000,4.155000,20.679610,6.377468
1916,9,9.680000,0.527500,11.100000,4.170000,21.622329,6.391791
1916,10,9.980000,0.538300,11.300000,4.185000,22.392644,6.406232
1916,11,10.210000,0.549200,11.500000,4.200000,23.011395,6.420791
1916,12,9.800000,0.560000,11.600000,4.215000,22.192511,6.435469
1917,1,9.570000,0.570800,11.700000,4.230000,21.779383,6.450266
1917,2,9.030000,0.581700,12.000000,4.258333,20.660772,6.458241
1917,3,9.310000,0.592500,12.000000,4.286667,21.414387,6.466398
1917,4,9.170000,0.603300,12.600000,4.315000,21.208006,6.474737
1917,5,8.860000,0.614200,12.800000,4.343333,20.609425,6.483259
1917,6,9.040000,0.625000,13.000000,4.371667,21.149279,6.491965
1917,7,8.790000,0.635800,12.800000,4.400000,20.688354,6.500855
1917,8,8.530000,0.646700,13.000000,4.428333,20.203253,6.509931
1917,9,8.120000,0.657500,13.300000,4.456667,19.361944,6.519192
1917,10,7.680000,0.668300,13.500000,4.485000,18.445570,6.528639
1917,11,7.040000,0.679200,13.500000,4.513333,17.044379,6.538274
1917,12,6.800000,0.690000,13.700000,4.541667,16.602533,6.548096
1918,1,7.210000,0.680000,14.000000,4.570000,17.741922,6.558107
1918,2,7.430000,0.670000,14.100000,4.564167,18.420676,6.586129
1918,3,7.280000,0.660000,14.000000,4.558333,18.185149,6.614240
1918,4,7.210000,0.650000,14.200000,4.552500,18.145598,6.642439
1918,5,7.440000,0.640000,14.500000,4.546667,18.858670,6.670728
1918,6,7.450000,0.630000,14.700000,4.540833,19.017093,6.699105
1918,7,7.510000,0.620000,15.100000,4.535000,19.302137,6.727570
1918,8,7.580000,0.610000,15.400000,4.529167,19.612702,6.756126
1918,9,7.540000,0.600000,15.700000,4.523333,19.638576,6.784770
1918,10,7.860000,0.590000,16.000000,4.517500,20.600102,6.813503
1918,11,8.060000,0.580000,16.300000,4.511667,21.250954,6.842326
1918,12,7.900000,0.570000,16.500000,4.505833,20.954337,6.871239
1919,1,7.850000,0.566700,16.500000,4.500000,20.946976,6.900241
1919,2,7.880000,0.563300,16.200000,4.539167,21.152288,6.904569
1919,3,8.120000,0.560000,16.400000,4.578333,21.921787,6.909163
1919,4,8.390000,0.556700,16.700000,4.617500,22.775958,6.914025
1919,5,8.970000,0.553300,16.900000,4.656667,24.475627,6.919155
1919,6,9.210000,0.550000,16.900000,4.695833,25.255554,6.924553
1919,7,9.510000,0.546700,17.400000,4.735000,26.203140,6.930220
1919,8,8.870000,0.543300,17.700000,4.774167,24.564480,6.936157
1919,9,9.010000,0.540000,17.800000,4.813333,25.076817,6.942363
1919,10,9.470000,0.536700,18.100000,4.852500,26.481578,6.948840
1919,11,9.190000,0.533300,18.500000,4.891667,25.822871,6.955589
1919,12,8.920000,0.530000,18.900000,4.930833,25.188304,6.962609
1920,1,8.830000,0.528300,19.300000,4.970000,25.058480,6.969901
1920,2,8.100000,0.526700,19.500000,4.980000,23.111387,6.993322
1920,3,8.670000,0.525000,19.700000,4.990000,24.862574,7.016883
1920,4,8.600000,0.523300,20.300000,5.000000,24.786892,7.040584
1920,5,8.060000,0.521700,20.600000,5.010000,23.355809,7.064426
1920,6,7.920000,0.520000,20.900000,5.020000,23.075694,7.088411
1920,7,7.910000,0.518300,20.800000,5.030000,23.172401,7.112538
1920,8,7.600000,0.516700,20.300000,5.040000,22.390393,7.136810
1920,9,7.870000,0.515000,20.000000,5.050000,23.312279,7.161226
1920,10,7.880000,0.513300,19.900000,5.060000,23.468607,7.185788
1920,11,7.480000,0.511700,19.800000,5.070000,22.404305,7.210496
1920,12,6.810000,0.510000,19.400000,5.080000,20.524799,7.235353
1921,1,7.110000,0.505800,19.000000,5.090000,21.556012,7.260357
1921,2,7.060000,0.501700,18.400000,5.024167,21.531177,7.328424
1921,3,6.880000,0.497500,18.300000,4.958333,21.108660,7.396840
1921,4,6.910000,0.493300,18.100000,4.892500,21.326829,7.465603
1921,5,7.120000,0.489200,17.700000,4.826667,22.100788,7.534713
1921,6,6.550000,0.485000,17.600000,4.760833,20.456939,7.604168
1921,7,6.530000,0.480800,17.700000,4.695000,20.519611,7.673965
1921,8,6.450000,0.476700,17.700000,4.629167,20.393052,7.744104
1921,9,6.610000,0.472500,17.500000,4.563333,21.023419,7.814581
1921,10,6.700000,0.468300,17.500000,4.497500,21.433789,7.885396
1921,11,7.060000,0.464200,17.400000,4.431667,22.709206,7.956546
1921,12,7.310000,0.460000,17.300000,4.365833,23.636660,8.028030
1922,1,7.300000,0.464200,16.900000,4.300000,23.729406,8.099845
1922,2,7.460000,0.468300,16.900000,4.305000,24.376358,8.125605
1922,3,7.740000,0.472500,16.700000,4.310000,25.419950,8.151482
1922,4,8.210000,0.476700,16.700000,4.315000,27.094005,8.177476
1922,5,8.530000,0.480800,16.700000,4.320000,28.282269,8.203588
1922,6,8.450000,0.485000,16.700000,4.325000,28.151026,8.229818
1922,7,8.510000,0.489200,16.800000,4.330000,28.486728,8.256166
1922,8,8.830000,0.493300,16.600000,4.335000,29.695517,8.282635
1922,9,9.060000,0.497500,16.600000,4.340000,30.608438,8.309223
1922,10,9.260000,0.501700,16.700000,4.345000,31.425367,8.335933
1922,11,8.800000,0.505800,16.800000,4.350000,30.007323,8.362763
1922,12,8.780000,0.510000,16.900000,4.355000,30.084046,8.389716
1923,1,8.900000,0.511700,16.800000,4.360000,30.641326,8.416791
1923,2,9.280000,0.513300,16.800000,4.335000,32.096875,8.464308
1923,3,9.430000,0.515000,16.800000,4.310000,32.764119,8.511937
1923,4,9.100000,0.516700,16.900000,4.285000,31.767153,8.559677
1923,5,8.670000,0.518300,16.900000,4.260000,30.416845,8.607525
1923,6,8.340000,0.520000,17.000000,4.235000,29.411137,8.655483
1923,7,8.060000,0.521700,17.200000,4.210000,28.577028,8.703547
1923,8,8.100000,0.523300,17.100000,4.185000,28.873464,8.751717
1923,9,8.150000,0.525000,17.200000,4.160000,29.207648,8.799992
1923,10,8.030000,0.526700,17.300000,4.135000,28.934894,8.848371
1923,11,8.270000,0.528300,17.300000,4.110000,29.958335,8.896853
1923,12,8.550000,0.530000,17.300000,4.085000,31.132639,8.945436
1924,1,8.830000,0.531700,17.300000,4.060000,32.313525,8.994118
1924,2,8.870000,0.533300,17.200000,4.043333,32.622540,9.036778
1924,3,8.700000,0.535000,17.100000,4.026667,32.161276,9.079524
1924,4,8.500000,0.536700,17.000000,4.010000,31.587272,9.122356
1924,5,8.470000,0.538300,17.000000,3.993333,31.642487,9.165273
1924,6,8.630000,0.540000,17.000000,3.976667,32.408333,9.208274
1924,7,9.030000,0.541700,17.100000,3.960000,34.079978,9.251359
1924,8,9.340000,0.543300,17.000000,3.943333,35.420816,9.294527
1924,9,9.250000,0.545000,17.100000,3.926667,35.251739,9.337777
1924,10,9.130000,0.546700,17.200000,3.910000,34.968042,9.381108
1924,11,9.640000,0.548300,17.200000,3.893333,37.096349,9.424520
1924,12,10.160000,0.550000,17.300000,3.876667,39.273772,9.468013
1925,1,10.580000,0.554200,17.300000,3.860000,41.075817,9.511584
1925,2,10.670000,0.558300,17.200000,3.845000,41.605862,9.553928
1925,3,10.390000,0.562500,17.300000,3.830000,40.696830,9.596349
1925,4,10.280000,0.566700,17.200000,3.815000,40.450945,9.638847
1925,5,10.610000,0.570800,17.300000,3.800000,41.936639,9.681421
1925,6,10.800000,0.575000,17.500000,3.785000,42.877018,9.724070
1925,7,11.100000,0.579200,17.700000,3.770000,44.259670,9.766794
1925,8,11.250000,0.583300,17.700000,3.755000,45.051592,9.809592
1925,9,11.510000,0.587500,17.700000,3.740000,46.288842,9.852464
1925,10,11.890000,0.591700,17.700000,3.725000,48.015357,9.895409
1925,11,12.260000,0.595800,18.000000,3.710000,49.710029,9.938425
1925,12,12.460000,0.600000,17.900000,3.695000,50.723692,9.981513
1926,1,12.650000,0.607500,17.900000,3.680000,51.703257,10.024672
1926,2,12.670000,0.615000,17.900000,3.651667,51.994471,10.079015
1926,3,11.810000,0.622500,17.800000,3.623333,48.678131,10.133446
1926,4,11.480000,0.630000,17.900000,3.595000,47.534339,10.187964
1926,5,11.560000,0.637500,17.800000,3.566667,48.085559,10.242566
1926,6,12.110000,0.645000,17.700000,3.538333,50.596948,10.297251
1926,7,12.620000,0.652500,17.500000,3.510000,52.954971,10.352018
1926,8,13.120000,0.660000,17.400000,3.481667,55.283815,10.406864
1926,9,13.320000,0.667500,17.500000,3.453333,56.360943,10.461788
1926,10,13.020000,0.675000,17.600000,3.425000,55.329563,10.516788
1926,11,13.190000,0.682500,17.700000,3.396667,56.293687,10.571862
1926,12,13.490000,0.690000,17.700000,3.368333,57.819464,10.627009
1927,1,13.400000,0.696700,17.500000,3.340000,57.682559,10.682226
1927,2,13.660000,0.703300,17.400000,3.339167,59.054062,10.712709
1927,3,13.870000,0.710000,17.300000,3.338333,60.217707,10.743271
1927,4,14.210000,0.716700,17.300000,3.337500,61.953145,10.773913
1927,5,14.700000,0.723300,17.400000,3.336667,64.352248,10.804635
1927,6,14.890000,0.730000,17.600000,3.335833,65.450323,10.835437
1927,7,15.220000,0.736700,17.300000,3.335000,67.170720,10.866320
1927,8,16.030000,0.743300,17.200000,3.334167,71.018876,10.897283
1927,9,16.940000,0.750000,17.300000,3.333333,75.327414,10.928327
1927,10,16.680000,0.756700,17.400000,3.332500,74.451670,10.959451
1927,11,17.060000,0.763300,17.300000,3.331667,76.431729,10.990657
1927,12,17.460000,0.770000,17.300000,3.330833,78.511275,11.021944
1928,1,17.530000,0.776700,17.300000,3.330000,79.117084,11.053312
1928,2,17.320000,0.783300,17.100000,3.352500,78.463906,11.063028
1928,3,18.250000,0.790000,17.100000,3.375000,82.975278,11.072982
1928,4,19.400000,0.796700,17.100000,3.397500,88.505713,11.083174
1928,5,20.000000,0.803300,17.200000,3.420000,91.548401,11.093606
1928,6,19.020000,0.810000,17.100000,3.442500,87.371506,11.104278
1928,7,19.160000,0.816700,17.100000,3.465000,88.327256,11.115191
1928,8,19.780000,0.823300,17.100000,3.487500,91.501728,11.126345
1928,9,21.170000,0.830000,17.300000,3.510000,98.251792,11.137741
1928,10,21.600000,0.836700,17.200000,3.532500,100.571059,11.149379
1928,11,23.060000,0.843300,17.200000,3.555000,107.696123,11.161261
1928,12,23.150000,0.850000,17.100000,3.577500,108.447256,11.173387
1929,1,24.860000,0.860000,17.100000,3.600000,116.793556,11.185758
1929,2,24.990000,0.870000,17.100000,3.574167,117.744912,11.243413
1929,3,25.430000,0.880000,17.000000,3.548333,120.163575,11.301153
1929,4,25.280000,0.890000,16.900000,3.522500,119.805242,11.358975
1929,5,25.660000,0.900000,17.000000,3.496667,121.961547,11.416879
1929,6,26.150000,0.910000,17.100000,3.470833,124.650943,11.474862
1929,7,28.480000,0.920000,17.300000,3.445000,136.122961,11.532923
1929,8,30.100000,0.930000,17.300000,3.419167,144.236329,11.591059
1929,9,31.300000,0.940000,17.300000,3.393333,150.361980,11.649270
1929,10,27.990000,0.950000,17.300000,3.367500,134.841389,11.707553
1929,11,20.580000,0.960000,17.300000,3.341667,99.529228,11.765907
1929,12,21.400000,0.970000,17.200000,3.315833,103.885849,11.824329
1930,1,21.710000,0.970800,17.100000,3.290000,105.783465,11.882819
1930,2,23.070000,0.971700,17.000000,3.294167,112.804714,11.911214
1930,3,23.940000,0.972500,16.900000,3.298333,117.454995,11.939719
1930,4,25.460000,0.973300,17.000000,3.302500,125.310391,11.968334
1930,5,23.940000,0.974200,16.900000,3.306667,118.228746,11.997061
1930,6,21.520000,0.975000,16.800000,3.310833,106.678726,12.025899
1930,7,21.060000,0.975800,16.600000,3.315000,104.801521,12.054849
1930,8,20.790000,0.976700,16.500000,3.319167,103.862943,12.083911
1930,9,20.780000,0.977500,16.600000,3.323333,104.219936,12.113086
1930,10,17.920000,0.978300,16.500000,3.327500,90.284782,12.142374
1930,11,16.620000,0.979200,16.400000,3.331667,84.146223,12.171777
1930,12,15.510000,0.980000,16.100000,3.335833,78.939823,12.201293
1931,1,15.980000,0.966700,15.900000,3.340000,81.741950,12.230924
1931,2,17.200000,0.953300,15.700000,3.368333,88.388939,12.235787
1931,3,17.530000,0.940000,15.600000,3.396667,90.487320,12.240979
1931,4,15.860000,0.926700,15.500000,3.425000,82.265646,12.246501
1931,5,14.330000,0.913300,15.300000,3.453333,74.724326,12.252353
1931,6,13.870000,0.900000,15.100000,3.481667,72.716729,12.258536
1931,7,14.330000,0.886700,15.100000,3.510000,75.515782,12.265051
1931,8,13.900000,0.873300,15.100000,3.538333,73.633289,12.271897
1931,9,11.830000,0.860000,15.000000,3.566667,63.047400,12.279076
1931,10,10.250000,0.846700,14.900000,3.595000,55.002905,12.286587
1931,11,10.390000,0.833300,14.700000,3.623333,56.126798,12.294432
1931,12,8.440000,0.820000,14.600000,3.651667,45.962031,12.302610
1932,1,8.300000,0.793300,14.300000,3.680000,45.559636,12.311123
1932,2,8.230000,0.766700,14.100000,3.649167,45.526107,12.380421
1932,3,8.260000,0.740000,14.000000,3.618333,46.033182,12.449838
1932,4,6.280000,0.713300,13.900000,3.587500,35.329863,12.519370
1932,5,5.510000,0.686700,13.700000,3.556667,31.319952,12.589015
1932,6,4.770000,0.660000,13.600000,3.525833,27.426274,12.658771
1932,7,5.010000,0.633300,13.600000,3.495000,29.109655,12.728636
1932,8,7.530000,0.606700,13.500000,3.464167,44.045397,12.798607
1932,9,8.260000,0.580000,13.400000,3.433333,48.598119,12.868681
1932,10,7.120000,0.553300,13.300000,3.402500,42.162153,12.938858
1932,11,7.050000,0.526700,13.200000,3.371667,42.007549,13.009133
1932,12,6.820000,0.500000,13.100000,3.340833,40.885361,13.079504
1933,1,7.090000,0.495000,12.900000,3.310000,42.751280,13.149970
1933,2,6.250000,0.490000,12.700000,3.294167,37.932465,13.203836
1933,3,6.230000,0.485000,12.600000,3.278333,38.056378,13.257761
1933,4,6.890000,0.480000,12.600000,3.262500,42.332376,13.311745
1933,5,8.870000,0.475000,12.600000,3.246667,54.740759,13.365786
1933,6,10.390000,0.470000,12.700000,3.230833,64.363078,13.419884
1933,7,11.230000,0.465000,13.100000,3.215000,69.806683,13.474037
1933,8,10.670000,0.460000,13.200000,3.199167,66.563956,13.528244
1933,9,10.580000,0.455000,13.200000,3.183333,66.239038,13.582504
1933,10,9.550000,0.450000,13.200000,3.167500,60.025215,13.636817
1933,11,9.780000,0.445000,13.200000,3.151667,61.703931,13.691181
1933,12,9.970000,0.440000,13.200000,3.135833,63.134015,13.745594
1934,1,10.540000,0.440800,13.200000,3.120000,66.976093,13.800057
1934,2,11.320000,0.441700,13.300000,3.092500,72.166475,13.868312
1934,3,10.740000,0.442500,13.300000,3.065000,68.703982,13.936629
1934,4,10.920000,0.443300,13.300000,3.037500,70.091762,14.005006
1934,5,9.810000,0.444200,13.300000,3.010000,63.204648,14.073441
1934,6,9.940000,0.445000,13.400000,2.982500,64.281145,14.141930
1934,7,9.470000,0.445800,13.400000,2.955000,61.481941,14.210473
1934,8,9.100000,0.446700,13.400000,2.927500,59.321471,14.279066
1934,9,8.880000,0.447500,13.600000,2.900000,58.130424,14.347707
1934,10,8.950000,0.448300,13.500000,2.872500,58.833215,14.416393
1934,11,9.200000,0.449200,13.500000,2.845000,60.722670,14.485123
1934,12,9.260000,0.450000,13.400000,2.817500,61.366199,14.553893
1935,1,9.260000,0.450000,13.600000,2.790000,61.614712,14.622702
1935,2,8.980000,0.450000,13.700000,2.778333,60.001152,14.671472
1935,3,8.410000,0.450000,13.700000,2.766667,56.443177,14.720271
1935,4,9.040000,0.446667,13.800000,2.755000,60.921196,14.769096
1935,5,9.750000,0.443333,13.800000,2.743333,65.954907,14.817949
1935,6,10.120000,0.440000,13.700000,2.731667,68.705847,14.866827
1935,7,10.650000,0.440000,13.700000,2.720000,72.553012,14.915731
1935,8,11.370000,0.440000,13.700000,2.708333,77.707796,14.964658
1935,9,11.610000,0.440000,13.700000,2.696667,79.598663,15.013609
1935,10,11.920000,0.450000,13.700000,2.685000,81.981138,15.062583
1935,11,13.040000,0.460000,13.800000,2.673333,89.947706,15.111579
1935,12,13.040000,0.470000,13.800000,2.661667,90.217871,15.160595
1936,1,13.760000,0.480000,13.800000,2.650000,95.475967,15.209632
1936,2,14.550000,0.490000,13.800000,2.652500,101.240838,15.239908
1936,3,14.860000,0.500000,13.700000,2.655000,103.687781,15.270276
1936,4,14.880000,0.516667,13.700000,2.657500,104.127761,15.300736
1936,5,14.090000,0.533333,13.700000,2.660000,98.910487,15.331290
1936,6,14.690000,0.550000,13.800000,2.662500,103.444177,15.361937
1936,7,15.560000,0.570000,13.900000,2.665000,109.905037,15.392678
1936,8,15.870000,0.590000,14.000000,2.667500,112.441941,15.423513
1936,9,16.050000,0.610000,14.000000,2.670000,114.077438,15.454442
1936,10,16.890000,0.646667,14.000000,2.672500,120.430869,15.485465
1936,11,17.360000,0.683333,14.000000,2.675000,124.188144,15.516584
1936,12,17.060000,0.720000,14.000000,2.677500,122.471257,15.547798
1937,1,17.590000,0.730000,14.100000,2.680000,126.712763,15.579107
1937,2,18.110000,0.740000,14.100000,2.670000,130.902905,15.627461
1937,3,18.090000,0.750000,14.200000,2.660000,131.210104,15.675840
1937,4,17.010000,0.780000,14.300000,2.650000,123.848122,15.724246
1937,5,16.250000,0.810000,14.400000,2.640000,118.806098,15.772676
1937,6,15.640000,0.840000,14.400000,2.630000,114.858080,15.821131
1937,7,16.570000,0.816667,14.500000,2.620000,122.187668,15.869609
1937,8,16.740000,0.793333,14.500000,2.610000,123.928758,15.918110
1937,9,14.370000,0.770000,14.600000,2.600000,106.858324,15.966633
1937,10,12.280000,0.780000,14.600000,2.590000,91.800001,16.015178
1937,11,11.200000,0.790000,14.500000,2.580000,84.218527,16.063744
1937,12,11.020000,0.800000,14.400000,2.570000,83.366315,16.112330
1938,1,11.310000,0.793333,14.200000,2.560000,86.060296,16.160935
1938,2,11.040000,0.786667,14.100000,2.543333,84.504633,16.218998
1938,3,10.310000,0.780000,14.100000,2.526667,79.414454,16.277063
1938,4,9.890000,0.766667,14.200000,2.510000,76.671450,16.335129
1938,5,9.980000,0.753333,14.100000,2.493333,77.855848,16.393194
1938,6,10.210000,0.740000,14.100000,2.476667,80.131194,16.451257
1938,7,12.240000,0.713333,14.100000,2.460000,96.529791,16.509317
1938,8,12.310000,0.686667,14.100000,2.443333,97.533119,16.567371
1938,9,11.750000,0.660000,14.100000,2.426667,93.531964,16.625419
1938,10,13.060000,0.610000,14.000000,2.410000,104.364425,16.683459
1938,11,13.070000,0.560000,14.000000,2.393333,104.817256,16.741489
1938,12,12.690000,0.510000,14.000000,2.376667,102.110613,16.799509
1939,1,12.500000,0.513333,14.000000,2.360000,100.925983,16.857515
1939,2,12.400000,0.516667,13.900000,2.347500,100.466210,16.909295
1939,3,12.390000,0.520000,13.900000,2.335000,100.736280,16.961068
1939,4,10.830000,0.523333,13.800000,2.322500,88.407355,17.012834
1939,5,11.230000,0.526667,13.800000,2.310000,92.030905,17.064593
1939,6,11.430000,0.530000,13.800000,2.297500,94.031874,17.116342
1939,7,11.710000,0.540000,13.800000,2.285000,96.705571,17.168082
1939,8,11.540000,0.550000,13.800000,2.272500,95.680156,17.219811
1939,9,12.770000,0.560000,14.100000,2.260000,106.265223,17.271527
1939,10,12.900000,0.580000,14.000000,2.247500,107.749219,17.323231
1939,11,12.670000,0.600000,14.000000,2.235000,106.245741,17.374920
1939,12,12.370000,0.620000,14.000000,2.222500,104.163314,17.426594
1940,1,12.300000,0.623333,13.900000,2.210000,104.011274,17.478252
1940,2,12.220000,0.626667,14.000000,2.188333,103.776380,17.544172
1940,3,12.150000,0.630000,14.000000,2.166667,103.627764,17.610060
1940,4,12.270000,0.636667,14.000000,2.145000,105.103761,17.675912
1940,5,10.580000,0.643333,14.000000,2.123333,91.086595,17.741727
1940,6,9.670000,0.650000,14.100000,2.101667,83.718453,17.807503
1940,7,9.990000,0.656667,14.000000,2.080000,86.962627,17.873237
1940,8,10.200000,0.663333,14.000000,2.058333,89.271861,17.938928
1940,9,10.630000,0.670000,14.000000,2.036667,93.523944,18.004572
1940,10,10.730000,0.670000,14.000000,2.015000,94.894983,18.070168
1940,11,10.980000,0.670000,14.000000,1.993333,97.599741,18.135714
1940,12,10.530000,0.670000,14.100000,1.971667,94.096047,18.201206
1941,1,10.550000,0.673333,14.100000,1.950000,94.776175,18.266644
1941,2,9.890000,0.676667,14.100000,1.992500,89.353621,18.226523
1941,3,9.950000,0.680000,14.200000,2.035000,90.407674,18.187277
1941,4,9.640000,0.683333,14.300000,2.077500,88.108361,18.148902
1941,5,9.430000,0.686667,14.400000,2.120000,86.711992,18.111392
1941,6,9.760000,0.690000,14.700000,2.162500,90.275183,18.074742
1941,7,10.260000,0.693333,14.700000,2.205000,95.434352,18.038947
1941,8,10.210000,0.696667,14.900000,2.247500,95.509282,18.004000
1941,9,10.240000,0.700000,15.100000,2.290000,96.335595,17.969897
1941,10,9.830000,0.703333,15.300000,2.332500,93.029808,17.936633
1941,11,9.370000,0.706667,15.400000,2.375000,89.233746,17.904204
1941,12,8.760000,0.710000,15.500000,2.417500,83.987970,17.872604
1942,1,8.930000,0.703333,15.700000,2.460000,86.179817,17.841829
1942,2,8.650000,0.696667,15.800000,2.460833,84.037921,17.877097
1942,3,8.180000,0.690000,16.000000,2.461667,80.030333,17.912448
1942,4,7.840000,0.680000,16.100000,2.462500,77.258296,17.947881
1942,5,7.930000,0.670000,16.300000,2.463333,78.695392,17.983397
1942,6,8.330000,0.660000,16.300000,2.464167,83.210701,18.018996
1942,7,8.640000,0.646667,16.400000,2.465000,86.845690,18.054677
1942,8,8.590000,0.633333,16.500000,2.465833,86.873610,18.090442
1942,9,8.680000,0.620000,16.500000,2.466667,88.306334,18.126291
1942,10,9.320000,0.610000,16.700000,2.467500,95.334555,18.162223
1942,11,9.470000,0.600000,16.800000,2.468333,97.380361,18.198239
1942,12,9.520000,0.590000,16.900000,2.469167,98.400095,18.234339
1943,1,10.090000,0.590000,16.900000,2.470000,104.799892,18.270523
1943,2,10.690000,0.590000,16.900000,2.470833,111.542468,18.306792
1943,3,11.070000,0.590000,17.200000,2.471667,116.020514,18.343146
1943,4,11.440000,0.590000,17.400000,2.472500,120.413642,18.379584
1943,5,11.890000,0.590000,17.500000,2.473333,125.667705,18.416108
1943,6,12.100000,0.590000,17.500000,2.474167,128.406887,18.452718
1943,7,12.350000,0.593333,17.400000,2.475000,131.584633,18.489413
1943,8,11.740000,0.596667,17.300000,2.475833,125.615083,18.526193
1943,9,11.990000,0.600000,17.400000,2.476667,128.825009,18.563060
1943,10,11.880000,0.603333,17.400000,2.477500,128.183331,18.600014
1943,11,11.330000,0.606667,17.400000,2.478333,122.794404,18.637053
1943,12,11.480000,0.610000,17.400000,2.479167,124.971033,18.674180
1944,1,11.850000,0.613333,17.400000,2.480000,129.555240,18.711393
1944,2,11.770000,0.616667,17.400000,2.470833,129.242437,18.765135
1944,3,12.100000,0.620000,17.400000,2.461667,133.433391,18.818895
1944,4,11.890000,0.623333,17.500000,2.452500,131.690424,18.872672
1944,5,12.100000,0.626667,17.500000,2.443333,134.594727,18.926465
1944,6,12.670000,0.630000,17.600000,2.434167,141.519125,18.980273
1944,7,13.000000,0.633333,17.700000,2.425000,145.794608,19.034096
1944,8,12.810000,0.636667,17.700000,2.415833,144.258781,19.087933
1944,9,12.600000,0.640000,17.700000,2.406667,142.494492,19.141783
1944,10,12.910000,0.640000,17.700000,2.397500,146.603460,19.195646
1944,11,12.820000,0.640000,17.700000,2.388333,146.187081,19.249521
1944,12,13.100000,0.640000,17.800000,2.379167,149.988097,19.303406
1945,1,13.490000,0.643333,17.800000,2.370000,155.067210,19.357302
1945,2,13.940000,0.646667,17.800000,2.355000,160.859400,19.421189
1945,3,13.930000,0.650000,17.800000,2.340000,161.369058,19.485063
1945,4,14.280000,0.650000,17.800000,2.325000,166.051038,19.548922
1945,5,14.820000,0.650000,17.900000,2.310000,172.960142,19.612765
1945,6,15.090000,0.650000,18.100000,2.295000,176.743401,19.676589
1945,7,14.780000,0.653333,18.100000,2.280000,173.750177,19.740395
1945,8,14.830000,0.656667,18.100000,2.265000,174.981267,19.804179
1945,9,15.840000,0.660000,18.100000,2.250000,187.547352,19.867941
1945,10,16.500000,0.660000,18.100000,2.235000,196.013031,19.931679
1945,11,17.040000,0.660000,18.100000,2.220000,203.081380,19.995391
1945,12,17.330000,0.660000,18.200000,2.205000,207.193063,20.059077
1946,1,18.020000,0.666667,18.200000,2.190000,216.106735,20.122734
1946,2,18.070000,0.673333,18.100000,2.195000,217.379284,20.150499
1946,3,17.530000,0.680000,18.300000,2.200000,211.564859,20.178388
1946,4,18.660000,0.680000,18.400000,2.205000,225.886420,20.206403
1946,5,18.700000,0.680000,18.500000,2.210000,227.056607,20.234542
1946,6,18.580000,0.680000,18.700000,2.215000,226.287609,20.262807
1946,7,18.050000,0.683333,19.800000,2.220000,220.526220,20.291199
1946,8,17.700000,0.686667,20.200000,2.225000,216.949202,20.319716
1946,9,15.090000,0.690000,20.400000,2.230000,185.663166,20.348361
1946,10,14.750000,0.696667,20.800000,2.235000,182.194200,20.377133
1946,11,14.690000,0.703333,21.300000,2.240000,182.177044,20.406033
1946,12,15.130000,0.710000,21.500000,2.245000,188.367426,20.435061
1947,1,15.210000,0.713333,21.500000,2.250000,190.103499,20.464217
1947,2,15.800000,0.716667,21.500000,2.265833,198.224109,20.473834
1947,3,15.160000,0.720000,21.900000,2.281667,190.947528,20.483748
1947,4,14.600000,0.733333,21.900000,2.297500,184.663781,20.493959
1947,5,14.340000,0.746667,21.900000,2.313333,182.162247,20.504466
1947,6,14.840000,0.760000,22.000000,2.329167,189.318319,20.515272
1947,7,15.770000,0.770000,22.200000,2.345000,202.001200,20.526376
1947,8,15.460000,0.780000,22.500000,2.360833,198.862944,20.537778
1947,9,15.060000,0.790000,23.000000,2.376667,194.564538,20.549480
1947,10,15.450000,0.806667,23.000000,2.392500,200.471526,20.561481
1947,11,15.270000,0.823333,23.100000,2.408333,199.026198,20.573782
1947,12,15.030000,0.840000,23.400000,2.424167,196.810451,20.586384
1948,1,14.830000,0.843333,23.700000,2.440000,195.111802,20.599287
1948,2,14.100000,0.846667,23.500000,2.429167,186.435782,20.660821
1948,3,14.300000,0.850000,23.400000,2.418333,190.016847,20.722363
1948,4,15.400000,0.850000,23.800000,2.407500,205.574753,20.783910
1948,5,16.150000,0.850000,23.900000,2.396667,216.532066,20.845464
1948,6,16.820000,0.850000,24.100000,2.385833,226.464832,20.907022
1948,7,16.420000,0.856667,24.400000,2.375000,222.040405,20.968583
1948,8,15.940000,0.863333,24.500000,2.364167,216.522450,21.030146
1948,9,15.760000,0.870000,24.500000,2.353333,215.062214,21.091711
1948,10,16.190000,0.890000,24.400000,2.342500,221.942112,21.153277
1948,11,15.290000,0.910000,24.200000,2.331667,210.643947,21.214841
1948,12,15.190000,0.930000,24.100000,2.320833,210.333974,21.276404
1949,1,15.360000,0.946667,24.000000,2.310000,213.780307,21.337964
1949,2,14.770000,0.963333,23.800000,2.310833,206.685998,21.377465
1949,3,14.910000,0.980000,23.800000,2.311667,209.787921,21.417054
1949,4,14.890000,0.993333,23.900000,2.312500,210.671222,21.456731
1949,5,14.780000,1.006670,23.800000,2.313333,210.301792,21.496497
1949,6,13.970000,1.020000,23.900000,2.314167,199.985906,21.536352
1949,7,14.760000,1.026670,23.700000,2.315000,212.519824,21.576295
1949,8,15.290000,1.033330,23.800000,2.315833,221.390810,21.616328
1949,9,15.490000,1.040000,23.900000,2.316667,225.541587,21.656450
1949,10,15.890000,1.073330,23.700000,2.317500,232.668121,21.696661
1949,11,16.110000,1.106670,23.800000,2.318333,237.239815,21.736962
1949,12,16.540000,1.140000,23.600000,2.319167,244.971094,21.777353
1950,1,16.880000,1.150000,23.500000,2.320000,251.426146,21.817835
1950,2,17.210000,1.160000,23.500000,2.340833,257.781310,21.819825
1950,3,17.350000,1.170000,23.600000,2.361667,261.338722,21.822235
1950,4,17.840000,1.180000,23.600000,2.382500,270.200640,21.825063
1950,5,18.440000,1.190000,23.700000,2.403333,280.790061,21.828311
1950,6,18.740000,1.200000,23.800000,2.424167,286.880952,21.831979
1950,7,17.380000,1.243330,24.100000,2.445000,267.647541,21.836066
1950,8,18.430000,1.286670,24.300000,2.465833,285.468471,21.840572
1950,9,19.080000,1.330000,24.400000,2.486667,297.253274,21.845499
1950,10,19.870000,1.376670,24.600000,2.507500,311.348228,21.850846
1950,11,19.830000,1.423330,24.700000,2.528333,312.580002,21.856614
1950,12,19.750000,1.470000,25.000000,2.549167,313.249929,21.862802
1951,1,21.210000,1.486670,25.400000,2.570000,338.371609,21.869411
1951,2,22.000000,1.503330,25.700000,2.579167,352.973396,21.898723
1951,3,21.630000,1.520000,25.800000,2.588333,349.069297,21.928250
1951,4,21.920000,1.533330,25.800000,2.597500,355.811474,21.957992
1951,5,21.930000,1.546670,25.900000,2.606667,358.065961,21.987949
1951,6,21.550000,1.560000,25.900000,2.615833,353.984042,22.018123
1951,7,21.930000,1.546670,25.900000,2.625000,362.343144,22.048514
1951,8,22.890000,1.533330,25.900000,2.634167,380.316182,22.079123
1951,9,23.480000,1.520000,26.100000,2.643333,392.223562,22.109952
1951,10,23.360000,1.483330,26.200000,2.652500,392.283879,22.140999
1951,11,22.710000,1.446670,26.400000,2.661667,383.392937,22.172268
1951,12,23.410000,1.410000,26.500000,2.670833,397.194070,22.203757
1952,1,24.190000,1.413330,26.500000,2.680000,412.426530,22.235469
1952,2,23.750000,1.416670,26.300000,2.692500,406.937555,22.260962
1952,3,23.810000,1.420000,26.300000,2.705000,409.993156,22.286731
1952,4,23.740000,1.430000,26.400000,2.717500,410.839775,22.312776
1952,5,23.730000,1.440000,26.400000,2.730000,412.743413,22.339098
1952,6,24.380000,1.450000,26.500000,2.742500,426.150762,22.365699
1952,7,25.080000,1.450000,26.700000,2.755000,440.498537,22.392578
1952,8,25.180000,1.450000,26.700000,2.767500,444.377195,22.419738
1952,9,24.780000,1.450000,26.700000,2.780000,439.450456,22.447178
1952,10,24.260000,1.436670,26.700000,2.792500,432.351903,22.474901
1952,11,25.030000,1.423330,26.700000,2.805000,448.188366,22.502906
1952,12,26.040000,1.410000,26.700000,2.817500,468.377435,22.531195
1953,1,26.180000,1.410000,26.600000,2.830000,473.009047,22.559769
1953,2,25.860000,1.410000,26.500000,2.800833,469.350364,22.669888
1953,3,25.990000,1.410000,26.600000,2.771667,473.842406,22.780072
1953,4,24.710000,1.413330,26.600000,2.830000,452.653091,22.717905
1953,5,24.840000,1.416670,26.700000,3.050000,457.197131,22.344252
1953,6,23.950000,1.420000,26.800000,3.110000,442.994080,22.286769
1953,7,24.290000,1.420000,26.800000,2.930000,451.471698,22.689403
1953,8,24.390000,1.420000,26.900000,2.950000,455.529801,22.705829
1953,9,23.270000,1.420000,26.900000,2.870000,436.821764,22.918253
1953,10,23.970000,1.430000,27.000000,2.660000,452.199067,23.392173
1953,11,24.500000,1.440000,26.900000,2.680000,464.461453,23.403324
1953,12,24.830000,1.450000,26.900000,2.590000,473.008176,23.639624
1954,1,25.460000,1.456670,26.900000,2.480000,487.322039,23.919045
1954,2,26.020000,1.463330,26.900000,2.470000,500.374922,23.989497
1954,3,26.570000,1.470000,26.900000,2.370000,513.307364,24.250697
1954,4,27.630000,1.463330,26.800000,2.290000,536.141412,24.470554
1954,5,28.730000,1.456670,26.900000,2.370000,559.841640,24.344396
1954,6,28.960000,1.450000,26.900000,2.380000,566.678087,24.370991
1954,7,30.130000,1.456670,26.900000,2.300000,591.947491,24.592059
1954,8,30.730000,1.463330,26.900000,2.360000,606.131130,24.508845
1954,9,31.450000,1.470000,26.800000,2.380000,622.748945,24.513785
1954,10,32.180000,1.493330,26.800000,2.430000,639.667998,24.454490
1954,11,33.440000,1.516670,26.800000,2.480000,667.226382,24.396614
1954,12,34.970000,1.540000,26.700000,2.510000,700.315010,24.382840
1955,1,35.600000,1.546670,26.700000,2.610000,715.512650,24.221005
1955,2,36.790000,1.553330,26.700000,2.650000,742.031723,24.189278
1955,3,36.500000,1.560000,26.700000,2.680000,738.804621,24.179563
1955,4,37.760000,1.563330,26.700000,2.750000,766.945538,24.086805
1955,5,37.600000,1.566670,26.700000,2.760000,766.347496,24.121128
1955,6,39.780000,1.570000,26.700000,2.780000,813.445935,24.134837
1955,7,42.690000,1.586670,26.800000,2.900000,875.655174,23.941412
1955,8,42.430000,1.603330,26.800000,2.970000,873.062686,23.855469
1955,9,44.340000,1.620000,26.900000,2.970000,915.141715,23.914511
1955,10,42.110000,1.626670,26.900000,2.880000,871.914082,24.159171
1955,11,44.950000,1.633330,26.900000,2.890000,933.536332,24.196344
1955,12,45.370000,1.640000,26.800000,2.960000,945.097368,24.109215
1956,1,44.150000,1.670000,26.800000,2.900000,922.582650,24.293220
1956,2,44.430000,1.700000,26.800000,2.840000,931.394029,24.477774
1956,3,47.490000,1.730000,26.800000,2.960000,998.563547,24.283544
1956,4,48.050000,1.753330,26.900000,3.180000,1013.410810,23.889573
1956,5,46.540000,1.776670,27.000000,3.070000,984.686379,24.177299
1956,6,46.270000,1.800000,27.200000,3.000000,982.147437,24.384165
1956,7,48.780000,1.813330,27.400000,3.110000,1038.633349,24.216494
1956,8,48.490000,1.826670,27.300000,3.330000,1035.699764,23.829832
1956,9,46.840000,1.840000,27.400000,3.380000,1003.732403,23.795685
1956,10,46.240000,1.806670,27.500000,3.340000,994.101283,23.942965
1956,11,45.760000,1.773330,27.500000,3.490000,986.958921,23.708916
1956,12,46.440000,1.740000,27.600000,3.590000,1004.752652,23.580299
1957,1,45.430000,1.736670,27.600000,3.460000,986.031940,23.907857
1957,2,43.470000,1.733330,27.700000,3.340000,946.626348,24.218693
1957,3,44.030000,1.730000,27.800000,3.410000,961.960664,24.143628
1957,4,45.050000,1.730000,27.900000,3.480000,987.395198,24.070672
1957,5,46.780000,1.730000,28.000000,3.600000,1028.472738,23.899888
1957,6,47.550000,1.730000,28.100000,3.800000,1048.570974,23.577162
1957,7,48.510000,1.740000,28.300000,3.930000,1072.938396,23.400440
1957,8,45.840000,1.750000,28.300000,3.930000,1017.109179,23.477076
1957,9,43.980000,1.760000,28.300000,3.920000,979.093318,23.573228
1957,10,41.240000,1.770000,28.300000,3.970000,921.378461,23.553744
1957,11,40.350000,1.780000,28.400000,3.720000,904.808245,24.119380
1957,12,40.330000,1.790000,28.400000,3.210000,907.704678,25.237711
1958,1,41.120000,1.783330,28.600000,3.090000,928.829931,25.563613
1958,2,41.260000,1.776670,28.600000,3.050000,935.336616,25.716848
1958,3,42.110000,1.770000,28.800000,2.980000,957.949274,25.936604
1958,4,42.340000,1.756670,28.900000,2.880000,966.511652,26.224518
1958,5,43.700000,1.743330,28.900000,2.920000,1000.873207,26.197234
1958,6,44.750000,1.730000,28.900000,2.970000,1028.223537,26.148587
1958,7,45.980000,1.730000,29.000000,3.200000,1059.797850,25.702843
1958,8,47.700000,1.730000,28.900000,3.540000,1102.765223,25.041440
1958,9,48.960000,1.730000,28.900000,3.760000,1135.227826,24.659870
1958,10,50.950000,1.736670,28.900000,3.800000,1184.725301,24.655744
1958,11,52.500000,1.743330,29.000000,3.740000,1224.145088,24.856234
1958,12,53.490000,1.750000,28.900000,3.860000,1250.629370,24.688267
1959,1,55.620000,1.756670,29.000000,4.020000,1303.852760,24.445061
1959,2,54.770000,1.763330,28.900000,3.960000,1287.371615,24.647078
1959,3,56.160000,1.770000,28.900000,3.990000,1323.510630,24.667938
1959,4,57.100000,1.776670,29.000000,4.120000,1349.152608,24.489262
1959,5,57.960000,1.783330,29.000000,4.310000,1372.983955,24.198403
1959,6,57.460000,1.790000,29.100000,4.340000,1364.673249,24.226899
1959,7,59.740000,1.796670,29.200000,4.400000,1422.379084,24.197873
1959,8,59.400000,1.803330,29.200000,4.430000,1417.861888,24.228426
1959,9,57.050000,1.810000,29.300000,4.680000,1365.368376,23.838048
1959,10,57.000000,1.816670,29.400000,4.530000,1367.794907,24.216235
1959,11,57.230000,1.823330,29.400000,4.530000,1376.960192,24.307651
1959,12,59.060000,1.830000,29.400000,4.690000,1424.659364,24.091465
1960,1,58.030000,1.866670,29.300000,4.720000,1403.565814,24.128474
1960,2,55.780000,1.903330,29.400000,4.490000,1352.981593,24.666860
1960,3,55.020000,1.940000,29.400000,4.250000,1338.468613,25.237525
1960,4,55.730000,1.943330,29.500000,4.280000,1359.680353,25.265814
1960,5,55.220000,1.946670,29.500000,4.350000,1351.195403,25.213676
1960,6,57.260000,1.950000,29.600000,4.150000,1405.089063,25.714451
1960,7,55.840000,1.950000,29.600000,3.900000,1374.231580,26.331372
1960,8,56.510000,1.950000,29.600000,3.800000,1394.719541,26.634225
1960,9,54.810000,1.950000,29.600000,3.800000,1356.772606,26.718566
1960,10,53.730000,1.950000,29.800000,3.890000,1334.060713,26.605584
1960,11,55.470000,1.950000,29.800000,3.930000,1381.297834,26.604546
1960,12,56.800000,1.950000,29.800000,3.840000,1418.463636,26.888884
1961,1,59.720000,1.946670,29.800000,3.840000,1495.435828,26.974929
1961,2,62.170000,1.943330,29.800000,3.780000,1560.840967,27.194925
1961,3,64.120000,1.940000,29.800000,3.740000,1613.856503,27.370602
1961,4,65.830000,1.940000,29.800000,3.780000,1660.965071,27.365482
1961,5,66.500000,1.940000,29.800000,3.710000,1681.948958,27.610417
1961,6,65.620000,1.940000,29.800000,3.880000,1663.780537,27.309912
1961,7,65.440000,1.946670,30.000000,3.920000,1663.329793,27.308578
1961,8,67.790000,1.953330,29.900000,4.040000,1727.198645,27.130389
1961,9,67.260000,1.960000,30.000000,3.980000,1717.856468,27.354926
1961,10,68.000000,1.980000,30.000000,3.920000,1740.970653,27.580329
1961,11,71.080000,2.000000,30.000000,3.940000,1824.093468,27.625205
1961,12,71.740000,2.020000,30.000000,4.060000,1845.350606,27.445662
1962,1,69.070000,2.026670,30.000000,4.080000,1781.015139,27.493813
1962,2,70.220000,2.033330,30.100000,4.040000,1815.037871,27.677029
1962,3,70.290000,2.040000,30.100000,3.930000,1821.241361,28.019906
1962,4,68.050000,2.046670,30.200000,3.840000,1767.621254,28.319371
1962,5,62.990000,2.053330,30.200000,3.870000,1640.630741,28.340118
1962,6,55.630000,2.060000,30.200000,3.910000,1453.404187,28.338453
1962,7,56.970000,2.066670,30.300000,4.010000,1492.912915,28.199232
1962,8,58.520000,2.073330,30.300000,3.980000,1538.058724,28.362687
1962,9,58.000000,2.080000,30.400000,3.980000,1528.947417,28.456757
1962,10,56.170000,2.096670,30.400000,3.930000,1485.312378,28.667835
1962,11,60.040000,2.113330,30.400000,3.920000,1592.304340,28.785245
1962,12,62.640000,2.130000,30.400000,3.860000,1665.965654,29.021393
1963,1,65.060000,2.136670,30.400000,3.830000,1735.063224,29.186486
1963,2,65.920000,2.143330,30.400000,3.920000,1762.761587,29.064099
1963,3,65.670000,2.150000,30.500000,3.930000,1760.867438,29.135204
1963,4,68.760000,2.166670,30.500000,3.970000,1848.563727,29.135217
1963,5,70.140000,2.183330,30.500000,3.930000,1890.555486,29.327189
1963,6,70.110000,2.200000,30.600000,3.990000,1894.688436,29.279320
1963,7,69.070000,2.203330,30.700000,4.020000,1871.544938,29.304933
1963,8,70.980000,2.206670,30.700000,4.000000,1928.281693,29.451018
1963,9,72.850000,2.210000,30.700000,4.080000,1984.086314,29.357296
1963,10,73.030000,2.233330,30.800000,4.110000,1994.057426,29.385480
1963,11,72.620000,2.256670,30.800000,4.120000,1987.997322,29.462236
1963,12,74.170000,2.280000,30.900000,4.130000,2035.630416,29.539450
1964,1,76.450000,2.296670,30.900000,4.170000,2103.458851,29.545282
1964,2,77.390000,2.313330,30.900000,4.150000,2134.626291,29.695922
1964,3,78.800000,2.330000,30.900000,4.220000,2178.873563,29.630416
1964,4,79.940000,2.346670,30.900000,4.230000,2215.802590,29.710651
1964,5,80.720000,2.363330,30.900000,4.200000,2242.881842,29.887572
1964,6,80.240000,2.380000,31.000000,4.170000,2235.055466,30.064900
1964,7,83.220000,2.400000,31.100000,4.190000,2323.633188,30.120652
1964,8,82.000000,2.420000,31.000000,4.190000,2295.199720,30.225823
1964,9,83.410000,2.440000,31.100000,4.200000,2340.357308,30.306881
1964,10,84.850000,2.460000,31.100000,4.190000,2386.513498,30.437513
1964,11,85.440000,2.480000,31.200000,4.150000,2408.920755,30.642628
1964,12,83.960000,2.500000,31.200000,4.180000,2373.067007,30.674077
1965,1,86.120000,2.516670,31.200000,4.190000,2440.045452,30.756069
1965,2,86.750000,2.533330,31.200000,4.210000,2463.876719,30.813662
1965,3,86.830000,2.550000,31.300000,4.210000,2472.184315,30.921767
1965,4,87.970000,2.570000,31.400000,4.200000,2510.739533,31.055295
1965,5,89.280000,2.590000,31.400000,4.210000,2554.288130,31.138848
1965,6,85.040000,2.610000,31.600000,4.210000,2439.204976,31.248093
1965,7,84.910000,2.626670,31.600000,4.200000,2441.754586,31.383030
1965,8,86.490000,2.643330,31.600000,4.250000,2493.525118,31.366076
1965,9,89.380000,2.660000,31.600000,4.290000,2583.235131,31.375970
1965,10,91.390000,2.680000,31.700000,4.350000,2647.782290,31.336722
1965,11,92.150000,2.700000,31.700000,4.450000,2676.320047,31.199434
1965,12,91.730000,2.720000,31.800000,4.620000,2670.705051,30.893815
1966,1,93.320000,2.740000,31.800000,4.610000,2723.645550,31.037308
1966,2,92.690000,2.760000,32.000000,4.830000,2711.971116,30.619353
1966,3,88.880000,2.780000,32.100000,4.870000,2607.274421,30.646417
1966,4,91.600000,2.796670,32.300000,4.750000,2693.901637,31.061177
1966,5,86.780000,2.813330,32.300000,4.780000,2559.043161,31.110650
1966,6,86.060000,2.830000,32.400000,4.810000,2544.765639,31.161080
1966,7,85.840000,2.850000,32.500000,5.020000,2545.283108,30.775628
1966,8,80.650000,2.870000,32.700000,5.220000,2398.483569,30.428693
1966,9,77.810000,2.890000,32.700000,5.180000,2321.185881,30.655293
1966,10,77.130000,2.883330,32.900000,5.010000,2308.068317,31.194247
1966,11,80.990000,2.876670,32.900000,5.160000,2430.750018,30.961881
1966,12,81.330000,2.870000,32.900000,4.840000,2448.132526,31.874127
1967,1,84.450000,2.880000,32.900000,4.580000,2549.272638,32.662202
1967,2,87.360000,2.890000,32.900000,4.630000,2644.386116,32.657196
1967,3,89.420000,2.900000,33.000000,4.540000,2714.057537,33.017532
1967,4,90.960000,2.900000,33.100000,4.590000,2768.134319,33.011130
1967,5,92.590000,2.900000,33.200000,4.850000,2825.093694,32.462782
1967,6,91.430000,2.900000,33.300000,5.020000,2797.073630,32.163582
1967,7,93.010000,2.906670,33.400000,5.160000,2852.819999,31.949187
1967,8,94.490000,2.913330,33.500000,5.280000,2905.661351,31.791086
1967,9,95.810000,2.920000,33.600000,5.300000,2953.735404,31.882008
1967,10,95.660000,2.920000,33.700000,5.480000,2956.612786,31.584527
1967,11,92.660000,2.920000,33.800000,5.750000,2871.411072,31.085362
1967,12,95.300000,2.920000,33.900000,5.700000,2960.761766,31.351843
1968,1,95.040000,2.930000,34.100000,5.530000,2960.269859,31.906903
1968,2,90.750000,2.940000,34.200000,5.560000,2834.277734,31.981099
1968,3,89.090000,2.950000,34.300000,5.740000,2790.110889,31.694763
1968,4,95.670000,2.963330,34.400000,5.640000,3003.916381,32.086688
1968,5,97.870000,2.976670,34.500000,5.870000,3080.782222,31.683702
1968,6,100.500000,2.990000,34.700000,5.720000,3171.413524,32.197741
1968,7,100.300000,3.003330,34.900000,5.500000,3173.000098,32.891723
1968,8,98.110000,3.016670,35.000000,5.420000,3111.671959,33.243991
1968,9,101.300000,3.030000,35.100000,5.460000,3220.854823,33.292491
1968,10,103.800000,3.043330,35.300000,5.580000,3308.406459,33.140229
1968,11,105.400000,3.056670,35.400000,5.700000,3367.521833,32.993612
1968,12,106.500000,3.070000,35.500000,6.030000,3410.840603,32.339154
1969,1,102.000000,3.080000,35.600000,6.040000,3274.940757,32.477575
1969,2,101.500000,3.090000,35.800000,6.190000,3267.154746,32.280688
1969,3,99.300000,3.100000,36.100000,6.300000,3204.654988,32.185830
1969,4,101.300000,3.110000,36.300000,6.170000,3277.563847,32.664588
1969,5,104.600000,3.120000,36.400000,6.320000,3392.747729,32.472205
1969,6,99.140000,3.130000,36.600000,6.570000,3224.110436,32.052816
1969,7,94.710000,3.136670,36.800000,6.720000,3088.543947,31.880954
1969,8,94.180000,3.143330,37.000000,6.690000,3079.802503,32.128677
1969,9,94.510000,3.150000,37.100000,7.160000,3099.177985,31.237824
1969,10,95.520000,3.153330,37.300000,7.100000,3140.914987,31.557365
1969,11,96.210000,3.156670,37.500000,7.140000,3172.253632,31.654559
1969,12,91.110000,3.160000,37.700000,7.650000,3012.778178,30.723259
1970,1,90.310000,3.163330,37.800000,7.790000,2995.041140,30.622619
1970,2,87.160000,3.166670,38.000000,7.240000,2899.326150,32.010626
1970,3,88.650000,3.170000,38.200000,7.070000,2957.677473,32.590874
1970,4,85.950000,3.173330,38.500000,7.390000,2876.418718,32.051332
1970,5,76.060000,3.176670,38.600000,7.910000,2554.297387,31.105784
1970,6,75.590000,3.180000,38.800000,7.840000,2547.412941,31.460594
1970,7,75.720000,3.183330,39.000000,7.460000,2560.733950,32.502169
1970,8,77.920000,3.186670,39.000000,7.530000,2644.115256,32.545605
1970,9,82.580000,3.190000,39.200000,7.390000,2811.267092,33.069440
1970,10,84.370000,3.173330,39.400000,7.330000,2881.206439,33.412639
1970,11,84.280000,3.156670,39.600000,6.840000,2887.116236,34.793289
1970,12,90.050000,3.140000,39.800000,6.390000,3093.738481,36.139469
1971,1,93.490000,3.130000,39.800000,6.240000,3220.883517,36.732004
1971,2,97.110000,3.120000,39.900000,6.110000,3354.555867,37.277500
1971,3,99.600000,3.110000,40.000000,5.700000,3449.522742,38.623029
1971,4,103.000000,3.106670,40.100000,5.830000,3576.243840,38.429031
1971,5,101.600000,3.103330,40.300000,6.390000,3536.613879,37.038021
1971,6,99.720000,3.100000,40.600000,6.520000,3480.164973,36.884289
1971,7,99.000000,3.096670,40.700000,6.730000,3464.043414,36.525348
1971,8,97.240000,3.093330,40.800000,6.580000,3411.480142,37.128480
1971,9,99.400000,3.090000,40.800000,6.140000,3496.293523,38.543198
1971,10,97.290000,3.083330,40.900000,5.930000,3431.114176,39.346156
1971,11,92.780000,3.076670,40.900000,5.810000,3281.102619,39.895857
1971,12,99.170000,3.070000,41.100000,5.930000,3516.128068,39.730731
1972,1,103.300000,3.070000,41.100000,5.950000,3671.630253,39.867653
1972,2,105.200000,3.070000,41.300000,6.080000,3748.255837,39.680062
1972,3,107.700000,3.070000,41.400000,6.070000,3846.445651,39.910618
1972,4,108.800000,3.070000,41.500000,6.190000,3894.868485,39.758234
1972,5,107.700000,3.070000,41.600000,6.130000,3864.648649,40.140251
1972,6,108.000000,3.070000,41.700000,6.110000,3884.593872,40.404898
1972,7,107.200000,3.073330,41.900000,6.110000,3865.031015,40.610626
1972,8,111.000000,3.076670,42.000000,6.210000,4011.281668,40.517271
1972,9,109.400000,3.080000,42.100000,6.550000,3962.736727,39.724166
1972,10,109.600000,3.103330,42.300000,6.480000,3979.348738,40.144039
1972,11,115.100000,3.126670,42.400000,6.280000,4188.502576,40.952328
1972,12,117.500000,3.150000,42.500000,6.360000,4285.391265,40.926137
1973,1,118.400000,3.156670,42.600000,6.460000,4327.809557,40.843938
1973,2,114.200000,3.163330,42.900000,6.640000,4183.924906,40.530785
1973,3,112.400000,3.170000,43.300000,6.710000,4127.656856,40.549992
1973,4,110.300000,3.186670,43.600000,6.670000,4060.290699,40.894177
1973,5,107.200000,3.203330,43.900000,6.850000,3956.002120,40.592734
1973,6,104.800000,3.220000,44.200000,6.900000,3877.337215,40.678981
1973,7,105.800000,3.236670,44.300000,7.130000,3924.313763,40.249064
1973,8,103.800000,3.253330,45.100000,7.400000,3860.186131,39.726252
1973,9,105.600000,3.270000,45.200000,7.090000,3937.259693,40.846530
1973,10,109.800000,3.306670,45.600000,6.790000,4104.129253,41.970420
1973,11,102.000000,3.343330,45.900000,6.730000,3822.993066,42.389753
1973,12,94.780000,3.380000,46.200000,6.740000,3562.942084,42.596891
1974,1,96.110000,3.400000,46.600000,6.990000,3623.590039,42.075909
1974,2,93.450000,3.420000,47.200000,6.960000,3534.046534,42.411233
1974,3,97.440000,3.440000,47.800000,7.210000,3695.779428,41.907586
1974,4,92.460000,3.460000,48.000000,7.510000,3517.830279,41.282101
1974,5,89.670000,3.480000,48.600000,7.580000,3422.712653,41.339429
1974,6,89.790000,3.500000,49.000000,7.540000,3438.426009,41.715791
1974,7,79.310000,3.530000,49.400000,7.810000,3048.368829,41.202162
1974,8,76.030000,3.560000,50.000000,8.040000,2933.701065,40.824106
1974,9,68.120000,3.590000,50.600000,8.040000,2640.028701,41.097628
1974,10,69.440000,3.593330,51.100000,7.900000,2702.791165,41.767715
1974,11,71.740000,3.596670,51.500000,7.680000,2803.979342,42.679145
1974,12,67.070000,3.600000,51.900000,7.430000,2633.176586,43.699424
1975,1,72.560000,3.623330,52.100000,7.500000,2860.569038,43.756452
1975,2,80.100000,3.646670,52.500000,7.390000,3169.802589,44.367556
1975,3,83.780000,3.670000,52.700000,7.730000,3327.534235,43.598212
1975,4,84.720000,3.683330,52.900000,8.230000,3377.059771,42.404685
1975,5,90.100000,3.696670,53.200000,8.060000,3603.793772,43.186661
1975,6,92.400000,3.710000,53.600000,7.860000,3708.154466,44.070328
1975,7,92.490000,3.710000,54.200000,8.060000,3724.173640,43.758467
1975,8,85.710000,3.710000,54.300000,8.400000,3463.621073,43.053446
1975,9,84.670000,3.710000,54.600000,8.430000,3434.087416,43.268211
1975,10,88.570000,3.700000,54.900000,8.140000,3604.771065,44.424131
1975,11,90.070000,3.690000,55.300000,8.050000,3678.335745,44.997997
1975,12,88.700000,3.680000,55.500000,8.000000,3634.910664,45.453547
1976,1,96.860000,3.683330,55.600000,7.740000,3981.884572,46.572994
1976,2,100.600000,3.686670,55.800000,7.790000,4148.264635,46.712867
1976,3,101.100000,3.690000,55.900000,7.730000,4181.562087,47.209821
1976,4,101.900000,3.713330,56.100000,7.560000,4227.449423,48.072733
1976,5,101.200000,3.736670,56.500000,7.900000,4211.327414,47.254254
1976,6,101.800000,3.760000,56.800000,7.860000,4249.334783,47.695245
1976,7,104.200000,3.790000,57.100000,7.830000,4362.699076,48.106112
1976,8,103.300000,3.820000,57.400000,7.770000,4338.345558,48.619145
1976,9,105.500000,3.850000,57.600000,7.590000,4444.214349,49.542494
1976,10,101.900000,3.916670,57.900000,7.410000,4306.312659,50.480838
1976,11,101.200000,3.983330,58.000000,7.290000,4290.758552,51.219344
1976,12,104.700000,4.050000,58.200000,6.870000,4453.463947,53.074379
1977,1,103.800000,4.096670,58.500000,7.210000,4429.703171,52.102405
1977,2,101.000000,4.143330,59.100000,7.390000,4324.946986,51.757596
1977,3,100.600000,4.190000,59.500000,7.460000,4322.770239,51.822973
1977,4,99.050000,4.246670,60.000000,7.370000,4271.373496,52.472590
1977,5,98.760000,4.303330,60.300000,7.460000,4274.332229,52.464606
1977,6,99.290000,4.360000,60.700000,7.280000,4312.995690,53.456390
1977,7,100.200000,4.406670,61.000000,7.330000,4368.476153,53.592712
1977,8,97.750000,4.453330,61.200000,7.400000,4277.841645,53.657038
1977,9,96.230000,4.500000,61.400000,7.340000,4227.732911,54.214247
1977,10,93.740000,4.556670,61.600000,7.520000,4135.020767,53.865212
1977,11,94.280000,4.613330,61.900000,7.580000,4175.799472,53.977936
1977,12,93.820000,4.670000,62.100000,7.690000,4172.662160,53.907816
1978,1,90.250000,4.713330,62.500000,7.960000,4031.354591,53.257306
1978,2,88.980000,4.756670,62.900000,8.030000,3992.331488,53.356253
1978,3,88.820000,4.800000,63.400000,8.040000,4003.099746,53.676911
1978,4,92.710000,4.836670,63.900000,8.150000,4196.586919,53.635822
1978,5,97.410000,4.873330,64.500000,8.350000,4427.718813,53.278306
1978,6,97.660000,4.910000,65.200000,8.460000,4457.680877,53.256552
1978,7,97.190000,4.946670,65.700000,8.640000,4455.043629,52.994955
1978,8,103.900000,4.983330,66.000000,8.410000,4781.655648,54.194552
1978,9,103.900000,5.020000,66.500000,8.420000,4800.908064,54.538009
1978,10,100.600000,5.036670,67.100000,8.640000,4667.819060,54.123326
1978,11,94.710000,5.053330,67.400000,8.810000,4414.063741,53.905976
1978,12,96.110000,5.070000,67.700000,9.010000,4499.003358,53.596461
1979,1,99.710000,5.113330,68.300000,9.100000,4687.469555,53.684532
1979,2,98.230000,5.156670,69.100000,9.100000,4638.094931,54.091640
1979,3,100.100000,5.200000,69.800000,9.120000,4746.850694,54.431393
1979,4,102.100000,5.246670,70.600000,9.180000,4862.426432,54.632960
1979,5,99.730000,5.293330,71.500000,9.250000,4770.564711,54.803256
1979,6,101.700000,5.340000,72.300000,8.910000,4886.085756,56.449807
1979,7,102.700000,5.396670,73.100000,8.950000,4955.736380,56.720859
1979,8,107.400000,5.453330,73.800000,9.030000,5204.461467,56.847313
1979,9,108.600000,5.510000,74.600000,9.330000,5284.862482,56.174451
1979,10,104.500000,5.556670,75.200000,10.300000,5107.875836,53.234237
1979,11,103.700000,5.603330,75.900000,10.650000,5091.596335,52.552995
1979,12,107.800000,5.650000,76.700000,10.390000,5316.021004,53.863071
1980,1,110.900000,5.700000,77.800000,10.800000,5492.317619,52.988682
1980,2,115.300000,5.750000,78.900000,12.410000,5733.958134,48.611897
1980,3,104.700000,5.800000,80.100000,12.750000,5230.848480,48.186859
1980,4,103.000000,5.846670,81.000000,11.470000,5170.257693,52.342729
1980,5,107.700000,5.893330,81.800000,10.180000,5430.834205,57.048579
1980,6,114.600000,5.940000,82.700000,9.780000,5803.731317,58.977694
1980,7,119.800000,5.983330,82.700000,10.250000,6092.328229,57.736885
1980,8,123.500000,6.026670,83.300000,11.100000,6306.028720,55.286838
1980,9,126.500000,6.070000,84.000000,11.510000,6485.039940,54.461248
1980,10,130.200000,6.100000,84.800000,11.750000,6700.780728,54.220105
1980,11,135.700000,6.130000,85.500000,12.680000,7010.130008,51.912693
1980,12,133.500000,6.160000,86.300000,12.840000,6922.998448,51.996647
1981,1,133.000000,6.200000,87.000000,12.570000,6923.862743,53.346692
1981,2,128.400000,6.240000,87.900000,13.190000,6711.461540,52.080720
1981,3,133.200000,6.280000,88.500000,13.120000,6989.711905,52.854860
1981,4,134.400000,6.316670,89.100000,13.680000,7080.304720,51.830598
1981,5,131.700000,6.353330,89.800000,14.100000,6965.958018,51.262084
1981,6,132.300000,6.390000,90.600000,13.470000,7025.858910,53.626815
1981,7,129.100000,6.433330,91.600000,14.280000,6884.391719,51.931247
1981,8,129.600000,6.476670,92.300000,14.940000,6939.836002,50.781296
1981,9,118.300000,6.520000,93.200000,15.320000,6363.836753,50.432296
1981,10,119.800000,6.556670,93.400000,15.150000,6473.920326,51.514894
1981,11,122.900000,6.593330,93.700000,13.390000,6671.134105,57.128517
1981,12,123.800000,6.630000,94.000000,13.720000,6749.977248,56.747098
1982,1,117.300000,6.660000,94.300000,14.590000,6425.836580,54.815317
1982,2,114.500000,6.690000,94.600000,14.430000,6302.989704,55.943019
1982,3,110.800000,6.720000,94.500000,13.860000,6130.139157,58.329793
1982,4,116.300000,6.750000,94.900000,13.870000,6465.554036,58.972160
1982,5,116.400000,6.780000,95.800000,13.620000,6502.523885,60.453660
1982,6,109.700000,6.810000,97.000000,14.300000,6159.940313,58.967143
1982,7,109.400000,6.823330,97.500000,13.950000,6175.023510,60.775379
1982,8,109.700000,6.836670,97.700000,13.060000,6224.114524,64.481329
1982,9,122.400000,6.850000,97.900000,12.340000,6977.069734,67.831827
1982,10,132.700000,6.856670,98.200000,10.910000,7596.762873,74.391931
1982,11,138.100000,6.863330,98.000000,10.550000,7938.642630,76.710994
1982,12,139.400000,6.870000,97.600000,10.540000,8046.282806,77.432485
1983,1,144.300000,6.883330,97.800000,10.460000,8362.224132,78.493981
1983,2,146.800000,6.896670,97.900000,10.720000,8540.405134,77.935079
1983,3,151.900000,6.910000,97.900000,10.510000,8870.608923,79.636846
1983,4,157.700000,6.920000,98.600000,10.400000,9242.991518,80.874997
1983,5,164.100000,6.930000,99.200000,10.380000,9651.951400,81.675827
1983,6,166.400000,6.940000,99.500000,10.850000,9821.247764,80.056504
1983,7,167.000000,6.960000,99.900000,11.380000,9890.893632,78.264520
1983,8,162.400000,6.980000,100.200000,11.850000,9652.900173,76.866611
1983,9,167.200000,7.000000,100.700000,11.650000,9972.880341,78.527317
1983,10,167.700000,7.030000,101.000000,11.540000,10037.646405,79.798561
1983,11,165.200000,7.060000,101.200000,11.690000,9923.224020,79.865058
1983,12,164.400000,7.090000,101.300000,11.830000,9910.659808,79.992035
1984,1,166.400000,7.120000,101.900000,11.670000,10066.995845,81.530666
1984,2,157.300000,7.150000,102.400000,11.840000,9552.504196,81.516839
1984,3,157.400000,7.180000,102.600000,12.320000,9594.912537,80.087028
1984,4,157.600000,7.223330,103.100000,12.630000,9643.798078,79.509024
1984,5,156.600000,7.266670,103.400000,13.410000,9619.661403,76.953564
1984,6,153.100000,7.310000,103.700000,13.560000,9442.082618,77.185796
1984,7,151.100000,7.333330,104.100000,13.360000,9356.426143,78.904045
1984,8,164.400000,7.356670,104.500000,12.720000,10217.951486,82.620499
1984,9,166.100000,7.380000,105.000000,12.520000,10361.835657,84.432296
1984,10,164.800000,7.430000,105.300000,12.160000,10319.363152,87.059817
1984,11,166.300000,7.480000,105.300000,11.570000,10452.320966,90.964345
1984,12,164.500000,7.530000,105.300000,11.500000,10378.626761,92.217117
1985,1,171.600000,7.573330,105.500000,11.380000,10866.397665,93.757011
1985,2,180.900000,7.616670,106.000000,11.510000,11495.503990,93.927237
1985,3,179.400000,7.660000,106.400000,11.860000,11440.748365,92.916278
1985,4,180.600000,7.686670,106.900000,11.430000,11558.124820,96.198829
1985,5,184.900000,7.713330,107.300000,10.850000,11874.455049,100.495633
1985,6,188.900000,7.740000,107.600000,10.160000,12172.761397,105.726755
1985,7,192.500000,7.773330,107.800000,10.310000,12446.489200,105.639452
1985,8,188.300000,7.806670,108.000000,10.330000,12216.992480,106.416293
1985,9,184.100000,7.840000,108.300000,10.370000,11986.883081,107.069317
1985,10,186.200000,7.860000,108.700000,10.240000,12166.263107,108.859351
1985,11,197.500000,7.880000,109.000000,9.780000,12947.508824,112.959550
1985,12,207.300000,7.900000,109.300000,9.260000,13633.125853,117.682260
1986,1,208.200000,7.940000,109.600000,9.190000,13735.829173,119.125172
1986,2,219.400000,7.980000,109.300000,8.700000,14518.613097,123.906650
1986,3,232.300000,8.020000,108.800000,7.780000,15416.486306,132.666405
1986,4,238.000000,8.046670,108.600000,7.300000,15839.265414,138.011037
1986,5,238.500000,8.073330,108.900000,7.710000,15917.315558,134.936450
1986,6,245.300000,8.100000,109.500000,7.800000,16416.191590,134.966631
1986,7,240.200000,8.143330,109.500000,7.300000,16120.299329,140.596274
1986,8,245.000000,8.186670,109.700000,7.170000,16488.222175,142.746084
1986,9,238.300000,8.230000,110.200000,7.450000,16083.475579,140.802687
1986,10,237.400000,8.246670,110.300000,7.430000,16069.114682,141.874026
1986,11,245.100000,8.263330,110.400000,7.250000,16636.922388,144.554817
1986,12,248.600000,8.280000,110.500000,7.110000,16921.331629,146.865299
1987,1,264.500000,8.300000,111.200000,7.080000,18050.668290,148.048768
1987,2,280.900000,8.320000,111.600000,7.250000,19217.194150,147.145946
1987,3,292.500000,8.340000,112.100000,7.250000,20058.331216,148.034953
1987,4,289.300000,8.400000,112.700000,8.020000,19886.892488,141.149714
1987,5,289.100000,8.460000,113.100000,8.610000,19921.606905,136.551652
1987,6,301.400000,8.520000,113.500000,8.400000,20818.113670,139.456766
1987,7,310.100000,8.566670,113.800000,8.450000,21468.343978,139.965796
1987,8,329.400000,8.613330,114.400000,8.760000,22854.182523,138.082647
1987,9,318.700000,8.660000,115.000000,9.420000,22161.873321,133.231294
1987,10,280.200000,8.710000,115.300000,9.520000,19535.119959,133.424164
1987,11,245.000000,8.760000,115.400000,8.860000,17131.923724,140.280109
1987,12,241.000000,8.810000,115.400000,8.990000,16903.556346,140.121859
1988,1,250.500000,8.856670,115.700000,8.670000,17621.645781,144.147592
1988,2,258.100000,8.903330,116.000000,8.210000,18208.467279,149.677626
1988,3,265.700000,8.950000,116.500000,8.370000,18797.250049,149.091652
1988,4,262.600000,9.043330,117.100000,8.720000,18631.252067,146.675597
1988,5,256.100000,9.136670,117.500000,9.090000,18224.102391,144.203278
1988,6,270.700000,9.230000,118.000000,8.920000,19317.773875,146.905427
1988,7,269.100000,9.306670,118.500000,9.060000,19258.939645,146.654857
1988,8,263.700000,9.383330,119.000000,9.260000,18928.434782,145.863549
1988,9,268.000000,9.460000,119.800000,8.980000,19293.676290,149.664282
1988,10,277.400000,9.550000,120.200000,8.800000,20027.687887,152.562378
1988,11,271.000000,9.640000,120.300000,8.960000,19623.620500,152.080948
1988,12,276.500000,9.750000,120.500000,9.110000,20080.720516,151.730494
1989,1,285.400000,9.813330,121.100000,9.090000,20786.470874,153.080225
1989,2,294.000000,9.896670,121.600000,9.170000,21472.899464,153.444094
1989,3,292.700000,10.010000,122.300000,9.360000,21438.876361,152.737484
1989,4,302.300000,10.086700,123.100000,9.180000,22203.597370,155.714428
1989,5,313.900000,10.193300,123.800000,8.860000,23117.994956,160.186121
1989,6,323.700000,10.370000,124.100000,8.280000,23903.385689,167.639108
1989,7,331.900000,10.423300,124.400000,8.020000,24573.050325,171.770578
1989,8,346.600000,10.546700,124.600000,8.110000,25726.472708,171.867569
1989,9,347.300000,10.730000,125.000000,8.190000,25844.800133,172.097569
1989,10,347.400000,10.796700,125.600000,8.010000,25919.196023,175.387271
1989,11,340.200000,10.923300,125.900000,7.870000,25449.925398,178.244726
1989,12,348.600000,11.060000,126.100000,7.840000,26147.267318,179.781526
1990,1,339.970000,11.140000,127.400000,8.210000,25569.592226,176.453229
1990,2,330.450000,11.230000,128.000000,8.470000,24923.965726,174.589364
1990,3,338.460000,11.320000,128.700000,8.590000,25599.264782,174.426402
1990,4,338.180000,11.436700,128.900000,8.790000,25650.171236,173.371470
1990,5,350.250000,11.553300,129.200000,8.760000,26638.677092,174.985296
1990,6,360.390000,11.660000,129.900000,8.480000,27483.788014,179.541107
1990,7,360.030000,11.726700,130.400000,8.470000,27530.858357,180.930050
1990,8,330.750000,11.783300,131.600000,8.750000,25366.955805,178.856214
1990,9,315.410000,11.830000,132.700000,8.890000,24266.059323,178.513970
1990,10,307.120000,11.926700,133.500000,8.720000,23704.733438,181.846339
1990,11,315.290000,12.013300,133.800000,8.390000,24412.595766,187.198634
1990,12,328.750000,12.090000,133.800000,8.080000,25532.800115,192.457871
1991,1,325.490000,12.106700,134.600000,8.090000,25357.964833,193.622798
1991,2,362.260000,12.113300,134.800000,7.850000,28301.249583,198.123115
1991,3,372.280000,12.110000,135.000000,8.110000,29162.893702,195.917111
1991,4,379.680000,12.130000,135.200000,8.040000,29821.764010,198.176370
1991,5,377.990000,12.140000,135.600000,8.070000,29768.484678,199.099261
1991,6,378.290000,12.150000,136.000000,8.280000,29871.850207,197.616425
1991,7,380.230000,12.193300,136.200000,8.270000,30105.280711,199.113405
1991,8,389.400000,12.236700,136.600000,7.900000,30912.067476,205.539927
1991,9,387.200000,12.280000,137.200000,7.650000,30818.659157,210.456839
1991,10,386.880000,12.253300,137.400000,7.530000,30874.462924,213.559218
1991,11,385.920000,12.226700,137.800000,7.420000,30879.162698,216.544972
1991,12,388.510000,12.200000,137.900000,7.090000,31167.748018,222.962956
1992,1,416.080000,12.240000,138.100000,7.030000,33461.346422,225.233637
1992,2,412.560000,12.280000,138.600000,7.340000,33260.563332,221.644652
1992,3,407.360000,12.320000,139.300000,7.540000,32924.109440,219.911200
1992,4,407.410000,12.320000,139.500000,7.480000,33011.129008,222.214892
1992,5,414.810000,12.320000,139.700000,7.390000,33693.914851,225.002901
1992,6,408.270000,12.320000,140.200000,7.260000,33246.081424,228.452050
1992,7,415.050000,12.343300,140.500000,6.840000,33881.948934,236.729428
1992,8,417.930000,12.366700,140.900000,6.590000,34201.181166,242.379175
1992,9,418.480000,12.400000,141.300000,6.420000,34330.752793,246.727021
1992,10,412.500000,12.386700,141.800000,6.590000,33924.853251,244.999248
1992,11,422.840000,12.383300,142.000000,6.870000,34860.105257,241.421448
1992,12,435.640000,12.390000,141.900000,6.770000,36000.495016,244.543892
1993,1,435.230000,12.413300,142.600000,6.600000,36052.097737,248.942981
1993,2,441.700000,12.446700,143.100000,6.260000,36673.955626,256.553517
1993,3,450.160000,12.480000,143.600000,5.980000,37462.732123,263.255805
1993,4,443.080000,12.493300,144.000000,5.970000,36960.169965,264.764358
1993,5,445.250000,12.506700,144.200000,6.040000,37228.122439,264.701382
1993,6,448.060000,12.520000,144.400000,5.960000,37550.306302,267.616359
1993,7,447.290000,12.520000,144.400000,5.810000,37573.213391,271.965978
1993,8,454.130000,12.520000,144.800000,5.680000,38235.428432,275.958670
1993,9,459.240000,12.520000,145.100000,5.360000,38753.507696,284.046059
1993,10,463.900000,12.540000,145.700000,5.330000,39234.930833,285.970058
1993,11,462.890000,12.560000,145.800000,5.720000,39238.031963,278.814334
1993,12,465.950000,12.580000,145.800000,5.770000,39586.285144,279.092508
1994,1,472.990000,12.623300,146.200000,5.750000,40273.762148,280.855614
1994,2,471.580000,12.666700,146.700000,5.970000,40243.582441,277.585566
1994,3,463.810000,12.710000,147.200000,6.480000,39670.894934,268.629275
1994,4,447.230000,12.753300,147.400000,6.970000,38343.665675,260.674800
1994,5,450.900000,12.796700,147.500000,7.180000,38749.744468,258.313477
1994,6,454.830000,12.840000,148.000000,7.100000,39179.437798,261.327179
1994,7,451.400000,12.870000,148.400000,7.300000,38976.360770,259.192689
1994,8,464.240000,12.900000,149.000000,7.240000,40177.858466,261.867513
1994,9,466.960000,12.920000,149.400000,7.460000,40506.442681,259.418637
1994,10,463.810000,13.013300,149.500000,7.740000,40327.265835,256.013328
1994,11,461.010000,13.096700,149.700000,7.960000,40178.706075,253.810580
1994,12,455.190000,13.170000,149.700000,7.810000,39767.122943,258.116322
1995,1,465.250000,13.180000,150.300000,7.780000,40741.957218,260.330247
1995,2,481.920000,13.180000,150.900000,7.470000,42297.930730,267.659225
1995,3,493.150000,13.170000,151.400000,7.200000,43379.910604,274.437085
1995,4,507.910000,13.243300,151.900000,7.060000,44775.351974,278.818104
1995,5,523.810000,13.306700,152.200000,6.630000,46274.789101,289.154770
1995,6,539.350000,13.360000,152.500000,6.170000,47745.989513,300.600073
1995,7,557.370000,13.440000,152.500000,6.280000,49440.359104,299.709568
1995,8,559.110000,13.510000,152.900000,6.490000,49694.566954,296.684314
1995,9,578.770000,13.580000,153.200000,6.200000,51542.562646,304.650348
1995,10,582.920000,13.650000,153.700000,6.040000,52013.442788,309.854314
1995,11,595.530000,13.720000,153.600000,5.930000,53240.640716,313.964697
1995,12,614.570000,13.790000,153.500000,5.710000,55045.560987,320.736933
1996,1,614.420000,13.893300,154.400000,5.650000,55135.824977,323.721600
1996,2,649.540000,13.996700,154.900000,5.810000,58392.034313,321.348520
1996,3,647.070000,14.100000,155.700000,6.270000,58275.617026,312.009067
1996,4,647.170000,14.156700,156.300000,6.510000,58390.870034,308.178743
1996,5,661.230000,14.213300,156.600000,6.740000,59766.298766,304.734300
1996,6,668.500000,14.270000,156.700000,6.910000,60530.893660,302.734535
1996,7,644.070000,14.400000,157.000000,6.870000,58427.479061,305.346844
1996,8,662.680000,14.530000,157.300000,6.640000,60225.546545,312.186774
1996,9,674.880000,14.660000,157.800000,6.830000,61445.331676,309.649735
1996,10,701.460000,14.740000,158.300000,6.530000,63977.177730,318.180236
1996,11,735.670000,14.820000,158.600000,6.200000,67209.965152,327.675064
1996,12,743.250000,14.900000,158.600000,6.300000,68015.902473,326.956108
1997,1,766.220000,14.953300,159.100000,6.580000,70231.954222,322.017508
1997,2,798.390000,15.006700,159.600000,6.420000,73295.292589,327.555473
1997,3,792.160000,15.060000,160.000000,6.690000,72838.568330,322.909997
1997,4,763.930000,15.093300,160.200000,6.890000,70358.490753,320.079406
1997,5,833.090000,15.126700,160.100000,6.710000,76844.273746,326.081419
1997,6,876.290000,15.160000,160.300000,6.490000,80945.574396,333.140698
1997,7,925.290000,15.216700,160.500000,6.220000,85588.987942,341.587016
1997,8,927.240000,15.273300,160.800000,6.300000,85887.093455,341.346098
1997,9,937.020000,15.330000,161.200000,6.210000,86911.312143,345.408594
1997,10,951.160000,15.386700,161.600000,6.030000,88341.768068,351.828186
1997,11,938.920000,15.443300,161.500000,5.880000,87324.470727,357.554542
1997,12,962.370000,15.500000,161.300000,5.810000,89625.575130,361.189815
1998,1,963.360000,15.550000,161.600000,5.540000,89838.454924,370.366455
1998,2,1023.740000,15.600000,161.900000,5.570000,95590.443692,371.231173
1998,3,1076.830000,15.640000,162.200000,5.650000,100669.353247,370.703494
1998,4,1112.200000,15.750000,162.500000,5.640000,104098.681507,372.729968
1998,5,1108.420000,15.850000,162.800000,5.650000,103868.510667,374.199312
1998,6,1108.390000,15.950000,163.000000,5.500000,103990.253785,380.244155
1998,7,1156.580000,16.016700,163.200000,5.460000,108636.712813,383.149627
1998,8,1074.620000,16.083300,163.400000,5.340000,101064.161055,388.426871
1998,9,1020.640000,16.140000,163.600000,4.810000,96114.027876,406.366172
1998,10,1032.470000,16.166700,164.000000,4.530000,97354.931790,417.070939
1998,11,1144.430000,16.183300,164.000000,4.830000,108039.166524,408.801827
1998,12,1190.050000,16.200000,163.900000,4.650000,112473.338689,416.284374
1999,1,1248.770000,16.283333,164.300000,4.720000,118151.297195,415.593368
1999,2,1246.580000,16.366667,164.500000,5.000000,118073.135405,408.144282
1999,3,1281.660000,16.450000,165.000000,5.230000,121525.672891,402.593492
1999,4,1334.760000,16.450000,166.200000,5.180000,126690.540854,405.906626
1999,5,1332.070000,16.450000,166.200000,5.540000,126565.330375,396.528813
1999,6,1322.550000,16.450000,166.200000,5.900000,125791.045262,387.661853
1999,7,1380.990000,16.513333,166.700000,5.790000,131480.305509,392.779344
1999,8,1327.490000,16.576667,167.100000,5.940000,126518.234161,390.267252
1999,9,1318.170000,16.640000,167.900000,5.920000,125762.137072,392.783475
1999,10,1300.010000,16.656667,168.200000,6.110000,124161.982633,389.181059
1999,11,1391.000000,16.673333,168.300000,6.030000,132985.003208,393.482245
1999,12,1428.680000,16.690000,168.300000,6.280000,136720.326641,388.212184
2000,1,1425.590000,16.713333,168.800000,6.660000,136557.907642,379.557730
2000,2,1388.870000,16.736667,169.800000,6.520000,133174.083386,385.537497
2000,3,1442.210000,16.760000,171.200000,6.260000,138422.598662,395.023871
2000,4,1461.360000,16.740000,171.300000,5.990000,140394.497546,405.045063
2000,5,1418.480000,16.720000,171.500000,6.440000,136408.826854,393.733897
2000,6,1461.960000,16.700000,172.400000,6.100000,140723.932749,405.789329
2000,7,1473.000000,16.583333,172.800000,6.050000,141919.632272,409.362357
2000,8,1485.460000,16.466667,172.800000,5.830000,143252.330093,418.196529
2000,9,1468.050000,16.350000,173.700000,5.800000,141704.767879,421.172690
2000,10,1390.140000,16.323333,174.000000,5.740000,134315.741198,425.115798
2000,11,1378.040000,16.296667,174.100000,5.720000,133277.851324,427.791614
2000,12,1330.930000,16.270000,174.000000,5.240000,128852.713431,445.685361
2001,1,1335.630000,16.170000,175.100000,5.160000,129438.196352,450.394538
2001,2,1305.750000,16.070000,175.800000,5.100000,126672.255194,454.431134
2001,3,1185.850000,15.970000,176.200000,4.890000,115169.728877,463.849560
2001,4,1189.840000,15.876667,176.900000,5.140000,115685.732729,456.745215
2001,5,1270.370000,15.783333,177.700000,5.390000,123643.383279,449.945044
2001,6,1238.710000,15.690000,178.000000,5.280000,120689.215760,455.780597
2001,7,1204.450000,15.706667,177.500000,5.240000,117478.743770,459.193692
2001,8,1178.500000,15.723333,177.500000,4.970000,115075.452962,470.890415
2001,9,1044.640000,15.740000,178.300000,4.730000,102132.678675,481.772635
2001,10,1076.590000,15.740000,177.700000,4.570000,105384.615336,489.808901
2001,11,1129.680000,15.740000,177.400000,4.650000,110709.854021,488.565907
2001,12,1144.930000,15.740000,176.700000,5.090000,112332.915152,473.747105
2002,1,1140.210000,15.736667,177.100000,5.040000,111998.484905,477.602282
2002,2,1100.670000,15.733333,177.800000,4.910000,108243.406774,484.474945
2002,3,1153.790000,15.730000,178.800000,5.280000,113596.308946,472.641829
2002,4,1111.930000,15.833333,179.800000,5.210000,109604.891554,477.279483
2002,5,1079.250000,15.936667,179.800000,5.160000,106514.475367,481.200974
2002,6,1014.020000,16.040000,179.900000,4.930000,100208.647357,491.937449
2002,7,903.590000,15.960000,180.100000,4.650000,89427.042037,504.884996
2002,8,912.550000,15.880000,180.700000,4.260000,90444.769194,522.745004
2002,9,867.810000,15.800000,181.000000,3.870000,86140.990376,541.368416
2002,10,854.630000,15.890000,181.300000,3.940000,84964.150716,540.007691
2002,11,909.930000,15.980000,181.300000,4.050000,90594.261363,536.936018
2002,12,899.180000,16.070000,180.900000,4.030000,89657.301932,539.624837
2003,1,895.840000,16.120000,181.700000,4.050000,89458.214156,540.556847
2003,2,837.030000,16.170000,183.100000,3.900000,83720.032527,549.040742
2003,3,846.630000,16.220000,184.200000,3.810000,84815.422046,554.900639
2003,4,890.030000,16.203333,183.800000,3.960000,89298.506388,549.845326
2003,5,935.960000,16.186667,183.500000,3.570000,94042.092741,569.546224
2003,6,988.000000,16.170000,183.700000,3.330000,99406.288034,582.771491
2003,7,992.540000,16.310000,183.900000,3.980000,99999.824735,553.392980
2003,8,989.530000,16.450000,184.600000,4.450000,99834.676349,534.405060
2003,9,1019.440000,16.590000,185.200000,4.270000,102991.808128,544.152493
2003,10,1038.730000,16.856667,185.000000,4.290000,105082.550948,545.210991
2003,11,1049.900000,17.123333,184.500000,4.300000,106356.913926,546.720581
2003,12,1080.640000,17.390000,184.300000,4.270000,109617.739175,550.003771
2004,1,1132.520000,17.600000,185.200000,4.150000,115029.107431,557.318855
2004,2,1143.360000,17.810000,186.200000,4.080000,116280.862713,562.423634
2004,3,1123.980000,18.020000,187.400000,3.830000,114462.618220,575.921863
2004,4,1133.360000,18.213333,188.000000,4.350000,115572.413925,553.672381
2004,5,1102.780000,18.406667,189.100000,4.720000,112610.487286,539.481146
2004,6,1132.760000,18.600000,189.700000,4.730000,115830.176312,541.176731
2004,7,1105.850000,18.786667,189.400000,4.500000,113238.584564,553.252082
2004,8,1088.940000,18.973333,189.500000,4.280000,111668.912654,565.148348
2004,9,1117.660000,19.160000,189.900000,4.130000,114777.834360,574.052344
2004,10,1117.210000,19.253333,190.900000,4.100000,114896.389764,577.429359
2004,11,1168.940000,19.346667,191.000000,4.190000,120382.223900,575.191202
2004,12,1199.210000,19.440000,190.300000,4.230000,123666.386578,575.338715
2005,1,1181.410000,19.703333,190.700000,4.220000,122000.115996,577.832335
2005,2,1199.630000,19.966667,191.800000,4.170000,124053.456285,582.207654
2005,3,1194.900000,20.230000,193.300000,4.500000,123738.659726,568.884374
2005,4,1164.430000,20.463333,194.600000,4.340000,120759.909893,578.342093
2005,5,1178.280000,20.696667,194.400000,4.140000,122375.122531,589.828213
2005,6,1202.250000,20.930000,194.500000,4.000000,125045.773222,598.613664
2005,7,1222.240000,21.110000,195.400000,4.180000,127307.899538,591.873923
2005,8,1224.270000,21.290000,196.400000,4.260000,127704.139612,590.111273
2005,9,1225.920000,21.470000,198.800000,4.200000,128062.880592,595.073855
2005,10,1191.960000,21.720000,199.200000,4.460000,124704.405642,584.775420
2005,11,1237.370000,21.970000,197.600000,4.540000,129646.803074,583.218966
2005,12,1262.070000,22.220000,196.800000,4.470000,132428.783160,588.690960
2006,1,1278.730000,22.406667,198.300000,4.420000,134372.841330,593.243651
2006,2,1276.650000,22.593333,198.700000,4.570000,134352.116618,588.343793
2006,3,1293.740000,22.780000,199.800000,4.720000,136350.411197,583.606302
2006,4,1302.170000,23.000000,201.500000,4.990000,137440.871610,573.595702
2006,5,1290.010000,23.220000,202.500000,5.110000,136361.647767,570.634730
2006,6,1253.170000,23.440000,202.900000,5.110000,132673.921818,573.064683
2006,7,1260.240000,23.660000,203.500000,5.090000,133631.168940,576.396001
2006,8,1287.150000,23.880000,203.900000,4.880000,136695.617602,588.341790
2006,9,1317.740000,24.100000,202.900000,4.720000,140157.567886,598.177662
2006,10,1363.380000,24.360000,201.800000,4.730000,145227.848261,600.057729
2006,11,1388.640000,24.620000,201.500000,4.600000,148137.099227,608.625213
2006,12,1416.420000,24.880000,201.800000,4.560000,151321.787989,612.897483
2007,1,1424.160000,25.083333,202.416000,4.760000,152371.995703,605.551865
2007,2,1444.800000,25.286667,203.499000,4.720000,154805.738854,609.869140
2007,3,1406.950000,25.490000,205.352000,4.560000,150977.829092,620.040636
2007,4,1463.640000,25.716667,206.686000,4.690000,157291.121679,616.014487
2007,5,1511.140000,25.943333,207.949000,4.750000,162628.078135,615.503588
2007,6,1514.190000,26.170000,208.352000,5.100000,163191.017619,601.200058
2007,7,1520.710000,26.440000,208.299000,5.000000,164131.170205,608.448235
2007,8,1454.620000,26.710000,207.917000,4.670000,157238.271224,626.896402
2007,9,1497.120000,26.980000,208.490000,4.520000,162075.376842,636.840237
2007,10,1539.660000,27.230000,208.936000,4.530000,166926.332392,638.731024
2007,11,1463.390000,27.480000,210.177000,4.150000,158905.594001,660.846324
2007,12,1479.220000,27.730000,210.036000,4.100000,160875.458423,665.820403
2008,1,1378.760000,27.920000,211.080000,3.740000,150202.776208,687.929591
2008,2,1354.870000,28.110000,211.693000,3.740000,147855.381215,690.073639
2008,3,1316.940000,28.300000,213.528000,3.510000,143973.486764,705.500306
2008,4,1370.470000,28.436667,214.823000,3.680000,150084.682351,697.611590
2008,5,1403.220000,28.573333,216.632000,3.880000,153932.006008,688.281047
2008,6,1341.250000,28.710000,218.815000,4.100000,147396.406396,678.185304
2008,7,1257.330000,28.756667,219.964000,4.010000,138437.385099,685.489832
2008,8,1281.470000,28.803333,219.086000,3.890000,141359.582657,694.539705
2008,9,1216.950000,28.850000,218.783000,3.690000,134507.554692,708.312462
2008,10,968.800000,28.696667,216.573000,3.810000,107344.244922,703.480142
2008,11,883.040000,28.543333,212.425000,3.530000,98105.483329,722.174216
2008,12,877.560000,28.390000,210.228000,2.420000,97759.500332,794.909789
2009,1,865.580000,28.013333,211.143000,2.520000,96684.992957,789.544236
2009,2,805.230000,27.636667,212.193000,2.870000,90201.168915,767.377736
2009,3,757.130000,27.260000,212.709000,2.820000,85067.518608,772.528876
2009,4,848.150000,26.703333,213.240000,2.930000,95544.113648,767.038829
2009,5,902.410000,26.146667,213.856000,3.290000,101901.955556,745.573827
2009,6,926.120000,25.590000,215.693000,3.720000,104820.142729,721.064365
2009,7,935.820000,25.026667,215.351000,3.560000,106154.055845,732.927217
2009,8,1009.730000,24.463333,215.834000,3.590000,114769.230885,733.269285
2009,9,1044.550000,23.900000,215.969000,3.400000,118953.365922,747.177014
2009,10,1067.660000,23.403333,216.177000,3.390000,121807.230641,749.922533
2009,11,1088.070000,22.906667,216.330000,3.400000,124353.548801,751.410534
2009,12,1110.380000,22.410000,215.949000,3.590000,127116.751468,741.642429
2010,1,1123.580000,22.240000,216.687000,3.730000,128840.063156,735.265437
2010,2,1089.160000,22.070000,216.741000,3.690000,125104.043803,739.990260
2010,3,1152.050000,21.900000,217.631000,3.730000,132537.394454,739.815276
2010,4,1197.320000,21.946667,218.009000,3.850000,137955.878040,734.806368
2010,5,1125.060000,21.993333,218.178000,3.420000,129841.214224,763.705142
2010,6,1083.360000,22.040000,217.965000,3.200000,125240.656385,780.142217
2010,7,1079.800000,22.143333,218.011000,3.010000,125042.427784,794.917241
2010,8,1087.280000,22.246667,218.312000,2.700000,126123.305842,818.329159
2010,9,1122.080000,22.350000,218.439000,2.650000,130376.116250,823.735152
2010,10,1171.580000,22.476667,218.711000,2.540000,136345.226709,833.490091
2010,11,1198.890000,22.603333,218.803000,2.760000,139742.698094,819.362386
2010,12,1241.530000,22.730000,219.179000,3.290000,144933.603521,784.544643
2011,1,1282.620000,22.963333,220.223000,3.390000,149953.754724,780.096096
2011,2,1321.120000,23.196667,221.309000,3.580000,154680.866803,769.942788
2011,3,1304.490000,23.430000,223.467000,3.410000,152962.379140,783.239771
2011,4,1331.510000,23.733333,224.906000,3.460000,156362.611475,782.182049
2011,5,1338.310000,24.036667,225.964000,3.170000,157396.376715,803.717409
2011,6,1287.290000,24.340000,225.722000,3.000000,151634.549618,817.547719
2011,7,1325.190000,24.620000,225.922000,3.000000,156340.601076,819.591588
2011,8,1185.310000,24.900000,226.545000,2.300000,140082.919890,872.468714
2011,9,1173.880000,25.180000,226.889000,1.980000,138980.080030,899.259929
2011,10,1207.220000,25.596667,226.421000,2.150000,143179.868850,887.101781
2011,11,1226.420000,26.013333,226.230000,2.010000,145714.150605,899.848869
2011,12,1243.320000,26.430000,225.672000,1.980000,147983.768323,903.784923
2012,1,1300.580000,26.736667,226.665000,1.970000,155064.219559,906.089704
2012,2,1352.490000,27.043333,227.663000,1.970000,161521.983084,907.577202
2012,3,1389.240000,27.350000,229.392000,2.170000,166183.066270,892.884964
2012,4,1386.430000,27.673333,230.085000,2.050000,166122.790292,904.107122
2012,5,1341.270000,27.996667,229.815000,1.800000,160991.242712,926.165334
2012,6,1323.480000,28.320000,229.478000,1.620000,159139.195865,942.817546
2012,7,1359.780000,28.743333,229.104000,1.530000,163792.031865,951.893131
2012,8,1403.450000,29.166667,230.379000,1.680000,169345.065197,940.072386
2012,9,1443.420000,29.590000,231.407000,1.720000,174465.517627,937.962467
2012,10,1437.820000,30.143333,231.317000,1.750000,174092.265759,936.746859
2012,11,1394.510000,30.696667,230.221000,1.650000,169157.991411,946.676757
2012,12,1422.290000,31.250000,229.601000,1.720000,172843.676422,941.940781
2013,1,1480.400000,31.536667,230.280000,1.910000,180224.863677,927.134344
2013,2,1512.310000,31.823333,232.166000,1.980000,184432.457385,922.770973
2013,3,1550.830000,32.110000,232.773000,1.960000,189456.459591,925.955601
2013,4,1570.700000,32.496667,232.531000,1.760000,192214.697741,944.308155
2013,5,1639.840000,32.883333,232.945000,1.930000,201011.059787,931.214954
2013,6,1618.770000,33.270000,233.504000,2.300000,198768.158122,902.187325
2013,7,1668.680000,33.646667,233.596000,2.580000,205240.876669,881.834544
2013,8,1670.090000,34.023333,233.877000,2.740000,205763.028629,871.490688
2013,9,1687.170000,34.400000,234.149000,2.810000,208220.552801,868.206104
2013,10,1720.030000,34.596667,233.546000,2.620000,212631.749531,884.631436
2013,11,1783.540000,34.793333,233.069000,2.720000,220841.348409,878.881425
2013,12,1807.780000,34.990000,233.049000,2.900000,224203.835850,867.253979
2014,1,1822.360000,35.403333,233.916000,2.860000,226377.969606,872.342058
2014,2,1817.040000,35.816667,234.781000,2.710000,226087.875748,885.788676
2014,3,1863.520000,36.230000,236.293000,2.720000,232246.882398,887.019931
2014,4,1864.260000,36.613333,237.072000,2.710000,232719.361221,889.801097
2014,5,1889.770000,36.996667,237.900000,2.560000,236288.690405,903.488941
2014,6,1947.090000,37.380000,238.343000,2.600000,243845.222155,902.260282
2014,7,1973.100000,37.750000,238.250000,2.540000,247496.573996,908.956471
2014,8,1961.530000,38.120000,237.852000,2.420000,246443.752930,920.488425
2014,9,1993.230000,38.490000,238.031000,2.530000,250829.480044,913.472524
2014,10,1937.270000,38.806667,237.433000,2.300000,244194.388743,934.012101
2014,11,2044.570000,39.123333,236.151000,2.330000,258130.597661,933.323403
2014,12,2054.270000,39.440000,234.812000,2.210000,259770.187417,945.101146
2015,1,2028.180000,39.896667,233.707000,1.880000,256891.432203,975.038126
2015,2,2082.200000,40.353333,234.722000,1.980000,264159.595762,967.793177
2015,3,2079.990000,40.810000,236.119000,2.040000,264310.671572,964.180751
2015,4,2094.860000,41.120000,236.599000,1.940000,266635.684795,974.511464
2015,5,2111.940000,41.430000,237.805000,2.200000,269249.080057,953.531205
2015,6,2099.290000,41.740000,238.638000,2.360000,268079.793613,941.801737
2015,7,2094.140000,41.996667,238.654000,2.320000,267869.052778,946.988297
2015,8,2039.870000,42.253333,238.316000,2.170000,261377.578094,961.482801
2015,9,1944.410000,42.510000,237.945000,2.170000,249599.781698,963.221483
2015,10,2024.810000,42.803333,237.838000,2.070000,260378.440007,973.591941
2015,11,2080.620000,43.096667,237.336000,2.260000,268017.102880,958.851358
2015,12,2054.080000,43.390000,236.525000,2.240000,265064.103901,962.361087
2016,1,1918.600000,43.553333,236.916000,2.090000,248049.747422,977.076419
2016,2,1904.420000,43.716667,237.111000,1.780000,246687.459083,1006.294786
2016,3,2021.950000,43.880000,238.132000,1.890000,262385.273049,997.784935
2016,4,2075.540000,44.073333,239.261000,1.810000,269816.173706,1006.597479
2016,5,2065.550000,44.266667,240.229000,1.810000,268997.041485,1008.115764
2016,6,2083.890000,44.460000,241.018000,1.640000,271867.966798,1025.311608
2016,7,2148.900000,44.650000,240.628000,1.500000,280834.712602,1039.931839
2016,8,2170.950000,44.840000,240.849000,1.560000,284204.711728,1035.502458
2016,9,2157.690000,45.030000,241.428000,1.630000,282960.060172,1030.215521
2016,10,2143.020000,45.253333,241.729000,1.760000,281530.776885,1019.436294
2016,11,2164.990000,45.476667,241.353000,2.140000,284914.858512,986.345938
2016,12,2246.630000,45.700000,241.432000,2.490000,296159.945003,957.797445
2017,1,2275.120000,45.926667,242.839000,2.430000,300420.133265,964.844581
2017,2,2329.910000,46.153333,243.603000,2.420000,308162.787857,967.648287
2017,3,2366.820000,46.380000,243.801000,2.480000,313555.844960,964.500193
2017,4,2359.310000,46.660000,244.524000,2.300000,313076.047277,981.874458
2017,5,2395.350000,46.940000,244.733000,2.300000,318377.559110,983.756384
2017,6,2433.990000,47.220000,244.955000,2.190000,324036.408372,995.279888
2017,7,2454.100000,47.536667,244.786000,2.320000,327241.025646,985.644302
2017,8,2456.220000,47.853333,245.519000,2.210000,328055.464937,997.197060
2017,9,2492.840000,48.170000,246.819000,2.200000,333482.609264,999.921288
2017,10,2557.000000,48.423333,246.663000,2.360000,342605.512929,987.621171
2017,11,2593.610000,48.676667,246.669000,2.350000,348054.292368,990.436377
2017,12,2664.340000,48.930000,246.524000,2.400000,358093.223231,988.009603
2018,1,2789.800000,49.286667,247.867000,2.580000,375507.346140,974.439689
2018,2,2705.160000,49.643333,248.991000,2.860000,364671.627182,953.000529
2018,3,2702.770000,50.000000,249.554000,2.840000,364911.132396,956.917441
2018,4,2653.630000,50.330000,250.546000,2.870000,358842.826570,956.707143
2018,5,2701.490000,50.660000,251.588000,2.976000,365885.682009,950.296084
2018,6,2754.350000,50.990000,251.989000,2.910000,373620.460370,958.049880
2018,7,2793.640000,51.440000,252.006000,2.890000,379531.522603,962.023536
2018,8,2857.820000,51.890000,252.146000,2.890000,388838.194429,964.340409
2018,9,2901.500000,52.340000,252.439000,3.000000,395374.797477,957.573735
2018,10,2785.460000,52.810000,252.885000,3.150000,380162.213327,947.747506
2018,11,2723.230000,53.280000,252.038000,3.120000,372274.979510,952.657732
2018,12,2567.310000,53.750000,251.233000,2.830000,351572.492711,978.998526
2019,1,2607.390000,54.146667,251.712000,2.710000,357679.039533,991.513236
2019,2,2754.860000,54.543333,252.776000,2.680000,378532.336719,996.340195
2019,3,2803.980000,54.940000,254.202000,2.570000,385910.771774,1008.150330
2019,4,2903.800000,55.319092,255.548000,2.530000,400283.425175,1013.842964
2019,5,2854.710000,55.698183,256.092000,2.400000,394156.284285,1027.601359
2019,6,2890.170000,56.077275,256.143000,2.060000,399697.553286,1060.969865
2019,7,2996.113636,56.458183,256.571000,1.630000,414999.742677,1104.539445
2019,8,2897.498182,56.839092,256.558000,1.630000,401996.329270,1106.039778
2019,9,2982.156000,57.220000,256.759000,1.700000,414403.234260,1100.481266
2019,10,2977.680000,57.560000,257.346000,1.710000,414447.794405,1101.037140
2019,11,3104.904500,57.900000,257.208000,1.810000,432827.077614,1092.618186
2019,12,3176.749524,58.240000,256.974000,1.860000,443518.912348,1089.322423
2020,1,3278.202857,58.686868,257.971000,1.760000,458366.017233,1100.916511
2020,2,3277.314211,59.133736,258.678000,1.500000,458930.782720,1128.890951
2020,3,2652.393636,59.580604,258.115000,0.870000,372116.807757,1197.849346
2020,4,2761.975238,59.613736,256.389000,0.660000,388187.484947,1222.857766
2020,5,2919.615000,59.646868,256.394000,0.670000,411041.888491,1222.357395
2020,6,3104.660909,59.680000,257.797000,0.730000,437794.000758,1216.025923
2020,7,3207.619091,59.403333,259.101000,0.620000,453010.373053,1229.627714
2020,8,3391.710000,59.126667,259.918000,0.650000,479705.305261,1226.721214
2020,9,3365.516667,58.850000,260.280000,0.680000,476694.279496,1223.857488
2020,10,3418.701364,58.659615,260.388000,0.790000,484919.782087,1211.714371
2020,11,3548.992500,58.469231,260.229000,0.870000,504091.825221,1203.305349
2020,12,3695.310000,58.278846,260.474000,0.930000,525564.289062,1197.340838
2021,1,3793.748421,58.063693,261.582000,1.080000,540252.836368,1181.386122
2021,2,3883.432105,57.848540,263.014000,1.260000,553710.836809,1162.635648
2021,3,3910.508261,57.633387,264.877000,1.610000,558256.226784,1126.582875
2021,4,4141.176190,57.710605,267.054000,1.640000,591872.466581,1125.003081
2021,5,4167.849500,57.787824,269.195000,1.620000,596372.987317,1128.600559
2021,6,4238.489545,57.865042,271.696000,1.520000,607170.780584,1140.507364
2021,7,4363.712857,58.328189,273.003000,1.320000,625805.532279,1163.143218
2021,8,4454.206364,58.791336,273.567000,1.280000,639485.931110,1168.753495
2021,9,4445.543333,59.254483,274.310000,1.370000,638951.114101,1160.251784
2021,10,4460.707143,59.635361,276.589000,1.580000,641844.860050,1139.225552
2021,11,4667.386667,60.016239,277.948000,1.560000,672303.322928,1142.817644
2021,12,4674.772727,60.397117,278.802000,1.470000,674092.212279,1153.788978
2022,1,4573.815500,60.921403,281.148000,1.760000,660266.457708,1124.775979
2022,2,4435.980526,61.445689,283.716000,1.930000,641108.069584,1109.180521
2022,3,4391.265217,61.969974,287.504000,2.130000,635391.958414,1091.149541
2022,4,4391.296000,62.653316,289.109000,2.750000,636151.878384,1034.427113
2022,5,4040.360000,63.336658,292.296000,2.900000,586077.606212,1023.439351
2022,6,3898.946667,64.020000,296.311000,3.140000,566338.656253,1005.005634
2022,7,3911.729500,64.452768,296.276000,2.900000,568975.587384,1028.400811
2022,8,4158.563043,64.885537,296.171000,2.900000,605664.930105,1030.886113
2022,9,3850.520476,65.318305,296.808000,3.520000,561593.497858,979.940647
2022,10,3726.050952,65.852204,298.012000,3.980000,544240.148299,945.930341
2022,11,3917.488571,66.386102,297.711000,3.890000,573010.251385,956.063105
2022,12,3912.380952,66.920000,296.797000,3.620000,573078.858884,980.643089
2023,1,3960.656500,67.350000,299.170000,3.530000,580972.287774,990.976792
2023,2,4079.684737,67.780000,300.840000,3.750000,599260.577154,975.860066
2023,3,3968.559130,68.210000,301.836000,3.660000,583772.395564,986.204449
2023,4,4121.467368,68.376667,303.363000,3.460000,607103.275334,1005.749492
2023,5,4146.173182,68.543333,304.127000,3.570000,611583.893221,999.421554
2023,6,4345.372857,68.710000,305.109000,3.750000,641811.559773,987.515779
2023,7,4508.075500,68.911045,305.691000,3.900000,666690.919804,978.435837
2023,8,4457.358696,69.112091,307.026000,4.170000,660042.243964,960.189438
2023,9,4409.095000,69.313136,307.789000,4.380000,653750.712722,947.330366
2023,10,4269.400909,69.643321,307.671000,4.800000,633898.340014,919.443037
2023,11,4460.063333,69.973507,307.051000,4.500000,663072.675639,945.153230
2023,12,4685.051500,70.303692,306.746000,4.020000,697392.414840,985.750614
2024,1,4815.613913,70.477403,308.417000,4.060000,717701.498683,985.838485
2024,2,5011.961500,70.651114,310.326000,4.210000,747841.890805,977.202587
2024,3,5170.572500,70.824826,312.332000,4.210000,772389.119359,980.630939
2024,4,5112.492727,71.208484,313.548000,4.540000,764599.499091,958.270464
2024,5,5235.225455,71.592142,314.069000,4.480000,783847.055358,966.492730
2024,6,5415.140526,71.975800,314.175000,4.310000,811682.991371,983.340698
2024,7,5538.004545,72.450533,314.540000,4.250000,831004.227117,991.640070
2024,8,5478.214545,72.925267,314.796000,3.870000,822944.348874,1026.144571
2024,9,5621.260500,73.400000,315.301000,3.720000,845351.747338,1042.202523
2024,10,5792.319565,73.877418,315.664000,4.100000,872002.255125,1013.207847
2024,11,5929.916000,74.354836,315.493000,4.360000,893649.460894,995.491000
2024,12,6010.908571,74.832255,315.605000,4.390000,906794.973376,996.710321
2025,1,5979.515500,75.269937,317.671000,4.630000,903005.327865,981.363627
2025,2,6038.690000,75.707619,319.082000,4.450000,912894.410134,999.292398
2025,3,5683.983333,76.145301,319.799000,4.280000,860231.164474,1016.706189
2025,4,5369.495714,76.546867,320.795000,4.280000,813601.063399,1020.332441
2025,5,5810.919524,76.948434,321.465000,4.420000,881458.458366,1012.519379
2025,6,6029.951500,77.350000,322.561000,4.380000,915661.190234,1019.501853
2025,7,6296.498182,77.726667,323.048000,4.390000,957120.461164,1022.404548
2025,8,6408.949524,78.103333,323.976000,4.260000,975203.370408,1036.879891
2025,9,6584.018095,78.480000,324.800000,4.120000,1002837.429670,1052.361757
2025,10,6735.691739,78.826667,325.212000,4.060000,1026939.965925,1061.122271
2025,11,6740.885789,79.173333,324.122000,4.090000,1028737.776756,1062.120893
2025,12,6853.025455,79.520000,324.054000,4.140000,1046862.903911,1061.427746
2026,1,6929.122000,79.801767,325.252000,4.210000,1059503.225118,1059.074702
2026,2,6893.806316,80.083533,326.785000,4.130000,1055123.687398,1069.674829
2026,3,6654.419091,80.365300,330.213000,4.250000,1019509.566178,1062.984062
2026,4,6957.007619,80.811267,333.020000,4.320000,1066900.262451,1060.755647
2026,5,7412.551500,81.257233,335.123000,4.480000,1137799.183383,1051.005223
2026,6,7450.032857,81.703200,333.952000,4.470000,1144597.527660,1055.769640
2026,7,7481.339091,,333.918000,4.600000,1149407.310175,1048.789842
2026,8,7711.323333,,333.901000,4.680000,1184741.301357,1046.163716
2026,9,7631.470000,,333.892500,4.750000,1172472.908766,1044.461280
