market,sample_start,sample_end,model,timing,fees_pct,cut_pct,cut_below_pct,early_cut_pct,early_cut_below_pct,early_years,period,stock_pct,rate_pct,n_windows,n_skipped,n_success,success_pct,median_terminal_per_1000,min_terminal_per_1000,failed_starts
germany,1871,2025,inflation_adjusted,start,0.8,,,,,,15,100,3,141,0,130,92.2,1672.0,0.0,1913 1914 1915 1923 1924 1941 1942 1943 1944 1945 1946
germany,1871,2025,inflation_adjusted,start,0.8,,,,,,15,100,4,141,0,119,84.4,1327.0,0.0,1912 1913 1914 1915 1916 1917 1918 1922 1923 1924 1937 1938 1939 1940 1941 1942 1943 1944 1945 1946 1947 1948
germany,1871,2025,inflation_adjusted,start,0.8,,,,,,15,100,5,141,0,111,78.7,981.0,0.0,1908 1909 1910 1911 1912 1913 1914 1915 1916 1917 1918 1920 1922 1923 1924 1927 1937 1938 1939 1940 1941 1942 1943 1944 1945 1946 1947 1948 1961 2000
germany,1871,2025,inflation_adjusted,start,0.8,,,,,,15,100,6,141,0,101,71.6,690.0,0.0,1906 1907 1908 1909 1910 1911 1912 1913 1914 1915 1916 1917 1918 1919 1920 1922 1923 1924 1927 1928 1929 1936 1937 1938 1939 1940 1941 1942 1943 1944 1945 1946 1947 1948 1961 1962 1969 1970 2000 2001
germany,1871,2025,inflation_adjusted,start,0.8,,,,,,15,100,7,141,0,84,59.6,399.0,0.0,1905 1906 1907 1908 1909 1910 1911 1912 1913 1914 1915 1916 1917 1918 1919 1920 1921 1922 1923 1924 1925 1927 1928 1929 1930 1935 1936 1937 1938 1939 1940 1941 1942 1943 1944 1945 1946 1947 1948 1960 1961 1962 1963 1964 1965 1968 1969 1970 1971 1972 1973 1998 1999 2000 2001 2002 2008
germany,1871,2025,inflation_adjusted,start,0.8,,,,,,15,100,8,141,0,77,54.6,107.0,0.0,1872 1873 1899 1904 1905 1906 1907 1908 1909 1910 1911 1912 1913 1914 1915 1916 1917 1918 1919 1920 1921 1922 1923 1924 1925 1927 1928 1929 1930 1935 1936 1937 1938 1939 1940 1941 1942 1943 1944 1945 1946 1947 1948 1960 1961 1962 1963 1964 1965 1966 1968 1969 1970 1971 1972 1973 1987 1998 1999 2000 2001 2002 2007 2008
germany,1871,2025,inflation_adjusted,start,0.8,,,,,,15,100,9,141,0,63,44.7,0.0,0.0,1872 1873 1889 1890 1896 1897 1898 1899 1900 1903 1904 1905 1906 1907 1908 1909 1910 1911 1912 1913 1914 1915 1916 1917 1918 1919 1920 1921 1922 1923 1924 1925 1927 1928 1929 1930 1935 1936 1937 1938 1939 1940 1941 1942 1943 1944 1945 1946 1947 1948 1960 1961 1962 1963 1964 1965 1966 1967 1968 1969 1970 1971 1972 1973 1974 1976 1979 1986 1987 1990 1998 1999 2000 2001 2002 2006 2007 2008
germany,1871,2025,inflation_adjusted,start,0.8,,,,,,15,100,10,141,0,41,29.1,0.0,0.0,1871 1872 1873 1874 1882 1883 1884 1885 1886 1887 1888 1889 1890 1891 1895 1896 1897 1898 1899 1900 1901 1902 1903 1904 1905 1906 1907 1908 1909 1910 1911 1912 1913 1914 1915 1916 1917 1918 1919 1920 1921 1922 1923 1924 1925 1927 1928 1929 1930 1931 1935 1936 1937 1938 1939 1940 1941 1942 1943 1944 1945 1946 1947 1948 1960 1961 1962 1963 1964 1965 1966 1967 1968 1969 1970 1971 1972 1973 1974 1975 1976 1977 1978 1979 1986 1987 1990 1994 1997 1998 1999 2000 2001 2002 2004 2005 2006 2007 2008 2011
germany,1871,2025,inflation_adjusted,start,0.8,,,,,,15,100,11,141,0,27,19.1,0.0,0.0,1871 1872 1873 1874 1875 1880 1881 1882 1883 1884 1885 1886 1887 1888 1889 1890 1891 1892 1893 1894 1895 1896 1897 1898 1899 1900 1901 1902 1903 1904 1905 1906 1907 1908 1909 1910 1911 1912 1913 1914 1915 1916 1917 1918 1919 1920 1921 1922 1923 1924 1925 1926 1927 1928 1929 1930 1931 1935 1936 1937 1938 1939 1940 1941 1942 1943 1944 1945 1946 1947 1948 1960 1961 1962 1963 1964 1965 1966 1967 1968 1969 1970 1971 1972 1973 1974 1975 1976 1977 1978 1979 1980 1986 1987 1989 1990 1991 1992 1994 1995 1996 1997 1998 1999 2000 2001 2002 2004 2005 2006 2007 2008 2010 2011
germany,1871,2025,inflation_adjusted,start,0.8,,,,,,15,100,12,141,0,22,15.6,0.0,0.0,1871 1872 1873 1874 1875 1876 1880 1881 1882 1883 1884 1885 1886 1887 1888 1889 1890 1891 1892 1893 1894 1895 1896 1897 1898 1899 1900 1901 1902 1903 1904 1905 1906 1907 1908 1909 1910 1911 1912 1913 1914 1915 1916 1917 1918 1919 1920 1921 1922 1923 1924 1925 1926 1927 1928 1929 1930 1931 1934 1935 1936 1937 1938 1939 1940 1941 1942 1943 1944 1945 1946 1947 1948 1959 1960 1961 1962 1963 1964 1965 1966 1967 1968 1969 1970 1971 1972 1973 1974 1975 1976 1977 1978 1979 1980 1986 1987 1989 1990 1991 1992 1993 1994 1995 1996 1997 1998 1999 2000 2001 2002 2004 2005 2006 2007 2008 2009 2010 2011
germany,1871,2025,inflation_adjusted,start,0.8,,,,,,15,75,3,122,19,111,91.0,1545.0,0.0,1912 1913 1914 1915 1916 1917 1918 1920 1922 1923 1924
germany,1871,2025,inflation_adjusted,start,0.8,,,,,,15,75,4,122,19,109,89.3,1257.0,0.0,1911 1912 1913 1914 1915 1916 1917 1918 1919 1920 1922 1923 1924
germany,1871,2025,inflation_adjusted,start,0.8,,,,,,15,75,5,122,19,105,86.1,935.0,0.0,1908 1909 1910 1911 1912 1913 1914 1915 1916 1917 1918 1919 1920 1921 1922 1923 1924
germany,1871,2025,inflation_adjusted,start,0.8,,,,,,15,75,6,122,19,98,80.3,699.0,0.0,1906 1907 1908 1909 1910 1911 1912 1913 1914 1915 1916 1917 1918 1919 1920 1921 1922 1923 1924 1927 1961 1962 1970 2000
germany,1871,2025,inflation_adjusted,start,0.8,,,,,,15,75,7,122,19,87,71.3,463.0,0.0,1905 1906 1907 1908 1909 1910 1911 1912 1913 1914 1915 1916 1917 1918 1919 1920 1921 1922 1923 1924 1927 1928 1929 1961 1962 1964 1965 1968 1969 1970 1971 1973 1999 2000 2001
germany,1871,2025,inflation_adjusted,start,0.8,,,,,,15,75,8,122,19,72,59.0,174.0,0.0,1872 1897 1898 1899 1900 1904 1905 1906 1907 1908 1909 1910 1911 1912 1913 1914 1915 1916 1917 1918 1919 1920 1921 1922 1923 1924 1925 1927 1928 1929 1960 1961 1962 1963 1964 1965 1966 1968 1969 1970 1971 1972 1973 1998 1999 2000 2001 2002 2007 2008
germany,1871,2025,inflation_adjusted,start,0.8,,,,,,15,75,9,122,19,54,44.3,0.0,0.0,1872 1873 1887 1889 1890 1895 1896 1897 1898 1899 1900 1901 1902 1903 1904 1905 1906 1907 1908 1909 1910 1911 1912 1913 1914 1915 1916 1917 1918 1919 1920 1921 1922 1923 1924 1925 1927 1928 1929 1960 1961 1962 1963 1964 1965 1966 1967 1968 1969 1970 1971 1972 1973 1974 1976 1978 1979 1986 1987 1998 1999 2000 2001 2002 2006 2007 2008 2011
germany,1871,2025,inflation_adjusted,start,0.8,,,,,,15,75,10,122,19,32,26.2,0.0,0.0,1871 1872 1873 1874 1880 1881 1882 1883 1884 1885 1886 1887 1888 1889 1890 1891 1892 1893 1894 1895 1896 1897 1898 1899 1900 1901 1902 1903 1904 1905 1906 1907 1908 1909 1910 1911 1912 1913 1914 1915 1916 1917 1918 1919 1920 1921 1922 1923 1924 1925 1927 1928 1929 1960 1961 1962 1963 1964 1965 1966 1967 1968 1969 1970 1971 1972 1973 1974 1975 1976 1977 1978 1979 1986 1987 1990 1994 1997 1998 1999 2000 2001 2002 2004 2005 2006 2007 2008 2010 2011
germany,1871,2025,inflation_adjusted,start,0.8,,,,,,15,75,11,122,19,23,18.9,0.0,0.0,1871 1872 1873 1874 1875 1880 1881 1882 1883 1884 1885 1886 1887 1888 1889 1890 1891 1892 1893 1894 1895 1896 1897 1898 1899 1900 1901 1902 1903 1904 1905 1906 1907 1908 1909 1910 1911 1912 1913 1914 1915 1916 1917 1918 1919 1920 1921 1922 1923 1924 1925 1926 1927 1928 1929 1960 1961 1962 1963 1964 1965 1966 1967 1968 1969 1970 1971 1972 1973 1974 1975 1976 1977 1978 1979 1980 1986 1987 1989 1990 1991 1992 1994 1995 1996 1997 1998 1999 2000 2001 2002 2004 2005 2006 2007 2008 2009 2010 2011
germany,1871,2025,inflation_adjusted,start,0.8,,,,,,15,75,12,122,19,11,9.0,0.0,0.0,1871 1872 1873 1874 1875 1876 1877 1879 1880 1881 1882 1883 1884 1885 1886 1887 1888 1889 1890 1891 1892 1893 1894 1895 1896 1897 1898 1899 1900 1901 1902 1903 1904 1905 1906 1907 1908 1909 1910 1911 1912 1913 1914 1915 1916 1917 1918 1919 1920 1921 1922 1923 1924 1925 1926 1927 1928 1929 1955 1956 1959 1960 1961 1962 1963 1964 1965 1966 1967 1968 1969 1970 1971 1972 1973 1974 1975 1976 1977 1978 1979 1980 1981 1984 1985 1986 1987 1988 1989 1990 1991 1992 1993 1994 1995 1996 1997 1998 1999 2000 2001 2002 2003 2004 2005 2006 2007 2008 2009 2010 2011
germany,1871,2025,inflation_adjusted,start,0.8,,,,,,15,50,3,122,19,108,88.5,1321.0,0.0,1911 1912 1913 1914 1915 1916 1917 1918 1919 1920 1921 1922 1923 1924
germany,1871,2025,inflation_adjusted,start,0.8,,,,,,15,50,4,122,19,106,86.9,1071.0,0.0,1909 1910 1911 1912 1913 1914 1915 1916 1917 1918 1919 1920 1921 1922 1923 1924
germany,1871,2025,inflation_adjusted,start,0.8,,,,,,15,50,5,122,19,104,85.2,835.0,0.0,1907 1908 1909 1910 1911 1912 1913 1914 1915 1916 1917 1918 1919 1920 1921 1922 1923 1924
germany,1871,2025,inflation_adjusted,start,0.8,,,,,,15,50,6,122,19,102,83.6,583.0,0.0,1905 1906 1907 1908 1909 1910 1911 1912 1913 1914 1915 1916 1917 1918 1919 1920 1921 1922 1923 1924
germany,1871,2025,inflation_adjusted,start,0.8,,,,,,15,50,7,122,19,95,77.9,357.0,0.0,1904 1905 1906 1907 1908 1909 1910 1911 1912 1913 1914 1915 1916 1917 1918 1919 1920 1921 1922 1923 1924 1961 1962 1965 1969 1970 2000
germany,1871,2025,inflation_adjusted,start,0.8,,,,,,15,50,8,122,19,74,60.7,126.0,0.0,1895 1896 1897 1898 1899 1900 1903 1904 1905 1906 1907 1908 1909 1910 1911 1912 1913 1914 1915 1916 1917 1918 1919 1920 1921 1922 1923 1924 1927 1928 1929 1960 1961 1962 1963 1964 1965 1966 1968 1969 1970 1971 1972 1973 1999 2000 2001 2008
germany,1871,2025,inflation_adjusted,start,0.8,,,,,,15,50,9,122,19,46,37.7,0.0,0.0,1872 1873 1882 1884 1885 1886 1887 1888 1889 1890 1891 1894 1895 1896 1897 1898 1899 1900 1901 1902 1903 1904 1905 1906 1907 1908 1909 1910 1911 1912 1913 1914 1915 1916 1917 1918 1919 1920 1921 1922 1923 1924 1925 1927 1928 1929 1960 1961 1962 1963 1964 1965 1966 1967 1968 1969 1970 1971 1972 1973 1974 1976 1977 1978 1979 1987 1998 1999 2000 2001 2002 2006 2007 2008 2010 2011
germany,1871,2025,inflation_adjusted,start,0.8,,,,,,15,50,10,122,19,29,23.8,0.0,0.0,1871 1872 1873 1874 1880 1881 1882 1883 1884 1885 1886 1887 1888 1889 1890 1891 1892 1893 1894 1895 1896 1897 1898 1899 1900 1901 1902 1903 1904 1905 1906 1907 1908 1909 1910 1911 1912 1913 1914 1915 1916 1917 1918 1919 1920 1921 1922 1923 1924 1925 1927 1928 1929 1960 1961 1962 1963 1964 1965 1966 1967 1968 1969 1970 1971 1972 1973 1974 1975 1976 1977 1978 1979 1980 1986 1987 1989 1990 1994 1997 1998 1999 2000 2001 2002 2004 2005 2006 2007 2008 2009 2010 2011
germany,1871,2025,inflation_adjusted,start,0.8,,,,,,15,50,11,122,19,14,11.5,0.0,0.0,1871 1872 1873 1874 1875 1876 1877 1879 1880 1881 1882 1883 1884 1885 1886 1887 1888 1889 1890 1891 1892 1893 1894 1895 1896 1897 1898 1899 1900 1901 1902 1903 1904 1905 1906 1907 1908 1909 1910 1911 1912 1913 1914 1915 1916 1917 1918 1919 1920 1921 1922 1923 1924 1925 1927 1928 1929 1955 1956 1959 1960 1961 1962 1963 1964 1965 1966 1967 1968 1969 1970 1971 1972 1973 1974 1975 1976 1977 1978 1979 1980 1981 1986 1987 1988 1989 1990 1991 1992 1993 1994 1995 1996 1997 1998 1999 2000 2001 2002 2003 2004 2005 2006 2007 2008 2009 2010 2011
germany,1871,2025,inflation_adjusted,start,0.8,,,,,,15,50,12,122,19,8,6.6,0.0,0.0,1871 1872 1873 1874 1875 1876 1877 1878 1879 1880 1881 1882 1883 1884 1885 1886 1887 1888 1889 1890 1891 1892 1893 1894 1895 1896 1897 1898 1899 1900 1901 1902 1903 1904 1905 1906 1907 1908 1909 1910 1911 1912 1913 1914 1915 1916 1917 1918 1919 1920 1921 1922 1923 1924 1925 1926 1927 1928 1929 1955 1956 1957 1959 1960 1961 1962 1963 1964 1965 1966 1967 1968 1969 1970 1971 1972 1973 1974 1975 1976 1977 1978 1979 1980 1981 1983 1984 1985 1986 1987 1988 1989 1990 1991 1992 1993 1994 1995 1996 1997 1998 1999 2000 2001 2002 2003 2004 2005 2006 2007 2008 2009 2010 2011
germany,1871,2025,inflation_adjusted,start,0.8,,,,,,15,25,3,122,19,106,86.9,1289.0,0.0,1909 1910 1911 1912 1913 1914 1915 1916 1917 1918 1919 1920 1921 1922 1923 1924
germany,1871,2025,inflation_adjusted,start,0.8,,,,,,15,25,4,122,19,105,86.1,1036.0,0.0,1908 1909 1910 1911 1912 1913 1914 1915 1916 1917 1918 1919 1920 1921 1922 1923 1924
germany,1871,2025,inflation_adjusted,start,0.8,,,,,,15,25,5,122,19,104,85.2,787.0,0.0,1907 1908 1909 1910 1911 1912 1913 1914 1915 1916 1917 1918 1919 1920 1921 1922 1923 1924
germany,1871,2025,inflation_adjusted,start,0.8,,,,,,15,25,6,122,19,102,83.6,552.0,0.0,1905 1906 1907 1908 1909 1910 1911 1912 1913 1914 1915 1916 1917 1918 1919 1920 1921 1922 1923 1924
germany,1871,2025,inflation_adjusted,start,0.8,,,,,,15,25,7,122,19,98,80.3,308.0,0.0,1904 1905 1906 1907 1908 1909 1910 1911 1912 1913 1914 1915 1916 1917 1918 1919 1920 1921 1922 1923 1924 1962 1969 1970
germany,1871,2025,inflation_adjusted,start,0.8,,,,,,15,25,8,122,19,70,57.4,83.0,0.0,1889 1890 1895 1896 1897 1898 1899 1900 1901 1902 1903 1904 1905 1906 1907 1908 1909 1910 1911 1912 1913 1914 1915 1916 1917 1918 1919 1920 1921 1922 1923 1924 1960 1961 1962 1963 1964 1965 1966 1968 1969 1970 1971 1972 1973 1999 2000 2001 2007 2008 2010 2011
germany,1871,2025,inflation_adjusted,start,0.8,,,,,,15,25,9,122,19,36,29.5,0.0,0.0,1872 1873 1880 1882 1884 1885 1886 1887 1888 1889 1890 1891 1892 1893 1894 1895 1896 1897 1898 1899 1900 1901 1902 1903 1904 1905 1906 1907 1908 1909 1910 1911 1912 1913 1914 1915 1916 1917 1918 1919 1920 1921 1922 1923 1924 1925 1927 1956 1960 1961 1962 1963 1964 1965 1966 1967 1968 1969 1970 1971 1972 1973 1974 1975 1976 1977 1978 1979 1986 1987 1990 1994 1998 1999 2000 2001 2002 2003 2004 2005 2006 2007 2008 2009 2010 2011
germany,1871,2025,inflation_adjusted,start,0.8,,,,,,15,25,10,122,19,13,10.7,0.0,0.0,1871 1872 1873 1874 1875 1876 1877 1879 1880 1881 1882 1883 1884 1885 1886 1887 1888 1889 1890 1891 1892 1893 1894 1895 1896 1897 1898 1899 1900 1901 1902 1903 1904 1905 1906 1907 1908 1909 1910 1911 1912 1913 1914 1915 1916 1917 1918 1919 1920 1921 1922 1923 1924 1925 1927 1928 1929 1955 1956 1957 1959 1960 1961 1962 1963 1964 1965 1966 1967 1968 1969 1970 1971 1972 1973 1974 1975 1976 1977 1978 1979 1980 1981 1986 1987 1988 1989 1990 1991 1992 1993 1994 1995 1996 1997 1998 1999 2000 2001 2002 2003 2004 2005 2006 2007 2008 2009 2010 2011
germany,1871,2025,inflation_adjusted,start,0.8,,,,,,15,25,11,122,19,4,3.3,0.0,0.0,1871 1872 1873 1874 1875 1876 1877 1878 1879 1880 1881 1882 1883 1884 1885 1886 1887 1888 1889 1890 1891 1892 1893 1894 1895 1896 1897 1898 1899 1900 1901 1902 1903 1904 1905 1906 1907 1908 1909 1910 1911 1912 1913 1914 1915 1916 1917 1918 1919 1920 1921 1922 1923 1924 1925 1926 1927 1928 1929 1953 1954 1955 1956 1957 1958 1959 1960 1961 1962 1963 1964 1965 1966 1967 1968 1969 1970 1971 1972 1973 1974 1975 1976 1977 1978 1979 1980 1981 1982 1983 1984 1985 1986 1987 1988 1989 1990 1991 1992 1993 1994 1995 1996 1997 1998 1999 2000 2001 2002 2003 2004 2005 2006 2007 2008 2009 2010 2011
germany,1871,2025,inflation_adjusted,start,0.8,,,,,,15,25,12,122,19,3,2.5,0.0,0.0,1871 1872 1873 1874 1875 1876 1877 1878 1879 1880 1881 1882 1883 1884 1885 1886 1887 1888 1889 1890 1891 1892 1893 1894 1895 1896 1897 1898 1899 1900 1901 1902 1903 1904 1905 1906 1907 1908 1909 1910 1911 1912 1913 1914 1915 1916 1917 1918 1919 1920 1921 1922 1923 1924 1925 1926 1927 1928 1929 1952 1953 1954 1955 1956 1957 1958 1959 1960 1961 1962 1963 1964 1965 1966 1967 1968 1969 1970 1971 1972 1973 1974 1975 1976 1977 1978 1979 1980 1981 1982 1983 1984 1985 1986 1987 1988 1989 1990 1991 1992 1993 1994 1995 1996 1997 1998 1999 2000 2001 2002 2003 2004 2005 2006 2007 2008 2009 2010 2011
germany,1871,2025,inflation_adjusted,start,0.8,,,,,,15,0,3,122,19,106,86.9,1128.0,0.0,1909 1910 1911 1912 1913 1914 1915 1916 1917 1918 1919 1920 1921 1922 1923 1924
germany,1871,2025,inflation_adjusted,start,0.8,,,,,,15,0,4,122,19,104,85.2,919.0,0.0,1907 1908 1909 1910 1911 1912 1913 1914 1915 1916 1917 1918 1919 1920 1921 1922 1923 1924
germany,1871,2025,inflation_adjusted,start,0.8,,,,,,15,0,5,122,19,103,84.4,696.0,0.0,1906 1907 1908 1909 1910 1911 1912 1913 1914 1915 1916 1917 1918 1919 1920 1921 1922 1923 1924
germany,1871,2025,inflation_adjusted,start,0.8,,,,,,15,0,6,122,19,101,82.8,443.0,0.0,1904 1905 1906 1907 1908 1909 1910 1911 1912 1913 1914 1915 1916 1917 1918 1919 1920 1921 1922 1923 1924
germany,1871,2025,inflation_adjusted,start,0.8,,,,,,15,0,7,122,19,92,75.4,177.0,0.0,1895 1896 1897 1898 1899 1902 1903 1904 1905 1906 1907 1908 1909 1910 1911 1912 1913 1914 1915 1916 1917 1918 1919 1920 1921 1922 1923 1924 1969 2011
germany,1871,2025,inflation_adjusted,start,0.8,,,,,,15,0,8,122,19,50,41.0,0.0,0.0,1886 1887 1888 1889 1890 1894 1895 1896 1897 1898 1899 1900 1901 1902 1903 1904 1905 1906 1907 1908 1909 1910 1911 1912 1913 1914 1915 1916 1917 1918 1919 1920 1921 1922 1923 1924 1949 1950 1951 1952 1953 1954 1955 1956 1960 1961 1962 1963 1964 1965 1966 1968 1969 1970 1971 1972 1973 1977 1978 1979 1999 2001 2002 2003 2004 2005 2006 2007 2008 2009 2010 2011
germany,1871,2025,inflation_adjusted,start,0.8,,,,,,15,0,9,122,19,14,11.5,0.0,0.0,1871 1872 1873 1879 1880 1881 1882 1883 1884 1885 1886 1887 1888 1889 1890 1891 1892 1893 1894 1895 1896 1897 1898 1899 1900 1901 1902 1903 1904 1905 1906 1907 1908 1909 1910 1911 1912 1913 1914 1915 1916 1917 1918 1919 1920 1921 1922 1923 1924 1925 1949 1950 1951 1952 1953 1954 1955 1956 1957 1958 1959 1960 1961 1962 1963 1964 1965 1966 1967 1968 1969 1970 1971 1972 1973 1974 1975 1976 1977 1978 1979 1980 1981 1983 1985 1986 1987 1988 1989 1990 1993 1994 1996 1997 1998 1999 2000 2001 2002 2003 2004 2005 2006 2007 2008 2009 2010 2011
germany,1871,2025,inflation_adjusted,start,0.8,,,,,,15,0,10,122,19,2,1.6,0.0,0.0,1871 1872 1873 1874 1875 1876 1877 1878 1879 1880 1881 1882 1883 1884 1885 1886 1887 1888 1889 1890 1891 1892 1893 1894 1895 1896 1897 1898 1899 1900 1901 1902 1903 1904 1905 1906 1907 1908 1909 1910 1911 1912 1913 1914 1915 1916 1917 1918 1919 1920 1921 1922 1923 1924 1925 1926 1927 1949 1950 1951 1952 1953 1954 1955 1956 1957 1958 1959 1960 1961 1962 1963 1964 1965 1966 1967 1968 1969 1970 1971 1972 1973 1974 1975 1976 1977 1978 1979 1980 1981 1982 1983 1984 1985 1986 1987 1988 1989 1990 1991 1992 1993 1994 1995 1996 1997 1998 1999 2000 2001 2002 2003 2004 2005 2006 2007 2008 2009 2010 2011
germany,1871,2025,inflation_adjusted,start,0.8,,,,,,15,0,11,122,19,0,0.0,0.0,0.0,1871 1872 1873 1874 1875 1876 1877 1878 1879 1880 1881 1882 1883 1884 1885 1886 1887 1888 1889 1890 1891 1892 1893 1894 1895 1896 1897 1898 1899 1900 1901 1902 1903 1904 1905 1906 1907 1908 1909 1910 1911 1912 1913 1914 1915 1916 1917 1918 1919 1920 1921 1922 1923 1924 1925 1926 1927 1928 1929 1949 1950 1951 1952 1953 1954 1955 1956 1957 1958 1959 1960 1961 1962 1963 1964 1965 1966 1967 1968 1969 1970 1971 1972 1973 1974 1975 1976 1977 1978 1979 1980 1981 1982 1983 1984 1985 1986 1987 1988 1989 1990 1991 1992 1993 1994 1995 1996 1997 1998 1999 2000 2001 2002 2003 2004 2005 2006 2007 2008 2009 2010 2011
germany,1871,2025,inflation_adjusted,start,0.8,,,,,,15,0,12,122,19,0,0.0,0.0,0.0,1871 1872 1873 1874 1875 1876 1877 1878 1879 1880 1881 1882 1883 1884 1885 1886 1887 1888 1889 1890 1891 1892 1893 1894 1895 1896 1897 1898 1899 1900 1901 1902 1903 1904 1905 1906 1907 1908 1909 1910 1911 1912 1913 1914 1915 1916 1917 1918 1919 1920 1921 1922 1923 1924 1925 1926 1927 1928 1929 1949 1950 1951 1952 1953 1954 1955 1956 1957 1958 1959 1960 1961 1962 1963 1964 1965 1966 1967 1968 1969 1970 1971 1972 1973 1974 1975 1976 1977 1978 1979 1980 1981 1982 1983 1984 1985 1986 1987 1988 1989 1990 1991 1992 1993 1994 1995 1996 1997 1998 1999 2000 2001 2002 2003 2004 2005 2006 2007 2008 2009 2010 2011
germany,1871,2025,inflation_adjusted,start,0.8,,,,,,20,100,3,136,0,116,85.3,1898.0,0.0,1909 1910 1911 1912 1913 1914 1915 1916 1917 1918 1923 1924 1937 1940 1941 1942 1943 1944 1945 1946
germany,1871,2025,inflation_adjusted,start,0.8,,,,,,20,100,4,136,0,105,77.2,1408.0,0.0,1906 1907 1908 1909 1910 1911 1912 1913 1914 1915 1916 1917 1918 1920 1922 1923 1924 1936 1937 1938 1939 1940 1941 1942 1943 1944 1945 1946 1947 1948 1961
germany,1871,2025,inflation_adjusted,start,0.8,,,,,,20,100,5,136,0,88,64.7,781.0,0.0,1904 1905 1906 1907 1908 1909 1910 1911 1912 1913 1914 1915 1916 1917 1918 1919 1920 1922 1923 1924 1927 1928 1929 1930 1934 1935 1936 1937 1938 1939 1940 1941 1942 1943 1944 1945 1946 1947 1948 1960 1961 1962 1964 1965 1969 1970 2000 2001
germany,1871,2025,inflation_adjusted,start,0.8,,,,,,20,100,6,136,0,71,52.2,218.0,0.0,1899 1900 1902 1903 1904 1905 1906 1907 1908 1909 1910 1911 1912 1913 1914 1915 1916 1917 1918 1919 1920 1921 1922 1923 1924 1925 1927 1928 1929 1930 1931 1933 1934 1935 1936 1937 1938 1939 1940 1941 1942 1943 1944 1945 1946 1947 1948 1960 1961 1962 1963 1964 1965 1966 1968 1969 1970 1971 1972 1973 1998 1999 2000 2001 2002
germany,1871,2025,inflation_adjusted,start,0.8,,,,,,20,100,7,136,0,60,44.1,0.0,0.0,1872 1873 1890 1896 1897 1898 1899 1900 1901 1902 1903 1904 1905 1906 1907 1908 1909 1910 1911 1912 1913 1914 1915 1916 1917 1918 1919 1920 1921 1922 1923 1924 1925 1927 1928 1929 1930 1931 1932 1933 1934 1935 1936 1937 1938 1939 1940 1941 1942 1943 1944 1945 1946 1947 1948 1960 1961 1962 1963 1964 1965 1966 1967 1968 1969 1970 1971 1972 1973 1987 1998 1999 2000 2001 2002 2006
germany,1871,2025,inflation_adjusted,start,0.8,,,,,,20,100,8,136,0,43,31.6,0.0,0.0,1872 1873 1882 1884 1885 1886 1887 1889 1890 1891 1895 1896 1897 1898 1899 1900 1901 1902 1903 1904 1905 1906 1907 1908 1909 1910 1911 1912 1913 1914 1915 1916 1917 1918 1919 1920 1921 1922 1923 1924 1925 1927 1928 1929 1930 1931 1932 1933 1934 1935 1936 1937 1938 1939 1940 1941 1942 1943 1944 1945 1946 1947 1948 1960 1961 1962 1963 1964 1965 1966 1967 1968 1969 1970 1971 1972 1973 1974 1976 1977 1978 1979 1986 1987 1990 1994 1997 1998 1999 2000 2001 2002 2006
germany,1871,2025,inflation_adjusted,start,0.8,,,,,,20,100,9,136,0,24,17.6,0.0,0.0,1871 1872 1873 1874 1880 1881 1882 1883 1884 1885 1886 1887 1888 1889 1890 1891 1892 1893 1894 1895 1896 1897 1898 1899 1900 1901 1902 1903 1904 1905 1906 1907 1908 1909 1910 1911 1912 1913 1914 1915 1916 1917 1918 1919 1920 1921 1922 1923 1924 1925 1926 1927 1928 1929 1930 1931 1932 1933 1934 1935 1936 1937 1938 1939 1940 1941 1942 1943 1944 1945 1946 1947 1948 1959 1960 1961 1962 1963 1964 1965 1966 1967 1968 1969 1970 1971 1972 1973 1974 1975 1976 1977 1978 1979 1986 1987 1989 1990 1991 1992 1994 1995 1996 1997 1998 1999 2000 2001 2002 2004 2005 2006
germany,1871,2025,inflation_adjusted,start,0.8,,,,,,20,100,10,136,0,21,15.4,0.0,0.0,1871 1872 1873 1874 1875 1880 1881 1882 1883 1884 1885 1886 1887 1888 1889 1890 1891 1892 1893 1894 1895 1896 1897 1898 1899 1900 1901 1902 1903 1904 1905 1906 1907 1908 1909 1910 1911 1912 1913 1914 1915 1916 1917 1918 1919 1920 1921 1922 1923 1924 1925 1926 1927 1928 1929 1930 1931 1932 1933 1934 1935 1936 1937 1938 1939 1940 1941 1942 1943 1944 1945 1946 1947 1948 1959 1960 1961 1962 1963 1964 1965 1966 1967 1968 1969 1970 1971 1972 1973 1974 1975 1976 1977 1978 1979 1980 1986 1987 1989 1990 1991 1992 1993 1994 1995 1996 1997 1998 1999 2000 2001 2002 2004 2005 2006
germany,1871,2025,inflation_adjusted,start,0.8,,,,,,20,100,11,136,0,11,8.1,0.0,0.0,1871 1872 1873 1874 1875 1876 1877 1879 1880 1881 1882 1883 1884 1885 1886 1887 1888 1889 1890 1891 1892 1893 1894 1895 1896 1897 1898 1899 1900 1901 1902 1903 1904 1905 1906 1907 1908 1909 1910 1911 1912 1913 1914 1915 1916 1917 1918 1919 1920 1921 1922 1923 1924 1925 1926 1927 1928 1929 1930 1931 1932 1933 1934 1935 1936 1937 1938 1939 1940 1941 1942 1943 1944 1945 1946 1947 1948 1955 1956 1959 1960 1961 1962 1963 1964 1965 1966 1967 1968 1969 1970 1971 1972 1973 1974 1975 1976 1977 1978 1979 1980 1981 1984 1985 1986 1987 1988 1989 1990 1991 1992 1993 1994 1995 1996 1997 1998 1999 2000 2001 2002 2003 2004 2005 2006
germany,1871,2025,inflation_adjusted,start,0.8,,,,,,20,100,12,136,0,9,6.6,0.0,0.0,1871 1872 1873 1874 1875 1876 1877 1878 1879 1880 1881 1882 1883 1884 1885 1886 1887 1888 1889 1890 1891 1892 1893 1894 1895 1896 1897 1898 1899 1900 1901 1902 1903 1904 1905 1906 1907 1908 1909 1910 1911 1912 1913 1914 1915 1916 1917 1918 1919 1920 1921 1922 1923 1924 1925 1926 1927 1928 1929 1930 1931 1932 1933 1934 1935 1936 1937 1938 1939 1940 1941 1942 1943 1944 1945 1946 1947 1948 1955 1956 1957 1959 1960 1961 1962 1963 1964 1965 1966 1967 1968 1969 1970 1971 1972 1973 1974 1975 1976 1977 1978 1979 1980 1981 1984 1985 1986 1987 1988 1989 1990 1991 1992 1993 1994 1995 1996 1997 1998 1999 2000 2001 2002 2003 2004 2005 2006
germany,1871,2025,inflation_adjusted,start,0.8,,,,,,20,75,3,112,24,95,84.8,1981.0,0.0,1907 1908 1909 1910 1911 1912 1913 1914 1915 1916 1917 1918 1919 1920 1922 1923 1924
germany,1871,2025,inflation_adjusted,start,0.8,,,,,,20,75,4,112,24,92,82.1,1360.0,0.0,1905 1906 1907 1908 1909 1910 1911 1912 1913 1914 1915 1916 1917 1918 1919 1920 1921 1922 1923 1924
germany,1871,2025,inflation_adjusted,start,0.8,,,,,,20,75,5,112,24,84,75.0,870.0,0.0,1902 1903 1904 1905 1906 1907 1908 1909 1910 1911 1912 1913 1914 1915 1916 1917 1918 1919 1920 1921 1922 1923 1924 1961 1962 1965 1970 2000
germany,1871,2025,inflation_adjusted,start,0.8,,,,,,20,75,6,112,24,71,63.4,499.0,0.0,1899 1900 1901 1902 1903 1904 1905 1906 1907 1908 1909 1910 1911 1912 1913 1914 1915 1916 1917 1918 1919 1920 1921 1922 1923 1924 1960 1961 1962 1963 1964 1965 1966 1968 1969 1970 1971 1973 1999 2000 2001
germany,1871,2025,inflation_adjusted,start,0.8,,,,,,20,75,7,112,24,57,50.9,97.0,0.0,1872 1873 1889 1890 1895 1896 1897 1898 1899 1900 1901 1902 1903 1904 1905 1906 1907 1908 1909 1910 1911 1912 1913 1914 1915 1916 1917 1918 1919 1920 1921 1922 1923 1924 1960 1961 1962 1963 1964 1965 1966 1967 1968 1969 1970 1971 1972 1973 1987 1998 1999 2000 2001 2002 2006
germany,1871,2025,inflation_adjusted,start,0.8,,,,,,20,75,8,112,24,35,31.2,0.0,0.0,1872 1873 1882 1883 1884 1885 1886 1887 1888 1889 1890 1891 1893 1894 1895 1896 1897 1898 1899 1900 1901 1902 1903 1904 1905 1906 1907 1908 1909 1910 1911 1912 1913 1914 1915 1916 1917 1918 1919 1920 1921 1922 1923 1924 1960 1961 1962 1963 1964 1965 1966 1967 1968 1969 1970 1971 1972 1973 1974 1975 1976 1977 1978 1979 1986 1987 1990 1994 1997 1998 1999 2000 2001 2002 2004 2005 2006
germany,1871,2025,inflation_adjusted,start,0.8,,,,,,20,75,9,112,24,23,20.5,0.0,0.0,1871 1872 1873 1874 1875 1880 1881 1882 1883 1884 1885 1886 1887 1888 1889 1890 1891 1892 1893 1894 1895 1896 1897 1898 1899 1900 1901 1902 1903 1904 1905 1906 1907 1908 1909 1910 1911 1912 1913 1914 1915 1916 1917 1918 1919 1920 1921 1922 1923 1924 1959 1960 1961 1962 1963 1964 1965 1966 1967 1968 1969 1970 1971 1972 1973 1974 1975 1976 1977 1978 1979 1986 1987 1989 1990 1991 1992 1994 1995 1996 1997 1998 1999 2000 2001 2002 2004 2005 2006
germany,1871,2025,inflation_adjusted,start,0.8,,,,,,20,75,10,112,24,14,12.5,0.0,0.0,1871 1872 1873 1874 1875 1876 1877 1879 1880 1881 1882 1883 1884 1885 1886 1887 1888 1889 1890 1891 1892 1893 1894 1895 1896 1897 1898 1899 1900 1901 1902 1903 1904 1905 1906 1907 1908 1909 1910 1911 1912 1913 1914 1915 1916 1917 1918 1919 1920 1921 1922 1923 1924 1955 1956 1959 1960 1961 1962 1963 1964 1965 1966 1967 1968 1969 1970 1971 1972 1973 1974 1975 1976 1977 1978 1979 1980 1986 1987 1988 1989 1990 1991 1992 1993 1994 1995 1996 1997 1998 1999 2000 2001 2002 2003 2004 2005 2006
germany,1871,2025,inflation_adjusted,start,0.8,,,,,,20,75,11,112,24,9,8.0,0.0,0.0,1871 1872 1873 1874 1875 1876 1877 1878 1879 1880 1881 1882 1883 1884 1885 1886 1887 1888 1889 1890 1891 1892 1893 1894 1895 1896 1897 1898 1899 1900 1901 1902 1903 1904 1905 1906 1907 1908 1909 1910 1911 1912 1913 1914 1915 1916 1917 1918 1919 1920 1921 1922 1923 1924 1955 1956 1957 1959 1960 1961 1962 1963 1964 1965 1966 1967 1968 1969 1970 1971 1972 1973 1974 1975 1976 1977 1978 1979 1980 1981 1984 1985 1986 1987 1988 1989 1990 1991 1992 1993 1994 1995 1996 1997 1998 1999 2000 2001 2002 2003 2004 2005 2006
germany,1871,2025,inflation_adjusted,start,0.8,,,,,,20,75,12,112,24,6,5.4,0.0,0.0,1871 1872 1873 1874 1875 1876 1877 1878 1879 1880 1881 1882 1883 1884 1885 1886 1887 1888 1889 1890 1891 1892 1893 1894 1895 1896 1897 1898 1899 1900 1901 1902 1903 1904 1905 1906 1907 1908 1909 1910 1911 1912 1913 1914 1915 1916 1917 1918 1919 1920 1921 1922 1923 1924 1955 1956 1957 1958 1959 1960 1961 1962 1963 1964 1965 1966 1967 1968 1969 1970 1971 1972 1973 1974 1975 1976 1977 1978 1979 1980 1981 1982 1983 1984 1985 1986 1987 1988 1989 1990 1991 1992 1993 1994 1995 1996 1997 1998 1999 2000 2001 2002 2003 2004 2005 2006
germany,1871,2025,inflation_adjusted,start,0.8,,,,,,20,50,3,112,24,93,83.0,1573.0,0.0,1906 1907 1908 1909 1910 1911 1912 1913 1914 1915 1916 1917 1918 1919 1920 1921 1922 1923 1924
germany,1871,2025,inflation_adjusted,start,0.8,,,,,,20,50,4,112,24,90,80.4,1072.0,0.0,1903 1904 1905 1906 1907 1908 1909 1910 1911 1912 1913 1914 1915 1916 1917 1918 1919 1920 1921 1922 1923 1924
germany,1871,2025,inflation_adjusted,start,0.8,,,,,,20,50,5,112,24,87,77.7,715.0,0.0,1902 1903 1904 1905 1906 1907 1908 1909 1910 1911 1912 1913 1914 1915 1916 1917 1918 1919 1920 1921 1922 1923 1924 1961 1962
germany,1871,2025,inflation_adjusted,start,0.8,,,,,,20,50,6,112,24,71,63.4,340.0,0.0,1897 1898 1899 1900 1901 1902 1903 1904 1905 1906 1907 1908 1909 1910 1911 1912 1913 1914 1915 1916 1917 1918 1919 1920 1921 1922 1923 1924 1960 1961 1962 1963 1964 1965 1966 1968 1969 1970 1971 2000 2001
germany,1871,2025,inflation_adjusted,start,0.8,,,,,,20,50,7,112,24,55,49.1,0.0,0.0,1872 1887 1888 1889 1890 1891 1894 1895 1896 1897 1898 1899 1900 1901 1902 1903 1904 1905 1906 1907 1908 1909 1910 1911 1912 1913 1914 1915 1916 1917 1918 1919 1920 1921 1922 1923 1924 1960 1961 1962 1963 1964 1965 1966 1967 1968 1969 1970 1971 1972 1973 1998 1999 2000 2001 2002 2006
germany,1871,2025,inflation_adjusted,start,0.8,,,,,,20,50,8,112,24,30,26.8,0.0,0.0,1871 1872 1873 1880 1881 1882 1883 1884 1885 1886 1887 1888 1889 1890 1891 1892 1893 1894 1895 1896 1897 1898 1899 1900 1901 1902 1903 1904 1905 1906 1907 1908 1909 1910 1911 1912 1913 1914 1915 1916 1917 1918 1919 1920 1921 1922 1923 1924 1959 1960 1961 1962 1963 1964 1965 1966 1967 1968 1969 1970 1971 1972 1973 1974 1975 1976 1977 1978 1979 1986 1987 1990 1994 1997 1998 1999 2000 2001 2002 2004 2005 2006
germany,1871,2025,inflation_adjusted,start,0.8,,,,,,20,50,9,112,24,14,12.5,0.0,0.0,1871 1872 1873 1874 1875 1876 1877 1879 1880 1881 1882 1883 1884 1885 1886 1887 1888 1889 1890 1891 1892 1893 1894 1895 1896 1897 1898 1899 1900 1901 1902 1903 1904 1905 1906 1907 1908 1909 1910 1911 1912 1913 1914 1915 1916 1917 1918 1919 1920 1921 1922 1923 1924 1955 1956 1959 1960 1961 1962 1963 1964 1965 1966 1967 1968 1969 1970 1971 1972 1973 1974 1975 1976 1977 1978 1979 1980 1986 1987 1988 1989 1990 1991 1992 1993 1994 1995 1996 1997 1998 1999 2000 2001 2002 2003 2004 2005 2006
germany,1871,2025,inflation_adjusted,start,0.8,,,,,,20,50,10,112,24,8,7.1,0.0,0.0,1871 1872 1873 1874 1875 1876 1877 1878 1879 1880 1881 1882 1883 1884 1885 1886 1887 1888 1889 1890 1891 1892 1893 1894 1895 1896 1897 1898 1899 1900 1901 1902 1903 1904 1905 1906 1907 1908 1909 1910 1911 1912 1913 1914 1915 1916 1917 1918 1919 1920 1921 1922 1923 1924 1955 1956 1957 1958 1959 1960 1961 1962 1963 1964 1965 1966 1967 1968 1969 1970 1971 1972 1973 1974 1975 1976 1977 1978 1979 1980 1981 1984 1985 1986 1987 1988 1989 1990 1991 1992 1993 1994 1995 1996 1997 1998 1999 2000 2001 2002 2003 2004 2005 2006
germany,1871,2025,inflation_adjusted,start,0.8,,,,,,20,50,11,112,24,6,5.4,0.0,0.0,1871 1872 1873 1874 1875 1876 1877 1878 1879 1880 1881 1882 1883 1884 1885 1886 1887 1888 1889 1890 1891 1892 1893 1894 1895 1896 1897 1898 1899 1900 1901 1902 1903 1904 1905 1906 1907 1908 1909 1910 1911 1912 1913 1914 1915 1916 1917 1918 1919 1920 1921 1922 1923 1924 1955 1956 1957 1958 1959 1960 1961 1962 1963 1964 1965 1966 1967 1968 1969 1970 1971 1972 1973 1974 1975 1976 1977 1978 1979 1980 1981 1982 1983 1984 1985 1986 1987 1988 1989 1990 1991 1992 1993 1994 1995 1996 1997 1998 1999 2000 2001 2002 2003 2004 2005 2006
germany,1871,2025,inflation_adjusted,start,0.8,,,,,,20,50,12,112,24,4,3.6,0.0,0.0,1871 1872 1873 1874 1875 1876 1877 1878 1879 1880 1881 1882 1883 1884 1885 1886 1887 1888 1889 1890 1891 1892 1893 1894 1895 1896 1897 1898 1899 1900 1901 1902 1903 1904 1905 1906 1907 1908 1909 1910 1911 1912 1913 1914 1915 1916 1917 1918 1919 1920 1921 1922 1923 1924 1953 1954 1955 1956 1957 1958 1959 1960 1961 1962 1963 1964 1965 1966 1967 1968 1969 1970 1971 1972 1973 1974 1975 1976 1977 1978 1979 1980 1981 1982 1983 1984 1985 1986 1987 1988 1989 1990 1991 1992 1993 1994 1995 1996 1997 1998 1999 2000 2001 2002 2003 2004 2005 2006
germany,1871,2025,inflation_adjusted,start,0.8,,,,,,20,25,3,112,24,91,81.2,1313.0,0.0,1904 1905 1906 1907 1908 1909 1910 1911 1912 1913 1914 1915 1916 1917 1918 1919 1920 1921 1922 1923 1924
germany,1871,2025,inflation_adjusted,start,0.8,,,,,,20,25,4,112,24,89,79.5,916.0,0.0,1902 1903 1904 1905 1906 1907 1908 1909 1910 1911 1912 1913 1914 1915 1916 1917 1918 1919 1920 1921 1922 1923 1924
germany,1871,2025,inflation_adjusted,start,0.8,,,,,,20,25,5,112,24,87,77.7,568.0,0.0,1900 1901 1902 1903 1904 1905 1906 1907 1908 1909 1910 1911 1912 1913 1914 1915 1916 1917 1918 1919 1920 1921 1922 1923 1924
germany,1871,2025,inflation_adjusted,start,0.8,,,,,,20,25,6,112,24,71,63.4,196.0,0.0,1895 1896 1897 1898 1899 1900 1901 1902 1903 1904 1905 1906 1907 1908 1909 1910 1911 1912 1913 1914 1915 1916 1917 1918 1919 1920 1921 1922 1923 1924 1960 1961 1962 1963 1964 1965 1966 1968 1969 1970 1971
germany,1871,2025,inflation_adjusted,start,0.8,,,,,,20,25,7,112,24,44,39.3,0.0,0.0,1884 1885 1886 1887 1888 1889 1890 1891 1892 1893 1894 1895 1896 1897 1898 1899 1900 1901 1902 1903 1904 1905 1906 1907 1908 1909 1910 1911 1912 1913 1914 1915 1916 1917 1918 1919 1920 1921 1922 1923 1924 1956 1960 1961 1962 1963 1964 1965 1966 1967 1968 1969 1970 1971 1972 1973 1974 1976 1978 1979 1998 1999 2000 2001 2002 2004 2005 2006
germany,1871,2025,inflation_adjusted,start,0.8,,,,,,20,25,8,112,24,19,17.0,0.0,0.0,1871 1872 1873 1874 1880 1881 1882 1883 1884 1885 1886 1887 1888 1889 1890 1891 1892 1893 1894 1895 1896 1897 1898 1899 1900 1901 1902 1903 1904 1905 1906 1907 1908 1909 1910 1911 1912 1913 1914 1915 1916 1917 1918 1919 1920 1921 1922 1923 1924 1955 1956 1957 1959 1960 1961 1962 1963 1964 1965 1966 1967 1968 1969 1970 1971 1972 1973 1974 1975 1976 1977 1978 1979 1980 1986 1987 1988 1989 1990 1992 1993 1994 1996 1997 1998 1999 2000 2001 2002 2003 2004 2005 2006
germany,1871,2025,inflation_adjusted,start,0.8,,,,,,20,25,9,112,24,5,4.5,0.0,0.0,1871 1872 1873 1874 1875 1876 1877 1878 1879 1880 1881 1882 1883 1884 1885 1886 1887 1888 1889 1890 1891 1892 1893 1894 1895 1896 1897 1898 1899 1900 1901 1902 1903 1904 1905 1906 1907 1908 1909 1910 1911 1912 1913 1914 1915 1916 1917 1918 1919 1920 1921 1922 1923 1924 1953 1954 1955 1956 1957 1958 1959 1960 1961 1962 1963 1964 1965 1966 1967 1968 1969 1970 1971 1972 1973 1974 1975 1976 1977 1978 1979 1980 1981 1983 1984 1985 1986 1987 1988 1989 1990 1991 1992 1993 1994 1995 1996 1997 1998 1999 2000 2001 2002 2003 2004 2005 2006
germany,1871,2025,inflation_adjusted,start,0.8,,,,,,20,25,10,112,24,3,2.7,0.0,0.0,1871 1872 1873 1874 1875 1876 1877 1878 1879 1880 1881 1882 1883 1884 1885 1886 1887 1888 1889 1890 1891 1892 1893 1894 1895 1896 1897 1898 1899 1900 1901 1902 1903 1904 1905 1906 1907 1908 1909 1910 1911 1912 1913 1914 1915 1916 1917 1918 1919 1920 1921 1922 1923 1924 1952 1953 1954 1955 1956 1957 1958 1959 1960 1961 1962 1963 1964 1965 1966 1967 1968 1969 1970 1971 1972 1973 1974 1975 1976 1977 1978 1979 1980 1981 1982 1983 1984 1985 1986 1987 1988 1989 1990 1991 1992 1993 1994 1995 1996 1997 1998 1999 2000 2001 2002 2003 2004 2005 2006
germany,1871,2025,inflation_adjusted,start,0.8,,,,,,20,25,11,112,24,1,0.9,0.0,0.0,1871 1872 1873 1874 1875 1876 1877 1878 1879 1880 1881 1882 1883 1884 1885 1886 1887 1888 1889 1890 1891 1892 1893 1894 1895 1896 1897 1898 1899 1900 1901 1902 1903 1904 1905 1906 1907 1908 1909 1910 1911 1912 1913 1914 1915 1916 1917 1918 1919 1920 1921 1922 1923 1924 1950 1951 1952 1953 1954 1955 1956 1957 1958 1959 1960 1961 1962 1963 1964 1965 1966 1967 1968 1969 1970 1971 1972 1973 1974 1975 1976 1977 1978 1979 1980 1981 1982 1983 1984 1985 1986 1987 1988 1989 1990 1991 1992 1993 1994 1995 1996 1997 1998 1999 2000 2001 2002 2003 2004 2005 2006
germany,1871,2025,inflation_adjusted,start,0.8,,,,,,20,25,12,112,24,0,0.0,0.0,0.0,1871 1872 1873 1874 1875 1876 1877 1878 1879 1880 1881 1882 1883 1884 1885 1886 1887 1888 1889 1890 1891 1892 1893 1894 1895 1896 1897 1898 1899 1900 1901 1902 1903 1904 1905 1906 1907 1908 1909 1910 1911 1912 1913 1914 1915 1916 1917 1918 1919 1920 1921 1922 1923 1924 1949 1950 1951 1952 1953 1954 1955 1956 1957 1958 1959 1960 1961 1962 1963 1964 1965 1966 1967 1968 1969 1970 1971 1972 1973 1974 1975 1976 1977 1978 1979 1980 1981 1982 1983 1984 1985 1986 1987 1988 1989 1990 1991 1992 1993 1994 1995 1996 1997 1998 1999 2000 2001 2002 2003 2004 2005 2006
germany,1871,2025,inflation_adjusted,start,0.8,,,,,,20,0,3,112,24,90,80.4,1172.0,0.0,1903 1904 1905 1906 1907 1908 1909 1910 1911 1912 1913 1914 1915 1916 1917 1918 1919 1920 1921 1922 1923 1924
germany,1871,2025,inflation_adjusted,start,0.8,,,,,,20,0,4,112,24,89,79.5,809.0,0.0,1902 1903 1904 1905 1906 1907 1908 1909 1910 1911 1912 1913 1914 1915 1916 1917 1918 1919 1920 1921 1922 1923 1924
germany,1871,2025,inflation_adjusted,start,0.8,,,,,,20,0,5,112,24,85,75.9,428.0,0.0,1898 1899 1900 1901 1902 1903 1904 1905 1906 1907 1908 1909 1910 1911 1912 1913 1914 1915 1916 1917 1918 1919 1920 1921 1922 1923 1924
germany,1871,2025,inflation_adjusted,start,0.8,,,,,,20,0,6,112,24,59,52.7,29.0,0.0,1887 1888 1889 1890 1894 1895 1896 1897 1898 1899 1900 1901 1902 1903 1904 1905 1906 1907 1908 1909 1910 1911 1912 1913 1914 1915 1916 1917 1918 1919 1920 1921 1922 1923 1924 1951 1955 1956 1960 1962 1963 1964 1965 1966 1968 1969 1970 1971 1972 2003 2004 2005 2006
germany,1871,2025,inflation_adjusted,start,0.8,,,,,,20,0,7,112,24,20,17.9,0.0,0.0,1872 1880 1882 1883 1884 1885 1886 1887 1888 1889 1890 1891 1892 1893 1894 1895 1896 1897 1898 1899 1900 1901 1902 1903 1904 1905 1906 1907 1908 1909 1910 1911 1912 1913 1914 1915 1916 1917 1918 1919 1920 1921 1922 1923 1924 1949 1950 1951 1952 1953 1954 1955 1956 1957 1958 1959 1960 1961 1962 1963 1964 1965 1966 1967 1968 1969 1970 1971 1972 1973 1974 1975 1976 1977 1978 1979 1980 1987 1988 1989 1994 1996 1997 1998 1999 2000 2001 2002 2003 2004 2005 2006
germany,1871,2025,inflation_adjusted,start,0.8,,,,,,20,0,8,112,24,0,0.0,0.0,0.0,1871 1872 1873 1874 1875 1876 1877 1878 1879 1880 1881 1882 1883 1884 1885 1886 1887 1888 1889 1890 1891 1892 1893 1894 1895 1896 1897 1898 1899 1900 1901 1902 1903 1904 1905 1906 1907 1908 1909 1910 1911 1912 1913 1914 1915 1916 1917 1918 1919 1920 1921 1922 1923 1924 1949 1950 1951 1952 1953 1954 1955 1956 1957 1958 1959 1960 1961 1962 1963 1964 1965 1966 1967 1968 1969 1970 1971 1972 1973 1974 1975 1976 1977 1978 1979 1980 1981 1982 1983 1984 1985 1986 1987 1988 1989 1990 1991 1992 1993 1994 1995 1996 1997 1998 1999 2000 2001 2002 2003 2004 2005 2006
germany,1871,2025,inflation_adjusted,start,0.8,,,,,,20,0,9,112,24,0,0.0,0.0,0.0,1871 1872 1873 1874 1875 1876 1877 1878 1879 1880 1881 1882 1883 1884 1885 1886 1887 1888 1889 1890 1891 1892 1893 1894 1895 1896 1897 1898 1899 1900 1901 1902 1903 1904 1905 1906 1907 1908 1909 1910 1911 1912 1913 1914 1915 1916 1917 1918 1919 1920 1921 1922 1923 1924 1949 1950 1951 1952 1953 1954 1955 1956 1957 1958 1959 1960 1961 1962 1963 1964 1965 1966 1967 1968 1969 1970 1971 1972 1973 1974 1975 1976 1977 1978 1979 1980 1981 1982 1983 1984 1985 1986 1987 1988 1989 1990 1991 1992 1993 1994 1995 1996 1997 1998 1999 2000 2001 2002 2003 2004 2005 2006
germany,1871,2025,inflation_adjusted,start,0.8,,,,,,20,0,10,112,24,0,0.0,0.0,0.0,1871 1872 1873 1874 1875 1876 1877 1878 1879 1880 1881 1882 1883 1884 1885 1886 1887 1888 1889 1890 1891 1892 1893 1894 1895 1896 1897 1898 1899 1900 1901 1902 1903 1904 1905 1906 1907 1908 1909 1910 1911 1912 1913 1914 1915 1916 1917 1918 1919 1920 1921 1922 1923 1924 1949 1950 1951 1952 1953 1954 1955 1956 1957 1958 1959 1960 1961 1962 1963 1964 1965 1966 1967 1968 1969 1970 1971 1972 1973 1974 1975 1976 1977 1978 1979 1980 1981 1982 1983 1984 1985 1986 1987 1988 1989 1990 1991 1992 1993 1994 1995 1996 1997 1998 1999 2000 2001 2002 2003 2004 2005 2006
germany,1871,2025,inflation_adjusted,start,0.8,,,,,,20,0,11,112,24,0,0.0,0.0,0.0,1871 1872 1873 1874 1875 1876 1877 1878 1879 1880 1881 1882 1883 1884 1885 1886 1887 1888 1889 1890 1891 1892 1893 1894 1895 1896 1897 1898 1899 1900 1901 1902 1903 1904 1905 1906 1907 1908 1909 1910 1911 1912 1913 1914 1915 1916 1917 1918 1919 1920 1921 1922 1923 1924 1949 1950 1951 1952 1953 1954 1955 1956 1957 1958 1959 1960 1961 1962 1963 1964 1965 1966 1967 1968 1969 1970 1971 1972 1973 1974 1975 1976 1977 1978 1979 1980 1981 1982 1983 1984 1985 1986 1987 1988 1989 1990 1991 1992 1993 1994 1995 1996 1997 1998 1999 2000 2001 2002 2003 2004 2005 2006
germany,1871,2025,inflation_adjusted,start,0.8,,,,,,20,0,12,112,24,0,0.0,0.0,0.0,1871 1872 1873 1874 1875 1876 1877 1878 1879 1880 1881 1882 1883 1884 1885 1886 1887 1888 1889 1890 1891 1892 1893 1894 1895 1896 1897 1898 1899 1900 1901 1902 1903 1904 1905 1906 1907 1908 1909 1910 1911 1912 1913 1914 1915 1916 1917 1918 1919 1920 1921 1922 1923 1924 1949 1950 1951 1952 1953 1954 1955 1956 1957 1958 1959 1960 1961 1962 1963 1964 1965 1966 1967 1968 1969 1970 1971 1972 1973 1974 1975 1976 1977 1978 1979 1980 1981 1982 1983 1984 1985 1986 1987 1988 1989 1990 1991 1992 1993 1994 1995 1996 1997 1998 1999 2000 2001 2002 2003 2004 2005 2006
germany,1871,2025,inflation_adjusted,start,0.8,,,,,,25,100,3,131,0,98,74.8,2293.0,0.0,1905 1906 1907 1908 1909 1910 1911 1912 1913 1914 1915 1916 1917 1918 1922 1923 1924 1927 1928 1929 1930 1937 1938 1940 1941 1942 1943 1944 1945 1946 1947 1948 1961
germany,1871,2025,inflation_adjusted,start,0.8,,,,,,25,100,4,131,0,84,64.1,1386.0,0.0,1902 1903 1904 1905 1906 1907 1908 1909 1910 1911 1912 1913 1914 1915 1916 1917 1918 1919 1920 1922 1923 1924 1925 1927 1928 1929 1930 1931 1935 1936 1937 1938 1939 1940 1941 1942 1943 1944 1945 1946 1947 1948 1960 1961 1962 1970 2000
germany,1871,2025,inflation_adjusted,start,0.8,,,,,,25,100,5,131,0,67,51.1,181.0,0.0,1897 1898 1899 1900 1901 1902 1903 1904 1905 1906 1907 1908 1909 1910 1911 1912 1913 1914 1915 1916 1917 1918 1919 1920 1921 1922 1923 1924 1925 1927 1928 1929 1930 1931 1933 1934 1935 1936 1937 1938 1939 1940 1941 1942 1943 1944 1945 1946 1947 1948 1960 1961 1962 1963 1964 1965 1966 1968 1969 1970 1998 1999 2000 2001
germany,1871,2025,inflation_adjusted,start,0.8,,,,,,25,100,6,131,0,58,44.3,0.0,0.0,1873 1895 1896 1897 1898 1899 1900 1901 1902 1903 1904 1905 1906 1907 1908 1909 1910 1911 1912 1913 1914 1915 1916 1917 1918 1919 1920 1921 1922 1923 1924 1925 1926 1927 1928 1929 1930 1931 1932 1933 1934 1935 1936 1937 1938 1939 1940 1941 1942 1943 1944 1945 1946 1947 1948 1960 1961 1962 1963 1964 1965 1966 1968 1969 1970 1971 1972 1973 1987 1998 1999 2000 2001
germany,1871,2025,inflation_adjusted,start,0.8,,,,,,25,100,7,131,0,40,30.5,0.0,0.0,1872 1873 1882 1884 1885 1886 1887 1889 1890 1891 1894 1895 1896 1897 1898 1899 1900 1901 1902 1903 1904 1905 1906 1907 1908 1909 1910 1911 1912 1913 1914 1915 1916 1917 1918 1919 1920 1921 1922 1923 1924 1925 1926 1927 1928 1929 1930 1931 1932 1933 1934 1935 1936 1937 1938 1939 1940 1941 1942 1943 1944 1945 1946 1947 1948 1959 1960 1961 1962 1963 1964 1965 1966 1967 1968 1969 1970 1971 1972 1973 1974 1976 1986 1987 1990 1994 1997 1998 1999 2000 2001
germany,1871,2025,inflation_adjusted,start,0.8,,,,,,25,100,8,131,0,23,17.6,0.0,0.0,1871 1872 1873 1874 1880 1881 1882 1883 1884 1885 1886 1887 1888 1889 1890 1891 1892 1893 1894 1895 1896 1897 1898 1899 1900 1901 1902 1903 1904 1905 1906 1907 1908 1909 1910 1911 1912 1913 1914 1915 1916 1917 1918 1919 1920 1921 1922 1923 1924 1925 1926 1927 1928 1929 1930 1931 1932 1933 1934 1935 1936 1937 1938 1939 1940 1941 1942 1943 1944 1945 1946 1947 1948 1959 1960 1961 1962 1963 1964 1965 1966 1967 1968 1969 1970 1971 1972 1973 1974 1975 1976 1977 1978 1979 1986 1987 1989 1990 1991 1992 1994 1995 1996 1997 1998 1999 2000 2001
germany,1871,2025,inflation_adjusted,start,0.8,,,,,,25,100,9,131,0,17,13.0,0.0,0.0,1871 1872 1873 1874 1875 1880 1881 1882 1883 1884 1885 1886 1887 1888 1889 1890 1891 1892 1893 1894 1895 1896 1897 1898 1899 1900 1901 1902 1903 1904 1905 1906 1907 1908 1909 1910 1911 1912 1913 1914 1915 1916 1917 1918 1919 1920 1921 1922 1923 1924 1925 1926 1927 1928 1929 1930 1931 1932 1933 1934 1935 1936 1937 1938 1939 1940 1941 1942 1943 1944 1945 1946 1947 1948 1955 1956 1959 1960 1961 1962 1963 1964 1965 1966 1967 1968 1969 1970 1971 1972 1973 1974 1975 1976 1977 1978 1979 1980 1986 1987 1988 1989 1990 1991 1992 1993 1994 1995 1996 1997 1998 1999 2000 2001
germany,1871,2025,inflation_adjusted,start,0.8,,,,,,25,100,10,131,0,8,6.1,0.0,0.0,1871 1872 1873 1874 1875 1876 1877 1878 1879 1880 1881 1882 1883 1884 1885 1886 1887 1888 1889 1890 1891 1892 1893 1894 1895 1896 1897 1898 1899 1900 1901 1902 1903 1904 1905 1906 1907 1908 1909 1910 1911 1912 1913 1914 1915 1916 1917 1918 1919 1920 1921 1922 1923 1924 1925 1926 1927 1928 1929 1930 1931 1932 1933 1934 1935 1936 1937 1938 1939 1940 1941 1942 1943 1944 1945 1946 1947 1948 1955 1956 1957 1958 1959 1960 1961 1962 1963 1964 1965 1966 1967 1968 1969 1970 1971 1972 1973 1974 1975 1976 1977 1978 1979 1980 1981 1984 1985 1986 1987 1988 1989 1990 1991 1992 1993 1994 1995 1996 1997 1998 1999 2000 2001
germany,1871,2025,inflation_adjusted,start,0.8,,,,,,25,100,11,131,0,8,6.1,0.0,0.0,1871 1872 1873 1874 1875 1876 1877 1878 1879 1880 1881 1882 1883 1884 1885 1886 1887 1888 1889 1890 1891 1892 1893 1894 1895 1896 1897 1898 1899 1900 1901 1902 1903 1904 1905 1906 1907 1908 1909 1910 1911 1912 1913 1914 1915 1916 1917 1918 1919 1920 1921 1922 1923 1924 1925 1926 1927 1928 1929 1930 1931 1932 1933 1934 1935 1936 1937 1938 1939 1940 1941 1942 1943 1944 1945 1946 1947 1948 1955 1956 1957 1958 1959 1960 1961 1962 1963 1964 1965 1966 1967 1968 1969 1970 1971 1972 1973 1974 1975 1976 1977 1978 1979 1980 1981 1984 1985 1986 1987 1988 1989 1990 1991 1992 1993 1994 1995 1996 1997 1998 1999 2000 2001
germany,1871,2025,inflation_adjusted,start,0.8,,,,,,25,100,12,131,0,6,4.6,0.0,0.0,1871 1872 1873 1874 1875 1876 1877 1878 1879 1880 1881 1882 1883 1884 1885 1886 1887 1888 1889 1890 1891 1892 1893 1894 1895 1896 1897 1898 1899 1900 1901 1902 1903 1904 1905 1906 1907 1908 1909 1910 1911 1912 1913 1914 1915 1916 1917 1918 1919 1920 1921 1922 1923 1924 1925 1926 1927 1928 1929 1930 1931 1932 1933 1934 1935 1936 1937 1938 1939 1940 1941 1942 1943 1944 1945 1946 1947 1948 1955 1956 1957 1958 1959 1960 1961 1962 1963 1964 1965 1966 1967 1968 1969 1970 1971 1972 1973 1974 1975 1976 1977 1978 1979 1980 1981 1982 1983 1984 1985 1986 1987 1988 1989 1990 1991 1992 1993 1994 1995 1996 1997 1998 1999 2000 2001
germany,1871,2025,inflation_adjusted,start,0.8,,,,,,25,75,3,102,29,84,82.4,2339.0,0.0,1902 1903 1904 1905 1906 1907 1908 1909 1910 1911 1912 1913 1914 1915 1916 1917 1918 1919
germany,1871,2025,inflation_adjusted,start,0.8,,,,,,25,75,4,102,29,78,76.5,1374.0,0.0,1898 1899 1900 1901 1902 1903 1904 1905 1906 1907 1908 1909 1910 1911 1912 1913 1914 1915 1916 1917 1918 1919 1961 1962
germany,1871,2025,inflation_adjusted,start,0.8,,,,,,25,75,5,102,29,67,65.7,769.0,0.0,1896 1897 1898 1899 1900 1901 1902 1903 1904 1905 1906 1907 1908 1909 1910 1911 1912 1913 1914 1915 1916 1917 1918 1919 1960 1961 1962 1963 1964 1965 1968 1969 1970 2000 2001
germany,1871,2025,inflation_adjusted,start,0.8,,,,,,25,75,6,102,29,59,57.8,214.0,0.0,1890 1895 1896 1897 1898 1899 1900 1901 1902 1903 1904 1905 1906 1907 1908 1909 1910 1911 1912 1913 1914 1915 1916 1917 1918 1919 1960 1961 1962 1963 1964 1965 1966 1968 1969 1970 1971 1972 1973 1998 1999 2000 2001
germany,1871,2025,inflation_adjusted,start,0.8,,,,,,25,75,7,102,29,36,35.3,0.0,0.0,1872 1873 1882 1883 1884 1885 1886 1887 1888 1889 1890 1891 1892 1893 1894 1895 1896 1897 1898 1899 1900 1901 1902 1903 1904 1905 1906 1907 1908 1909 1910 1911 1912 1913 1914 1915 1916 1917 1918 1919 1959 1960 1961 1962 1963 1964 1965 1966 1967 1968 1969 1970 1971 1972 1973 1974 1976 1986 1987 1990 1994 1997 1998 1999 2000 2001
germany,1871,2025,inflation_adjusted,start,0.8,,,,,,25,75,8,102,29,21,20.6,0.0,0.0,1871 1872 1873 1874 1875 1880 1881 1882 1883 1884 1885 1886 1887 1888 1889 1890 1891 1892 1893 1894 1895 1896 1897 1898 1899 1900 1901 1902 1903 1904 1905 1906 1907 1908 1909 1910 1911 1912 1913 1914 1915 1916 1917 1918 1919 1956 1959 1960 1961 1962 1963 1964 1965 1966 1967 1968 1969 1970 1971 1972 1973 1974 1975 1976 1977 1978 1979 1986 1987 1989 1990 1991 1992 1994 1995 1996 1997 1998 1999 2000 2001
germany,1871,2025,inflation_adjusted,start,0.8,,,,,,25,75,9,102,29,13,12.7,0.0,0.0,1871 1872 1873 1874 1875 1876 1877 1879 1880 1881 1882 1883 1884 1885 1886 1887 1888 1889 1890 1891 1892 1893 1894 1895 1896 1897 1898 1899 1900 1901 1902 1903 1904 1905 1906 1907 1908 1909 1910 1911 1912 1913 1914 1915 1916 1917 1918 1919 1955 1956 1957 1959 1960 1961 1962 1963 1964 1965 1966 1967 1968 1969 1970 1971 1972 1973 1974 1975 1976 1977 1978 1979 1980 1986 1987 1988 1989 1990 1991 1992 1993 1994 1995 1996 1997 1998 1999 2000 2001
germany,1871,2025,inflation_adjusted,start,0.8,,,,,,25,75,10,102,29,8,7.8,0.0,0.0,1871 1872 1873 1874 1875 1876 1877 1878 1879 1880 1881 1882 1883 1884 1885 1886 1887 1888 1889 1890 1891 1892 1893 1894 1895 1896 1897 1898 1899 1900 1901 1902 1903 1904 1905 1906 1907 1908 1909 1910 1911 1912 1913 1914 1915 1916 1917 1918 1919 1955 1956 1957 1958 1959 1960 1961 1962 1963 1964 1965 1966 1967 1968 1969 1970 1971 1972 1973 1974 1975 1976 1977 1978 1979 1980 1981 1984 1985 1986 1987 1988 1989 1990 1991 1992 1993 1994 1995 1996 1997 1998 1999 2000 2001
germany,1871,2025,inflation_adjusted,start,0.8,,,,,,25,75,11,102,29,6,5.9,0.0,0.0,1871 1872 1873 1874 1875 1876 1877 1878 1879 1880 1881 1882 1883 1884 1885 1886 1887 1888 1889 1890 1891 1892 1893 1894 1895 1896 1897 1898 1899 1900 1901 1902 1903 1904 1905 1906 1907 1908 1909 1910 1911 1912 1913 1914 1915 1916 1917 1918 1919 1955 1956 1957 1958 1959 1960 1961 1962 1963 1964 1965 1966 1967 1968 1969 1970 1971 1972 1973 1974 1975 1976 1977 1978 1979 1980 1981 1982 1983 1984 1985 1986 1987 1988 1989 1990 1991 1992 1993 1994 1995 1996 1997 1998 1999 2000 2001
germany,1871,2025,inflation_adjusted,start,0.8,,,,,,25,75,12,102,29,6,5.9,0.0,0.0,1871 1872 1873 1874 1875 1876 1877 1878 1879 1880 1881 1882 1883 1884 1885 1886 1887 1888 1889 1890 1891 1892 1893 1894 1895 1896 1897 1898 1899 1900 1901 1902 1903 1904 1905 1906 1907 1908 1909 1910 1911 1912 1913 1914 1915 1916 1917 1918 1919 1955 1956 1957 1958 1959 1960 1961 1962 1963 1964 1965 1966 1967 1968 1969 1970 1971 1972 1973 1974 1975 1976 1977 1978 1979 1980 1981 1982 1983 1984 1985 1986 1987 1988 1989 1990 1991 1992 1993 1994 1995 1996 1997 1998 1999 2000 2001
germany,1871,2025,inflation_adjusted,start,0.8,,,,,,25,50,3,102,29,83,81.4,2012.0,0.0,1901 1902 1903 1904 1905 1906 1907 1908 1909 1910 1911 1912 1913 1914 1915 1916 1917 1918 1919
germany,1871,2025,inflation_adjusted,start,0.8,,,,,,25,50,4,102,29,79,77.5,1138.0,0.0,1897 1898 1899 1900 1901 1902 1903 1904 1905 1906 1907 1908 1909 1910 1911 1912 1913 1914 1915 1916 1917 1918 1919
germany,1871,2025,inflation_adjusted,start,0.8,,,,,,25,50,5,102,29,68,66.7,560.0,0.0,1895 1896 1897 1898 1899 1900 1901 1902 1903 1904 1905 1906 1907 1908 1909 1910 1911 1912 1913 1914 1915 1916 1917 1918 1919 1960 1961 1962 1963 1964 1965 1969 1970 2000
germany,1871,2025,inflation_adjusted,start,0.8,,,,,,25,50,6,102,29,54,52.9,41.0,0.0,1887 1888 1889 1890 1891 1894 1895 1896 1897 1898 1899 1900 1901 1902 1903 1904 1905 1906 1907 1908 1909 1910 1911 1912 1913 1914 1915 1916 1917 1918 1919 1960 1961 1962 1963 1964 1965 1966 1968 1969 1970 1971 1972 1973 1998 1999 2000 2001
germany,1871,2025,inflation_adjusted,start,0.8,,,,,,25,50,7,102,29,28,27.5,0.0,0.0,1871 1872 1873 1880 1881 1882 1883 1884 1885 1886 1887 1888 1889 1890 1891 1892 1893 1894 1895 1896 1897 1898 1899 1900 1901 1902 1903 1904 1905 1906 1907 1908 1909 1910 1911 1912 1913 1914 1915 1916 1917 1918 1919 1956 1959 1960 1961 1962 1963 1964 1965 1966 1967 1968 1969 1970 1971 1972 1973 1974 1975 1976 1977 1978 1979 1986 1987 1990 1994 1997 1998 1999 2000 2001
germany,1871,2025,inflation_adjusted,start,0.8,,,,,,25,50,8,102,29,13,12.7,0.0,0.0,1871 1872 1873 1874 1875 1876 1877 1879 1880 1881 1882 1883 1884 1885 1886 1887 1888 1889 1890 1891 1892 1893 1894 1895 1896 1897 1898 1899 1900 1901 1902 1903 1904 1905 1906 1907 1908 1909 1910 1911 1912 1913 1914 1915 1916 1917 1918 1919 1955 1956 1957 1959 1960 1961 1962 1963 1964 1965 1966 1967 1968 1969 1970 1971 1972 1973 1974 1975 1976 1977 1978 1979 1980 1986 1987 1988 1989 1990 1991 1992 1993 1994 1995 1996 1997 1998 1999 2000 2001
germany,1871,2025,inflation_adjusted,start,0.8,,,,,,25,50,9,102,29,8,7.8,0.0,0.0,1871 1872 1873 1874 1875 1876 1877 1878 1879 1880 1881 1882 1883 1884 1885 1886 1887 1888 1889 1890 1891 1892 1893 1894 1895 1896 1897 1898 1899 1900 1901 1902 1903 1904 1905 1906 1907 1908 1909 1910 1911 1912 1913 1914 1915 1916 1917 1918 1919 1955 1956 1957 1958 1959 1960 1961 1962 1963 1964 1965 1966 1967 1968 1969 1970 1971 1972 1973 1974 1975 1976 1977 1978 1979 1980 1981 1984 1985 1986 1987 1988 1989 1990 1991 1992 1993 1994 1995 1996 1997 1998 1999 2000 2001
germany,1871,2025,inflation_adjusted,start,0.8,,,,,,25,50,10,102,29,5,4.9,0.0,0.0,1871 1872 1873 1874 1875 1876 1877 1878 1879 1880 1881 1882 1883 1884 1885 1886 1887 1888 1889 1890 1891 1892 1893 1894 1895 1896 1897 1898 1899 1900 1901 1902 1903 1904 1905 1906 1907 1908 1909 1910 1911 1912 1913 1914 1915 1916 1917 1918 1919 1954 1955 1956 1957 1958 1959 1960 1961 1962 1963 1964 1965 1966 1967 1968 1969 1970 1971 1972 1973 1974 1975 1976 1977 1978 1979 1980 1981 1982 1983 1984 1985 1986 1987 1988 1989 1990 1991 1992 1993 1994 1995 1996 1997 1998 1999 2000 2001
germany,1871,2025,inflation_adjusted,start,0.8,,,,,,25,50,11,102,29,3,2.9,0.0,0.0,1871 1872 1873 1874 1875 1876 1877 1878 1879 1880 1881 1882 1883 1884 1885 1886 1887 1888 1889 1890 1891 1892 1893 1894 1895 1896 1897 1898 1899 1900 1901 1902 1903 1904 1905 1906 1907 1908 1909 1910 1911 1912 1913 1914 1915 1916 1917 1918 1919 1952 1953 1954 1955 1956 1957 1958 1959 1960 1961 1962 1963 1964 1965 1966 1967 1968 1969 1970 1971 1972 1973 1974 1975 1976 1977 1978 1979 1980 1981 1982 1983 1984 1985 1986 1987 1988 1989 1990 1991 1992 1993 1994 1995 1996 1997 1998 1999 2000 2001
germany,1871,2025,inflation_adjusted,start,0.8,,,,,,25,50,12,102,29,3,2.9,0.0,0.0,1871 1872 1873 1874 1875 1876 1877 1878 1879 1880 1881 1882 1883 1884 1885 1886 1887 1888 1889 1890 1891 1892 1893 1894 1895 1896 1897 1898 1899 1900 1901 1902 1903 1904 1905 1906 1907 1908 1909 1910 1911 1912 1913 1914 1915 1916 1917 1918 1919 1952 1953 1954 1955 1956 1957 1958 1959 1960 1961 1962 1963 1964 1965 1966 1967 1968 1969 1970 1971 1972 1973 1974 1975 1976 1977 1978 1979 1980 1981 1982 1983 1984 1985 1986 1987 1988 1989 1990 1991 1992 1993 1994 1995 1996 1997 1998 1999 2000 2001
germany,1871,2025,inflation_adjusted,start,0.8,,,,,,25,25,3,102,29,80,78.4,1598.0,0.0,1898 1899 1900 1901 1902 1903 1904 1905 1906 1907 1908 1909 1910 1911 1912 1913 1914 1915 1916 1917 1918 1919
germany,1871,2025,inflation_adjusted,start,0.8,,,,,,25,25,4,102,29,78,76.5,972.0,0.0,1896 1897 1898 1899 1900 1901 1902 1903 1904 1905 1906 1907 1908 1909 1910 1911 1912 1913 1914 1915 1916 1917 1918 1919
germany,1871,2025,inflation_adjusted,start,0.8,,,,,,25,25,5,102,29,68,66.7,350.0,0.0,1894 1895 1896 1897 1898 1899 1900 1901 1902 1903 1904 1905 1906 1907 1908 1909 1910 1911 1912 1913 1914 1915 1916 1917 1918 1919 1960 1961 1962 1963 1964 1965 1969 1970
germany,1871,2025,inflation_adjusted,start,0.8,,,,,,25,25,6,102,29,46,45.1,0.0,0.0,1884 1885 1886 1887 1888 1889 1890 1891 1892 1893 1894 1895 1896 1897 1898 1899 1900 1901 1902 1903 1904 1905 1906 1907 1908 1909 1910 1911 1912 1913 1914 1915 1916 1917 1918 1919 1956 1959 1960 1961 1962 1963 1964 1965 1966 1967 1968 1969 1970 1971 1972 1973 1998 1999 2000 2001
germany,1871,2025,inflation_adjusted,start,0.8,,,,,,25,25,7,102,29,15,14.7,0.0,0.0,1871 1872 1873 1874 1879 1880 1881 1882 1883 1884 1885 1886 1887 1888 1889 1890 1891 1892 1893 1894 1895 1896 1897 1898 1899 1900 1901 1902 1903 1904 1905 1906 1907 1908 1909 1910 1911 1912 1913 1914 1915 1916 1917 1918 1919 1955 1956 1957 1958 1959 1960 1961 1962 1963 1964 1965 1966 1967 1968 1969 1970 1971 1972 1973 1974 1975 1976 1977 1978 1979 1980 1986 1987 1988 1989 1990 1991 1992 1993 1994 1995 1996 1997 1998 1999 2000 2001
germany,1871,2025,inflation_adjusted,start,0.8,,,,,,25,25,8,102,29,4,3.9,0.0,0.0,1871 1872 1873 1874 1875 1876 1877 1878 1879 1880 1881 1882 1883 1884 1885 1886 1887 1888 1889 1890 1891 1892 1893 1894 1895 1896 1897 1898 1899 1900 1901 1902 1903 1904 1905 1906 1907 1908 1909 1910 1911 1912 1913 1914 1915 1916 1917 1918 1919 1952 1953 1954 1955 1956 1957 1958 1959 1960 1961 1962 1963 1964 1965 1966 1967 1968 1969 1970 1971 1972 1973 1974 1975 1976 1977 1978 1979 1980 1981 1983 1984 1985 1986 1987 1988 1989 1990 1991 1992 1993 1994 1995 1996 1997 1998 1999 2000 2001
germany,1871,2025,inflation_adjusted,start,0.8,,,,,,25,25,9,102,29,1,1.0,0.0,0.0,1871 1872 1873 1874 1875 1876 1877 1878 1879 1880 1881 1882 1883 1884 1885 1886 1887 1888 1889 1890 1891 1892 1893 1894 1895 1896 1897 1898 1899 1900 1901 1902 1903 1904 1905 1906 1907 1908 1909 1910 1911 1912 1913 1914 1915 1916 1917 1918 1919 1950 1951 1952 1953 1954 1955 1956 1957 1958 1959 1960 1961 1962 1963 1964 1965 1966 1967 1968 1969 1970 1971 1972 1973 1974 1975 1976 1977 1978 1979 1980 1981 1982 1983 1984 1985 1986 1987 1988 1989 1990 1991 1992 1993 1994 1995 1996 1997 1998 1999 2000 2001
germany,1871,2025,inflation_adjusted,start,0.8,,,,,,25,25,10,102,29,1,1.0,0.0,0.0,1871 1872 1873 1874 1875 1876 1877 1878 1879 1880 1881 1882 1883 1884 1885 1886 1887 1888 1889 1890 1891 1892 1893 1894 1895 1896 1897 1898 1899 1900 1901 1902 1903 1904 1905 1906 1907 1908 1909 1910 1911 1912 1913 1914 1915 1916 1917 1918 1919 1950 1951 1952 1953 1954 1955 1956 1957 1958 1959 1960 1961 1962 1963 1964 1965 1966 1967 1968 1969 1970 1971 1972 1973 1974 1975 1976 1977 1978 1979 1980 1981 1982 1983 1984 1985 1986 1987 1988 1989 1990 1991 1992 1993 1994 1995 1996 1997 1998 1999 2000 2001
germany,1871,2025,inflation_adjusted,start,0.8,,,,,,25,25,11,102,29,0,0.0,0.0,0.0,1871 1872 1873 1874 1875 1876 1877 1878 1879 1880 1881 1882 1883 1884 1885 1886 1887 1888 1889 1890 1891 1892 1893 1894 1895 1896 1897 1898 1899 1900 1901 1902 1903 1904 1905 1906 1907 1908 1909 1910 1911 1912 1913 1914 1915 1916 1917 1918 1919 1949 1950 1951 1952 1953 1954 1955 1956 1957 1958 1959 1960 1961 1962 1963 1964 1965 1966 1967 1968 1969 1970 1971 1972 1973 1974 1975 1976 1977 1978 1979 1980 1981 1982 1983 1984 1985 1986 1987 1988 1989 1990 1991 1992 1993 1994 1995 1996 1997 1998 1999 2000 2001
germany,1871,2025,inflation_adjusted,start,0.8,,,,,,25,25,12,102,29,0,0.0,0.0,0.0,1871 1872 1873 1874 1875 1876 1877 1878 1879 1880 1881 1882 1883 1884 1885 1886 1887 1888 1889 1890 1891 1892 1893 1894 1895 1896 1897 1898 1899 1900 1901 1902 1903 1904 1905 1906 1907 1908 1909 1910 1911 1912 1913 1914 1915 1916 1917 1918 1919 1949 1950 1951 1952 1953 1954 1955 1956 1957 1958 1959 1960 1961 1962 1963 1964 1965 1966 1967 1968 1969 1970 1971 1972 1973 1974 1975 1976 1977 1978 1979 1980 1981 1982 1983 1984 1985 1986 1987 1988 1989 1990 1991 1992 1993 1994 1995 1996 1997 1998 1999 2000 2001
germany,1871,2025,inflation_adjusted,start,0.8,,,,,,25,0,3,102,29,79,77.5,1201.0,0.0,1897 1898 1899 1900 1901 1902 1903 1904 1905 1906 1907 1908 1909 1910 1911 1912 1913 1914 1915 1916 1917 1918 1919
germany,1871,2025,inflation_adjusted,start,0.8,,,,,,25,0,4,102,29,77,75.5,735.0,0.0,1895 1896 1897 1898 1899 1900 1901 1902 1903 1904 1905 1906 1907 1908 1909 1910 1911 1912 1913 1914 1915 1916 1917 1918 1919
germany,1871,2025,inflation_adjusted,start,0.8,,,,,,25,0,5,102,29,58,56.9,70.0,0.0,1887 1888 1889 1890 1893 1894 1895 1896 1897 1898 1899 1900 1901 1902 1903 1904 1905 1906 1907 1908 1909 1910 1911 1912 1913 1914 1915 1916 1917 1918 1919 1951 1955 1956 1960 1962 1963 1964 1965 1968 1969 1970 1999 2001
germany,1871,2025,inflation_adjusted,start,0.8,,,,,,25,0,6,102,29,21,20.6,0.0,0.0,1880 1881 1882 1883 1884 1885 1886 1887 1888 1889 1890 1891 1892 1893 1894 1895 1896 1897 1898 1899 1900 1901 1902 1903 1904 1905 1906 1907 1908 1909 1910 1911 1912 1913 1914 1915 1916 1917 1918 1919 1949 1950 1951 1952 1953 1954 1955 1956 1957 1958 1959 1960 1961 1962 1963 1964 1965 1966 1967 1968 1969 1970 1971 1972 1973 1974 1975 1976 1977 1978 1979 1987 1988 1989 1994 1996 1997 1998 1999 2000 2001
germany,1871,2025,inflation_adjusted,start,0.8,,,,,,25,0,7,102,29,0,0.0,0.0,0.0,1871 1872 1873 1874 1875 1876 1877 1878 1879 1880 1881 1882 1883 1884 1885 1886 1887 1888 1889 1890 1891 1892 1893 1894 1895 1896 1897 1898 1899 1900 1901 1902 1903 1904 1905 1906 1907 1908 1909 1910 1911 1912 1913 1914 1915 1916 1917 1918 1919 1949 1950 1951 1952 1953 1954 1955 1956 1957 1958 1959 1960 1961 1962 1963 1964 1965 1966 1967 1968 1969 1970 1971 1972 1973 1974 1975 1976 1977 1978 1979 1980 1981 1982 1983 1984 1985 1986 1987 1988 1989 1990 1991 1992 1993 1994 1995 1996 1997 1998 1999 2000 2001
germany,1871,2025,inflation_adjusted,start,0.8,,,,,,25,0,8,102,29,0,0.0,0.0,0.0,1871 1872 1873 1874 1875 1876 1877 1878 1879 1880 1881 1882 1883 1884 1885 1886 1887 1888 1889 1890 1891 1892 1893 1894 1895 1896 1897 1898 1899 1900 1901 1902 1903 1904 1905 1906 1907 1908 1909 1910 1911 1912 1913 1914 1915 1916 1917 1918 1919 1949 1950 1951 1952 1953 1954 1955 1956 1957 1958 1959 1960 1961 1962 1963 1964 1965 1966 1967 1968 1969 1970 1971 1972 1973 1974 1975 1976 1977 1978 1979 1980 1981 1982 1983 1984 1985 1986 1987 1988 1989 1990 1991 1992 1993 1994 1995 1996 1997 1998 1999 2000 2001
germany,1871,2025,inflation_adjusted,start,0.8,,,,,,25,0,9,102,29,0,0.0,0.0,0.0,1871 1872 1873 1874 1875 1876 1877 1878 1879 1880 1881 1882 1883 1884 1885 1886 1887 1888 1889 1890 1891 1892 1893 1894 1895 1896 1897 1898 1899 1900 1901 1902 1903 1904 1905 1906 1907 1908 1909 1910 1911 1912 1913 1914 1915 1916 1917 1918 1919 1949 1950 1951 1952 1953 1954 1955 1956 1957 1958 1959 1960 1961 1962 1963 1964 1965 1966 1967 1968 1969 1970 1971 1972 1973 1974 1975 1976 1977 1978 1979 1980 1981 1982 1983 1984 1985 1986 1987 1988 1989 1990 1991 1992 1993 1994 1995 1996 1997 1998 1999 2000 2001
germany,1871,2025,inflation_adjusted,start,0.8,,,,,,25,0,10,102,29,0,0.0,0.0,0.0,1871 1872 1873 1874 1875 1876 1877 1878 1879 1880 1881 1882 1883 1884 1885 1886 1887 1888 1889 1890 1891 1892 1893 1894 1895 1896 1897 1898 1899 1900 1901 1902 1903 1904 1905 1906 1907 1908 1909 1910 1911 1912 1913 1914 1915 1916 1917 1918 1919 1949 1950 1951 1952 1953 1954 1955 1956 1957 1958 1959 1960 1961 1962 1963 1964 1965 1966 1967 1968 1969 1970 1971 1972 1973 1974 1975 1976 1977 1978 1979 1980 1981 1982 1983 1984 1985 1986 1987 1988 1989 1990 1991 1992 1993 1994 1995 1996 1997 1998 1999 2000 2001
germany,1871,2025,inflation_adjusted,start,0.8,,,,,,25,0,11,102,29,0,0.0,0.0,0.0,1871 1872 1873 1874 1875 1876 1877 1878 1879 1880 1881 1882 1883 1884 1885 1886 1887 1888 1889 1890 1891 1892 1893 1894 1895 1896 1897 1898 1899 1900 1901 1902 1903 1904 1905 1906 1907 1908 1909 1910 1911 1912 1913 1914 1915 1916 1917 1918 1919 1949 1950 1951 1952 1953 1954 1955 1956 1957 1958 1959 1960 1961 1962 1963 1964 1965 1966 1967 1968 1969 1970 1971 1972 1973 1974 1975 1976 1977 1978 1979 1980 1981 1982 1983 1984 1985 1986 1987 1988 1989 1990 1991 1992 1993 1994 1995 1996 1997 1998 1999 2000 2001
germany,1871,2025,inflation_adjusted,start,0.8,,,,,,25,0,12,102,29,0,0.0,0.0,0.0,1871 1872 1873 1874 1875 1876 1877 1878 1879 1880 1881 1882 1883 1884 1885 1886 1887 1888 1889 1890 1891 1892 1893 1894 1895 1896 1897 1898 1899 1900 1901 1902 1903 1904 1905 1906 1907 1908 1909 1910 1911 1912 1913 1914 1915 1916 1917 1918 1919 1949 1950 1951 1952 1953 1954 1955 1956 1957 1958 1959 1960 1961 1962 1963 1964 1965 1966 1967 1968 1969 1970 1971 1972 1973 1974 1975 1976 1977 1978 1979 1980 1981 1982 1983 1984 1985 1986 1987 1988 1989 1990 1991 1992 1993 1994 1995 1996 1997 1998 1999 2000 2001
germany,1871,2025,inflation_adjusted,start,0.8,,,,,,30,100,3,126,0,83,65.9,2689.0,0.0,1899 1900 1901 1902 1903 1904 1905 1906 1907 1908 1909 1910 1911 1912 1913 1914 1915 1916 1917 1918 1920 1921 1922 1923 1924 1925 1927 1928 1929 1930 1937 1938 1939 1940 1941 1942 1943 1944 1945 1946 1947 1948 1961
germany,1871,2025,inflation_adjusted,start,0.8,,,,,,30,100,4,126,0,70,55.6,1227.0,0.0,1896 1897 1898 1899 1900 1901 1902 1903 1904 1905 1906 1907 1908 1909 1910 1911 1912 1913 1914 1915 1916 1917 1918 1919 1920 1921 1922 1923 1924 1925 1927 1928 1929 1930 1931 1934 1935 1936 1937 1938 1939 1940 1941 1942 1943 1944 1945 1946 1947 1948 1960 1961 1962 1964 1965 1970
germany,1871,2025,inflation_adjusted,start,0.8,,,,,,30,100,5,126,0,60,47.6,0.0,0.0,1890 1895 1896 1897 1898 1899 1900 1901 1902 1903 1904 1905 1906 1907 1908 1909 1910 1911 1912 1913 1914 1915 1916 1917 1918 1919 1920 1921 1922 1923 1924 1925 1926 1927 1928 1929 1930 1931 1933 1934 1935 1936 1937 1938 1939 1940 1941 1942 1943 1944 1945 1946 1947 1948 1960 1961 1962 1963 1964 1965 1966 1968 1969 1970 1971 1973
germany,1871,2025,inflation_adjusted,start,0.8,,,,,,30,100,6,126,0,46,36.5,0.0,0.0,1872 1873 1889 1890 1891 1892 1893 1894 1895 1896 1897 1898 1899 1900 1901 1902 1903 1904 1905 1906 1907 1908 1909 1910 1911 1912 1913 1914 1915 1916 1917 1918 1919 1920 1921 1922 1923 1924 1925 1926 1927 1928 1929 1930 1931 1932 1933 1934 1935 1936 1937 1938 1939 1940 1941 1942 1943 1944 1945 1946 1947 1948 1960 1961 1962 1963 1964 1965 1966 1967 1968 1969 1970 1971 1972 1973 1986 1987 1990 1994
germany,1871,2025,inflation_adjusted,start,0.8,,,,,,30,100,7,126,0,25,19.8,0.0,0.0,1871 1872 1873 1874 1881 1882 1883 1884 1885 1886 1887 1888 1889 1890 1891 1892 1893 1894 1895 1896 1897 1898 1899 1900 1901 1902 1903 1904 1905 1906 1907 1908 1909 1910 1911 1912 1913 1914 1915 1916 1917 1918 1919 1920 1921 1922 1923 1924 1925 1926 1927 1928 1929 1930 1931 1932 1933 1934 1935 1936 1937 1938 1939 1940 1941 1942 1943 1944 1945 1946 1947 1948 1959 1960 1961 1962 1963 1964 1965 1966 1967 1968 1969 1970 1971 1972 1973 1974 1976 1977 1978 1979 1986 1987 1989 1990 1991 1992 1994 1995 1996
germany,1871,2025,inflation_adjusted,start,0.8,,,,,,30,100,8,126,0,19,15.1,0.0,0.0,1871 1872 1873 1874 1875 1880 1881 1882 1883 1884 1885 1886 1887 1888 1889 1890 1891 1892 1893 1894 1895 1896 1897 1898 1899 1900 1901 1902 1903 1904 1905 1906 1907 1908 1909 1910 1911 1912 1913 1914 1915 1916 1917 1918 1919 1920 1921 1922 1923 1924 1925 1926 1927 1928 1929 1930 1931 1932 1933 1934 1935 1936 1937 1938 1939 1940 1941 1942 1943 1944 1945 1946 1947 1948 1955 1956 1959 1960 1961 1962 1963 1964 1965 1966 1967 1968 1969 1970 1971 1972 1973 1974 1975 1976 1977 1978 1979 1986 1987 1989 1990 1991 1992 1993 1994 1995 1996
germany,1871,2025,inflation_adjusted,start,0.8,,,,,,30,100,9,126,0,10,7.9,0.0,0.0,1871 1872 1873 1874 1875 1876 1877 1879 1880 1881 1882 1883 1884 1885 1886 1887 1888 1889 1890 1891 1892 1893 1894 1895 1896 1897 1898 1899 1900 1901 1902 1903 1904 1905 1906 1907 1908 1909 1910 1911 1912 1913 1914 1915 1916 1917 1918 1919 1920 1921 1922 1923 1924 1925 1926 1927 1928 1929 1930 1931 1932 1933 1934 1935 1936 1937 1938 1939 1940 1941 1942 1943 1944 1945 1946 1947 1948 1955 1956 1957 1958 1959 1960 1961 1962 1963 1964 1965 1966 1967 1968 1969 1970 1971 1972 1973 1974 1975 1976 1977 1978 1979 1980 1984 1985 1986 1987 1988 1989 1990 1991 1992 1993 1994 1995 1996
germany,1871,2025,inflation_adjusted,start,0.8,,,,,,30,100,10,126,0,8,6.3,0.0,0.0,1871 1872 1873 1874 1875 1876 1877 1878 1879 1880 1881 1882 1883 1884 1885 1886 1887 1888 1889 1890 1891 1892 1893 1894 1895 1896 1897 1898 1899 1900 1901 1902 1903 1904 1905 1906 1907 1908 1909 1910 1911 1912 1913 1914 1915 1916 1917 1918 1919 1920 1921 1922 1923 1924 1925 1926 1927 1928 1929 1930 1931 1932 1933 1934 1935 1936 1937 1938 1939 1940 1941 1942 1943 1944 1945 1946 1947 1948 1955 1956 1957 1958 1959 1960 1961 1962 1963 1964 1965 1966 1967 1968 1969 1970 1971 1972 1973 1974 1975 1976 1977 1978 1979 1980 1981 1984 1985 1986 1987 1988 1989 1990 1991 1992 1993 1994 1995 1996
germany,1871,2025,inflation_adjusted,start,0.8,,,,,,30,100,11,126,0,6,4.8,0.0,0.0,1871 1872 1873 1874 1875 1876 1877 1878 1879 1880 1881 1882 1883 1884 1885 1886 1887 1888 1889 1890 1891 1892 1893 1894 1895 1896 1897 1898 1899 1900 1901 1902 1903 1904 1905 1906 1907 1908 1909 1910 1911 1912 1913 1914 1915 1916 1917 1918 1919 1920 1921 1922 1923 1924 1925 1926 1927 1928 1929 1930 1931 1932 1933 1934 1935 1936 1937 1938 1939 1940 1941 1942 1943 1944 1945 1946 1947 1948 1955 1956 1957 1958 1959 1960 1961 1962 1963 1964 1965 1966 1967 1968 1969 1970 1971 1972 1973 1974 1975 1976 1977 1978 1979 1980 1981 1982 1983 1984 1985 1986 1987 1988 1989 1990 1991 1992 1993 1994 1995 1996
germany,1871,2025,inflation_adjusted,start,0.8,,,,,,30,100,12,126,0,6,4.8,0.0,0.0,1871 1872 1873 1874 1875 1876 1877 1878 1879 1880 1881 1882 1883 1884 1885 1886 1887 1888 1889 1890 1891 1892 1893 1894 1895 1896 1897 1898 1899 1900 1901 1902 1903 1904 1905 1906 1907 1908 1909 1910 1911 1912 1913 1914 1915 1916 1917 1918 1919 1920 1921 1922 1923 1924 1925 1926 1927 1928 1929 1930 1931 1932 1933 1934 1935 1936 1937 1938 1939 1940 1941 1942 1943 1944 1945 1946 1947 1948 1955 1956 1957 1958 1959 1960 1961 1962 1963 1964 1965 1966 1967 1968 1969 1970 1971 1972 1973 1974 1975 1976 1977 1978 1979 1980 1981 1982 1983 1984 1985 1986 1987 1988 1989 1990 1991 1992 1993 1994 1995 1996
germany,1871,2025,inflation_adjusted,start,0.8,,,,,,30,75,3,92,34,74,80.4,3393.0,0.0,1897 1898 1899 1900 1901 1902 1903 1904 1905 1906 1907 1908 1909 1910 1911 1912 1913 1914
germany,1871,2025,inflation_adjusted,start,0.8,,,,,,30,75,4,92,34,68,73.9,1817.0,0.0,1895 1896 1897 1898 1899 1900 1901 1902 1903 1904 1905 1906 1907 1908 1909 1910 1911 1912 1913 1914 1960 1961 1962 1970
germany,1871,2025,inflation_adjusted,start,0.8,,,,,,30,75,5,92,34,57,62.0,658.0,0.0,1890 1891 1893 1894 1895 1896 1897 1898 1899 1900 1901 1902 1903 1904 1905 1906 1907 1908 1909 1910 1911 1912 1913 1914 1960 1961 1962 1963 1964 1965 1966 1968 1969 1970 1971
germany,1871,2025,inflation_adjusted,start,0.8,,,,,,30,75,6,92,34,41,44.6,0.0,0.0,1872 1873 1882 1884 1885 1886 1887 1888 1889 1890 1891 1892 1893 1894 1895 1896 1897 1898 1899 1900 1901 1902 1903 1904 1905 1906 1907 1908 1909 1910 1911 1912 1913 1914 1960 1961 1962 1963 1964 1965 1966 1967 1968 1969 1970 1971 1972 1973 1986 1987 1994
germany,1871,2025,inflation_adjusted,start,0.8,,,,,,30,75,7,92,34,21,22.8,0.0,0.0,1871 1872 1873 1874 1880 1881 1882 1883 1884 1885 1886 1887 1888 1889 1890 1891 1892 1893 1894 1895 1896 1897 1898 1899 1900 1901 1902 1903 1904 1905 1906 1907 1908 1909 1910 1911 1912 1913 1914 1955 1956 1959 1960 1961 1962 1963 1964 1965 1966 1967 1968 1969 1970 1971 1972 1973 1974 1975 1976 1977 1978 1979 1986 1987 1989 1990 1991 1992 1994 1995 1996
germany,1871,2025,inflation_adjusted,start,0.8,,,,,,30,75,8,92,34,13,14.1,0.0,0.0,1871 1872 1873 1874 1875 1876 1877 1879 1880 1881 1882 1883 1884 1885 1886 1887 1888 1889 1890 1891 1892 1893 1894 1895 1896 1897 1898 1899 1900 1901 1902 1903 1904 1905 1906 1907 1908 1909 1910 1911 1912 1913 1914 1955 1956 1957 1959 1960 1961 1962 1963 1964 1965 1966 1967 1968 1969 1970 1971 1972 1973 1974 1975 1976 1977 1978 1979 1980 1986 1987 1988 1989 1990 1991 1992 1993 1994 1995 1996
germany,1871,2025,inflation_adjusted,start,0.8,,,,,,30,75,9,92,34,8,8.7,0.0,0.0,1871 1872 1873 1874 1875 1876 1877 1878 1879 1880 1881 1882 1883 1884 1885 1886 1887 1888 1889 1890 1891 1892 1893 1894 1895 1896 1897 1898 1899 1900 1901 1902 1903 1904 1905 1906 1907 1908 1909 1910 1911 1912 1913 1914 1955 1956 1957 1958 1959 1960 1961 1962 1963 1964 1965 1966 1967 1968 1969 1970 1971 1972 1973 1974 1975 1976 1977 1978 1979 1980 1981 1984 1985 1986 1987 1988 1989 1990 1991 1992 1993 1994 1995 1996
germany,1871,2025,inflation_adjusted,start,0.8,,,,,,30,75,10,92,34,6,6.5,0.0,0.0,1871 1872 1873 1874 1875 1876 1877 1878 1879 1880 1881 1882 1883 1884 1885 1886 1887 1888 1889 1890 1891 1892 1893 1894 1895 1896 1897 1898 1899 1900 1901 1902 1903 1904 1905 1906 1907 1908 1909 1910 1911 1912 1913 1914 1955 1956 1957 1958 1959 1960 1961 1962 1963 1964 1965 1966 1967 1968 1969 1970 1971 1972 1973 1974 1975 1976 1977 1978 1979 1980 1981 1982 1983 1984 1985 1986 1987 1988 1989 1990 1991 1992 1993 1994 1995 1996
germany,1871,2025,inflation_adjusted,start,0.8,,,,,,30,75,11,92,34,5,5.4,0.0,0.0,1871 1872 1873 1874 1875 1876 1877 1878 1879 1880 1881 1882 1883 1884 1885 1886 1887 1888 1889 1890 1891 1892 1893 1894 1895 1896 1897 1898 1899 1900 1901 1902 1903 1904 1905 1906 1907 1908 1909 1910 1911 1912 1913 1914 1954 1955 1956 1957 1958 1959 1960 1961 1962 1963 1964 1965 1966 1967 1968 1969 1970 1971 1972 1973 1974 1975 1976 1977 1978 1979 1980 1981 1982 1983 1984 1985 1986 1987 1988 1989 1990 1991 1992 1993 1994 1995 1996
germany,1871,2025,inflation_adjusted,start,0.8,,,,,,30,75,12,92,34,4,4.3,0.0,0.0,1871 1872 1873 1874 1875 1876 1877 1878 1879 1880 1881 1882 1883 1884 1885 1886 1887 1888 1889 1890 1891 1892 1893 1894 1895 1896 1897 1898 1899 1900 1901 1902 1903 1904 1905 1906 1907 1908 1909 1910 1911 1912 1913 1914 1953 1954 1955 1956 1957 1958 1959 1960 1961 1962 1963 1964 1965 1966 1967 1968 1969 1970 1971 1972 1973 1974 1975 1976 1977 1978 1979 1980 1981 1982 1983 1984 1985 1986 1987 1988 1989 1990 1991 1992 1993 1994 1995 1996
germany,1871,2025,inflation_adjusted,start,0.8,,,,,,30,50,3,92,34,73,79.3,2555.0,0.0,1896 1897 1898 1899 1900 1901 1902 1903 1904 1905 1906 1907 1908 1909 1910 1911 1912 1913 1914
germany,1871,2025,inflation_adjusted,start,0.8,,,,,,30,50,4,92,34,69,75.0,1445.0,0.0,1894 1895 1896 1897 1898 1899 1900 1901 1902 1903 1904 1905 1906 1907 1908 1909 1910 1911 1912 1913 1914 1961 1962
germany,1871,2025,inflation_adjusted,start,0.8,,,,,,30,50,5,92,34,55,59.8,430.0,0.0,1889 1890 1891 1892 1893 1894 1895 1896 1897 1898 1899 1900 1901 1902 1903 1904 1905 1906 1907 1908 1909 1910 1911 1912 1913 1914 1960 1961 1962 1963 1964 1965 1966 1968 1969 1970 1971
germany,1871,2025,inflation_adjusted,start,0.8,,,,,,30,50,6,92,34,39,42.4,0.0,0.0,1872 1873 1882 1883 1884 1885 1886 1887 1888 1889 1890 1891 1892 1893 1894 1895 1896 1897 1898 1899 1900 1901 1902 1903 1904 1905 1906 1907 1908 1909 1910 1911 1912 1913 1914 1959 1960 1961 1962 1963 1964 1965 1966 1967 1968 1969 1970 1971 1972 1973 1976 1987 1994
germany,1871,2025,inflation_adjusted,start,0.8,,,,,,30,50,7,92,34,17,18.5,0.0,0.0,1871 1872 1873 1874 1875 1880 1881 1882 1883 1884 1885 1886 1887 1888 1889 1890 1891 1892 1893 1894 1895 1896 1897 1898 1899 1900 1901 1902 1903 1904 1905 1906 1907 1908 1909 1910 1911 1912 1913 1914 1955 1956 1957 1959 1960 1961 1962 1963 1964 1965 1966 1967 1968 1969 1970 1971 1972 1973 1974 1975 1976 1977 1978 1979 1986 1987 1988 1989 1990 1991 1992 1993 1994 1995 1996
germany,1871,2025,inflation_adjusted,start,0.8,,,,,,30,50,8,92,34,8,8.7,0.0,0.0,1871 1872 1873 1874 1875 1876 1877 1878 1879 1880 1881 1882 1883 1884 1885 1886 1887 1888 1889 1890 1891 1892 1893 1894 1895 1896 1897 1898 1899 1900 1901 1902 1903 1904 1905 1906 1907 1908 1909 1910 1911 1912 1913 1914 1955 1956 1957 1958 1959 1960 1961 1962 1963 1964 1965 1966 1967 1968 1969 1970 1971 1972 1973 1974 1975 1976 1977 1978 1979 1980 1981 1984 1985 1986 1987 1988 1989 1990 1991 1992 1993 1994 1995 1996
germany,1871,2025,inflation_adjusted,start,0.8,,,,,,30,50,9,92,34,5,5.4,0.0,0.0,1871 1872 1873 1874 1875 1876 1877 1878 1879 1880 1881 1882 1883 1884 1885 1886 1887 1888 1889 1890 1891 1892 1893 1894 1895 1896 1897 1898 1899 1900 1901 1902 1903 1904 1905 1906 1907 1908 1909 1910 1911 1912 1913 1914 1954 1955 1956 1957 1958 1959 1960 1961 1962 1963 1964 1965 1966 1967 1968 1969 1970 1971 1972 1973 1974 1975 1976 1977 1978 1979 1980 1981 1982 1983 1984 1985 1986 1987 1988 1989 1990 1991 1992 1993 1994 1995 1996
germany,1871,2025,inflation_adjusted,start,0.8,,,,,,30,50,10,92,34,3,3.3,0.0,0.0,1871 1872 1873 1874 1875 1876 1877 1878 1879 1880 1881 1882 1883 1884 1885 1886 1887 1888 1889 1890 1891 1892 1893 1894 1895 1896 1897 1898 1899 1900 1901 1902 1903 1904 1905 1906 1907 1908 1909 1910 1911 1912 1913 1914 1952 1953 1954 1955 1956 1957 1958 1959 1960 1961 1962 1963 1964 1965 1966 1967 1968 1969 1970 1971 1972 1973 1974 1975 1976 1977 1978 1979 1980 1981 1982 1983 1984 1985 1986 1987 1988 1989 1990 1991 1992 1993 1994 1995 1996
germany,1871,2025,inflation_adjusted,start,0.8,,,,,,30,50,11,92,34,3,3.3,0.0,0.0,1871 1872 1873 1874 1875 1876 1877 1878 1879 1880 1881 1882 1883 1884 1885 1886 1887 1888 1889 1890 1891 1892 1893 1894 1895 1896 1897 1898 1899 1900 1901 1902 1903 1904 1905 1906 1907 1908 1909 1910 1911 1912 1913 1914 1952 1953 1954 1955 1956 1957 1958 1959 1960 1961 1962 1963 1964 1965 1966 1967 1968 1969 1970 1971 1972 1973 1974 1975 1976 1977 1978 1979 1980 1981 1982 1983 1984 1985 1986 1987 1988 1989 1990 1991 1992 1993 1994 1995 1996
germany,1871,2025,inflation_adjusted,start,0.8,,,,,,30,50,12,92,34,2,2.2,0.0,0.0,1871 1872 1873 1874 1875 1876 1877 1878 1879 1880 1881 1882 1883 1884 1885 1886 1887 1888 1889 1890 1891 1892 1893 1894 1895 1896 1897 1898 1899 1900 1901 1902 1903 1904 1905 1906 1907 1908 1909 1910 1911 1912 1913 1914 1950 1952 1953 1954 1955 1956 1957 1958 1959 1960 1961 1962 1963 1964 1965 1966 1967 1968 1969 1970 1971 1972 1973 1974 1975 1976 1977 1978 1979 1980 1981 1982 1983 1984 1985 1986 1987 1988 1989 1990 1991 1992 1993 1994 1995 1996
germany,1871,2025,inflation_adjusted,start,0.8,,,,,,30,25,3,92,34,71,77.2,1757.0,0.0,1894 1895 1896 1897 1898 1899 1900 1901 1902 1903 1904 1905 1906 1907 1908 1909 1910 1911 1912 1913 1914
germany,1871,2025,inflation_adjusted,start,0.8,,,,,,30,25,4,92,34,69,75.0,967.0,0.0,1892 1893 1894 1895 1896 1897 1898 1899 1900 1901 1902 1903 1904 1905 1906 1907 1908 1909 1910 1911 1912 1913 1914
germany,1871,2025,inflation_adjusted,start,0.8,,,,,,30,25,5,92,34,51,55.4,180.0,0.0,1886 1887 1888 1889 1890 1891 1892 1893 1894 1895 1896 1897 1898 1899 1900 1901 1902 1903 1904 1905 1906 1907 1908 1909 1910 1911 1912 1913 1914 1960 1961 1962 1963 1964 1965 1966 1968 1969 1970 1971 1972
germany,1871,2025,inflation_adjusted,start,0.8,,,,,,30,25,6,92,34,25,27.2,0.0,0.0,1872 1873 1880 1881 1882 1883 1884 1885 1886 1887 1888 1889 1890 1891 1892 1893 1894 1895 1896 1897 1898 1899 1900 1901 1902 1903 1904 1905 1906 1907 1908 1909 1910 1911 1912 1913 1914 1955 1956 1957 1959 1960 1961 1962 1963 1964 1965 1966 1967 1968 1969 1970 1971 1972 1973 1974 1975 1976 1977 1978 1979 1986 1987 1989 1990 1994 1996
germany,1871,2025,inflation_adjusted,start,0.8,,,,,,30,25,7,92,34,5,5.4,0.0,0.0,1871 1872 1873 1874 1875 1876 1877 1878 1879 1880 1881 1882 1883 1884 1885 1886 1887 1888 1889 1890 1891 1892 1893 1894 1895 1896 1897 1898 1899 1900 1901 1902 1903 1904 1905 1906 1907 1908 1909 1910 1911 1912 1913 1914 1952 1953 1954 1955 1956 1957 1958 1959 1960 1961 1962 1963 1964 1965 1966 1967 1968 1969 1970 1971 1972 1973 1974 1975 1976 1977 1978 1979 1980 1981 1984 1985 1986 1987 1988 1989 1990 1991 1992 1993 1994 1995 1996
germany,1871,2025,inflation_adjusted,start,0.8,,,,,,30,25,8,92,34,1,1.1,0.0,0.0,1871 1872 1873 1874 1875 1876 1877 1878 1879 1880 1881 1882 1883 1884 1885 1886 1887 1888 1889 1890 1891 1892 1893 1894 1895 1896 1897 1898 1899 1900 1901 1902 1903 1904 1905 1906 1907 1908 1909 1910 1911 1912 1913 1914 1950 1951 1952 1953 1954 1955 1956 1957 1958 1959 1960 1961 1962 1963 1964 1965 1966 1967 1968 1969 1970 1971 1972 1973 1974 1975 1976 1977 1978 1979 1980 1981 1982 1983 1984 1985 1986 1987 1988 1989 1990 1991 1992 1993 1994 1995 1996
germany,1871,2025,inflation_adjusted,start,0.8,,,,,,30,25,9,92,34,1,1.1,0.0,0.0,1871 1872 1873 1874 1875 1876 1877 1878 1879 1880 1881 1882 1883 1884 1885 1886 1887 1888 1889 1890 1891 1892 1893 1894 1895 1896 1897 1898 1899 1900 1901 1902 1903 1904 1905 1906 1907 1908 1909 1910 1911 1912 1913 1914 1950 1951 1952 1953 1954 1955 1956 1957 1958 1959 1960 1961 1962 1963 1964 1965 1966 1967 1968 1969 1970 1971 1972 1973 1974 1975 1976 1977 1978 1979 1980 1981 1982 1983 1984 1985 1986 1987 1988 1989 1990 1991 1992 1993 1994 1995 1996
germany,1871,2025,inflation_adjusted,start,0.8,,,,,,30,25,10,92,34,0,0.0,0.0,0.0,1871 1872 1873 1874 1875 1876 1877 1878 1879 1880 1881 1882 1883 1884 1885 1886 1887 1888 1889 1890 1891 1892 1893 1894 1895 1896 1897 1898 1899 1900 1901 1902 1903 1904 1905 1906 1907 1908 1909 1910 1911 1912 1913 1914 1949 1950 1951 1952 1953 1954 1955 1956 1957 1958 1959 1960 1961 1962 1963 1964 1965 1966 1967 1968 1969 1970 1971 1972 1973 1974 1975 1976 1977 1978 1979 1980 1981 1982 1983 1984 1985 1986 1987 1988 1989 1990 1991 1992 1993 1994 1995 1996
germany,1871,2025,inflation_adjusted,start,0.8,,,,,,30,25,11,92,34,0,0.0,0.0,0.0,1871 1872 1873 1874 1875 1876 1877 1878 1879 1880 1881 1882 1883 1884 1885 1886 1887 1888 1889 1890 1891 1892 1893 1894 1895 1896 1897 1898 1899 1900 1901 1902 1903 1904 1905 1906 1907 1908 1909 1910 1911 1912 1913 1914 1949 1950 1951 1952 1953 1954 1955 1956 1957 1958 1959 1960 1961 1962 1963 1964 1965 1966 1967 1968 1969 1970 1971 1972 1973 1974 1975 1976 1977 1978 1979 1980 1981 1982 1983 1984 1985 1986 1987 1988 1989 1990 1991 1992 1993 1994 1995 1996
germany,1871,2025,inflation_adjusted,start,0.8,,,,,,30,25,12,92,34,0,0.0,0.0,0.0,1871 1872 1873 1874 1875 1876 1877 1878 1879 1880 1881 1882 1883 1884 1885 1886 1887 1888 1889 1890 1891 1892 1893 1894 1895 1896 1897 1898 1899 1900 1901 1902 1903 1904 1905 1906 1907 1908 1909 1910 1911 1912 1913 1914 1949 1950 1951 1952 1953 1954 1955 1956 1957 1958 1959 1960 1961 1962 1963 1964 1965 1966 1967 1968 1969 1970 1971 1972 1973 1974 1975 1976 1977 1978 1979 1980 1981 1982 1983 1984 1985 1986 1987 1988 1989 1990 1991 1992 1993 1994 1995 1996
germany,1871,2025,inflation_adjusted,start,0.8,,,,,,30,0,3,92,34,70,76.1,1267.0,0.0,1893 1894 1895 1896 1897 1898 1899 1900 1901 1902 1903 1904 1905 1906 1907 1908 1909 1910 1911 1912 1913 1914
germany,1871,2025,inflation_adjusted,start,0.8,,,,,,30,0,4,92,34,66,71.7,490.0,0.0,1889 1890 1891 1892 1893 1894 1895 1896 1897 1898 1899 1900 1901 1902 1903 1904 1905 1906 1907 1908 1909 1910 1911 1912 1913 1914
germany,1871,2025,inflation_adjusted,start,0.8,,,,,,30,0,5,92,34,31,33.7,0.0,0.0,1882 1883 1884 1885 1886 1887 1888 1889 1890 1891 1892 1893 1894 1895 1896 1897 1898 1899 1900 1901 1902 1903 1904 1905 1906 1907 1908 1909 1910 1911 1912 1913 1914 1949 1950 1951 1952 1953 1954 1955 1956 1957 1958 1959 1960 1961 1962 1963 1964 1965 1966 1967 1968 1969 1970 1971 1972 1973 1978 1994 1996
germany,1871,2025,inflation_adjusted,start,0.8,,,,,,30,0,6,92,34,1,1.1,0.0,0.0,1871 1872 1873 1874 1875 1876 1877 1878 1879 1880 1881 1882 1883 1884 1885 1886 1887 1888 1889 1890 1891 1892 1893 1894 1895 1896 1897 1898 1899 1900 1901 1902 1903 1904 1905 1906 1907 1908 1909 1910 1911 1912 1913 1914 1949 1950 1951 1952 1953 1954 1955 1956 1957 1958 1959 1960 1961 1962 1963 1964 1965 1966 1967 1968 1969 1970 1971 1972 1973 1974 1975 1976 1977 1978 1979 1980 1981 1983 1984 1985 1986 1987 1988 1989 1990 1991 1992 1993 1994 1995 1996
germany,1871,2025,inflation_adjusted,start,0.8,,,,,,30,0,7,92,34,0,0.0,0.0,0.0,1871 1872 1873 1874 1875 1876 1877 1878 1879 1880 1881 1882 1883 1884 1885 1886 1887 1888 1889 1890 1891 1892 1893 1894 1895 1896 1897 1898 1899 1900 1901 1902 1903 1904 1905 1906 1907 1908 1909 1910 1911 1912 1913 1914 1949 1950 1951 1952 1953 1954 1955 1956 1957 1958 1959 1960 1961 1962 1963 1964 1965 1966 1967 1968 1969 1970 1971 1972 1973 1974 1975 1976 1977 1978 1979 1980 1981 1982 1983 1984 1985 1986 1987 1988 1989 1990 1991 1992 1993 1994 1995 1996
germany,1871,2025,inflation_adjusted,start,0.8,,,,,,30,0,8,92,34,0,0.0,0.0,0.0,1871 1872 1873 1874 1875 1876 1877 1878 1879 1880 1881 1882 1883 1884 1885 1886 1887 1888 1889 1890 1891 1892 1893 1894 1895 1896 1897 1898 1899 1900 1901 1902 1903 1904 1905 1906 1907 1908 1909 1910 1911 1912 1913 1914 1949 1950 1951 1952 1953 1954 1955 1956 1957 1958 1959 1960 1961 1962 1963 1964 1965 1966 1967 1968 1969 1970 1971 1972 1973 1974 1975 1976 1977 1978 1979 1980 1981 1982 1983 1984 1985 1986 1987 1988 1989 1990 1991 1992 1993 1994 1995 1996
germany,1871,2025,inflation_adjusted,start,0.8,,,,,,30,0,9,92,34,0,0.0,0.0,0.0,1871 1872 1873 1874 1875 1876 1877 1878 1879 1880 1881 1882 1883 1884 1885 1886 1887 1888 1889 1890 1891 1892 1893 1894 1895 1896 1897 1898 1899 1900 1901 1902 1903 1904 1905 1906 1907 1908 1909 1910 1911 1912 1913 1914 1949 1950 1951 1952 1953 1954 1955 1956 1957 1958 1959 1960 1961 1962 1963 1964 1965 1966 1967 1968 1969 1970 1971 1972 1973 1974 1975 1976 1977 1978 1979 1980 1981 1982 1983 1984 1985 1986 1987 1988 1989 1990 1991 1992 1993 1994 1995 1996
germany,1871,2025,inflation_adjusted,start,0.8,,,,,,30,0,10,92,34,0,0.0,0.0,0.0,1871 1872 1873 1874 1875 1876 1877 1878 1879 1880 1881 1882 1883 1884 1885 1886 1887 1888 1889 1890 1891 1892 1893 1894 1895 1896 1897 1898 1899 1900 1901 1902 1903 1904 1905 1906 1907 1908 1909 1910 1911 1912 1913 1914 1949 1950 1951 1952 1953 1954 1955 1956 1957 1958 1959 1960 1961 1962 1963 1964 1965 1966 1967 1968 1969 1970 1971 1972 1973 1974 1975 1976 1977 1978 1979 1980 1981 1982 1983 1984 1985 1986 1987 1988 1989 1990 1991 1992 1993 1994 1995 1996
germany,1871,2025,inflation_adjusted,start,0.8,,,,,,30,0,11,92,34,0,0.0,0.0,0.0,1871 1872 1873 1874 1875 1876 1877 1878 1879 1880 1881 1882 1883 1884 1885 1886 1887 1888 1889 1890 1891 1892 1893 1894 1895 1896 1897 1898 1899 1900 1901 1902 1903 1904 1905 1906 1907 1908 1909 1910 1911 1912 1913 1914 1949 1950 1951 1952 1953 1954 1955 1956 1957 1958 1959 1960 1961 1962 1963 1964 1965 1966 1967 1968 1969 1970 1971 1972 1973 1974 1975 1976 1977 1978 1979 1980 1981 1982 1983 1984 1985 1986 1987 1988 1989 1990 1991 1992 1993 1994 1995 1996
germany,1871,2025,inflation_adjusted,start,0.8,,,,,,30,0,12,92,34,0,0.0,0.0,0.0,1871 1872 1873 1874 1875 1876 1877 1878 1879 1880 1881 1882 1883 1884 1885 1886 1887 1888 1889 1890 1891 1892 1893 1894 1895 1896 1897 1898 1899 1900 1901 1902 1903 1904 1905 1906 1907 1908 1909 1910 1911 1912 1913 1914 1949 1950 1951 1952 1953 1954 1955 1956 1957 1958 1959 1960 1961 1962 1963 1964 1965 1966 1967 1968 1969 1970 1971 1972 1973 1974 1975 1976 1977 1978 1979 1980 1981 1982 1983 1984 1985 1986 1987 1988 1989 1990 1991 1992 1993 1994 1995 1996
germany,1871,2025,inflation_adjusted,start,0.8,,,,,,35,100,3,121,0,73,60.3,3363.0,0.0,1896 1897 1898 1899 1900 1901 1902 1903 1904 1905 1906 1907 1908 1909 1910 1911 1912 1913 1914 1915 1916 1917 1918 1919 1920 1921 1922 1923 1924 1925 1927 1928 1929 1930 1937 1938 1939 1940 1941 1942 1943 1944 1945 1946 1947 1948 1961 1962
germany,1871,2025,inflation_adjusted,start,0.8,,,,,,35,100,4,121,0,61,50.4,207.0,0.0,1894 1895 1896 1897 1898 1899 1900 1901 1902 1903 1904 1905 1906 1907 1908 1909 1910 1911 1912 1913 1914 1915 1916 1917 1918 1919 1920 1921 1922 1923 1924 1925 1927 1928 1929 1930 1931 1934 1935 1936 1937 1938 1939 1940 1941 1942 1943 1944 1945 1946 1947 1948 1960 1961 1962 1963 1964 1965 1969 1970
germany,1871,2025,inflation_adjusted,start,0.8,,,,,,35,100,5,121,0,46,38.0,0.0,0.0,1887 1888 1889 1890 1891 1892 1893 1894 1895 1896 1897 1898 1899 1900 1901 1902 1903 1904 1905 1906 1907 1908 1909 1910 1911 1912 1913 1914 1915 1916 1917 1918 1919 1920 1921 1922 1923 1924 1925 1926 1927 1928 1929 1930 1931 1933 1934 1935 1936 1937 1938 1939 1940 1941 1942 1943 1944 1945 1946 1947 1948 1960 1961 1962 1963 1964 1965 1966 1968 1969 1970 1971 1972 1973 1987
germany,1871,2025,inflation_adjusted,start,0.8,,,,,,35,100,6,121,0,34,28.1,0.0,0.0,1872 1873 1882 1884 1885 1886 1887 1888 1889 1890 1891 1892 1893 1894 1895 1896 1897 1898 1899 1900 1901 1902 1903 1904 1905 1906 1907 1908 1909 1910 1911 1912 1913 1914 1915 1916 1917 1918 1919 1920 1921 1922 1923 1924 1925 1926 1927 1928 1929 1930 1931 1932 1933 1934 1935 1936 1937 1938 1939 1940 1941 1942 1943 1944 1945 1946 1947 1948 1959 1960 1961 1962 1963 1964 1965 1966 1967 1968 1969 1970 1971 1972 1973 1976 1986 1987 1990
germany,1871,2025,inflation_adjusted,start,0.8,,,,,,35,100,7,121,0,21,17.4,0.0,0.0,1871 1872 1873 1874 1880 1881 1882 1883 1884 1885 1886 1887 1888 1889 1890 1891 1892 1893 1894 1895 1896 1897 1898 1899 1900 1901 1902 1903 1904 1905 1906 1907 1908 1909 1910 1911 1912 1913 1914 1915 1916 1917 1918 1919 1920 1921 1922 1923 1924 1925 1926 1927 1928 1929 1930 1931 1932 1933 1934 1935 1936 1937 1938 1939 1940 1941 1942 1943 1944 1945 1946 1947 1948 1956 1959 1960 1961 1962 1963 1964 1965 1966 1967 1968 1969 1970 1971 1972 1973 1974 1975 1976 1977 1978 1979 1986 1987 1989 1990 1991
germany,1871,2025,inflation_adjusted,start,0.8,,,,,,35,100,8,121,0,15,12.4,0.0,0.0,1871 1872 1873 1874 1875 1880 1881 1882 1883 1884 1885 1886 1887 1888 1889 1890 1891 1892 1893 1894 1895 1896 1897 1898 1899 1900 1901 1902 1903 1904 1905 1906 1907 1908 1909 1910 1911 1912 1913 1914 1915 1916 1917 1918 1919 1920 1921 1922 1923 1924 1925 1926 1927 1928 1929 1930 1931 1932 1933 1934 1935 1936 1937 1938 1939 1940 1941 1942 1943 1944 1945 1946 1947 1948 1955 1956 1959 1960 1961 1962 1963 1964 1965 1966 1967 1968 1969 1970 1971 1972 1973 1974 1975 1976 1977 1978 1979 1980 1984 1985 1986 1987 1988 1989 1990 1991
germany,1871,2025,inflation_adjusted,start,0.8,,,,,,35,100,9,121,0,8,6.6,0.0,0.0,1871 1872 1873 1874 1875 1876 1877 1878 1879 1880 1881 1882 1883 1884 1885 1886 1887 1888 1889 1890 1891 1892 1893 1894 1895 1896 1897 1898 1899 1900 1901 1902 1903 1904 1905 1906 1907 1908 1909 1910 1911 1912 1913 1914 1915 1916 1917 1918 1919 1920 1921 1922 1923 1924 1925 1926 1927 1928 1929 1930 1931 1932 1933 1934 1935 1936 1937 1938 1939 1940 1941 1942 1943 1944 1945 1946 1947 1948 1955 1956 1957 1958 1959 1960 1961 1962 1963 1964 1965 1966 1967 1968 1969 1970 1971 1972 1973 1974 1975 1976 1977 1978 1979 1980 1981 1984 1985 1986 1987 1988 1989 1990 1991
germany,1871,2025,inflation_adjusted,start,0.8,,,,,,35,100,10,121,0,6,5.0,0.0,0.0,1871 1872 1873 1874 1875 1876 1877 1878 1879 1880 1881 1882 1883 1884 1885 1886 1887 1888 1889 1890 1891 1892 1893 1894 1895 1896 1897 1898 1899 1900 1901 1902 1903 1904 1905 1906 1907 1908 1909 1910 1911 1912 1913 1914 1915 1916 1917 1918 1919 1920 1921 1922 1923 1924 1925 1926 1927 1928 1929 1930 1931 1932 1933 1934 1935 1936 1937 1938 1939 1940 1941 1942 1943 1944 1945 1946 1947 1948 1955 1956 1957 1958 1959 1960 1961 1962 1963 1964 1965 1966 1967 1968 1969 1970 1971 1972 1973 1974 1975 1976 1977 1978 1979 1980 1981 1982 1983 1984 1985 1986 1987 1988 1989 1990 1991
germany,1871,2025,inflation_adjusted,start,0.8,,,,,,35,100,11,121,0,6,5.0,0.0,0.0,1871 1872 1873 1874 1875 1876 1877 1878 1879 1880 1881 1882 1883 1884 1885 1886 1887 1888 1889 1890 1891 1892 1893 1894 1895 1896 1897 1898 1899 1900 1901 1902 1903 1904 1905 1906 1907 1908 1909 1910 1911 1912 1913 1914 1915 1916 1917 1918 1919 1920 1921 1922 1923 1924 1925 1926 1927 1928 1929 1930 1931 1932 1933 1934 1935 1936 1937 1938 1939 1940 1941 1942 1943 1944 1945 1946 1947 1948 1955 1956 1957 1958 1959 1960 1961 1962 1963 1964 1965 1966 1967 1968 1969 1970 1971 1972 1973 1974 1975 1976 1977 1978 1979 1980 1981 1982 1983 1984 1985 1986 1987 1988 1989 1990 1991
germany,1871,2025,inflation_adjusted,start,0.8,,,,,,35,100,12,121,0,5,4.1,0.0,0.0,1871 1872 1873 1874 1875 1876 1877 1878 1879 1880 1881 1882 1883 1884 1885 1886 1887 1888 1889 1890 1891 1892 1893 1894 1895 1896 1897 1898 1899 1900 1901 1902 1903 1904 1905 1906 1907 1908 1909 1910 1911 1912 1913 1914 1915 1916 1917 1918 1919 1920 1921 1922 1923 1924 1925 1926 1927 1928 1929 1930 1931 1932 1933 1934 1935 1936 1937 1938 1939 1940 1941 1942 1943 1944 1945 1946 1947 1948 1954 1955 1956 1957 1958 1959 1960 1961 1962 1963 1964 1965 1966 1967 1968 1969 1970 1971 1972 1973 1974 1975 1976 1977 1978 1979 1980 1981 1982 1983 1984 1985 1986 1987 1988 1989 1990 1991
germany,1871,2025,inflation_adjusted,start,0.8,,,,,,35,75,3,82,39,64,78.0,4133.0,0.0,1893 1894 1895 1896 1897 1898 1899 1900 1901 1902 1903 1904 1905 1906 1907 1908 1909 1961
germany,1871,2025,inflation_adjusted,start,0.8,,,,,,35,75,4,82,39,54,65.9,2073.0,0.0,1889 1890 1891 1892 1893 1894 1895 1896 1897 1898 1899 1900 1901 1902 1903 1904 1905 1906 1907 1908 1909 1960 1961 1962 1963 1964 1965 1970
germany,1871,2025,inflation_adjusted,start,0.8,,,,,,35,75,5,82,39,45,54.9,357.0,0.0,1886 1887 1888 1889 1890 1891 1892 1893 1894 1895 1896 1897 1898 1899 1900 1901 1902 1903 1904 1905 1906 1907 1908 1909 1960 1961 1962 1963 1964 1965 1966 1968 1969 1970 1971 1972 1973
germany,1871,2025,inflation_adjusted,start,0.8,,,,,,35,75,6,82,39,32,39.0,0.0,0.0,1872 1873 1882 1883 1884 1885 1886 1887 1888 1889 1890 1891 1892 1893 1894 1895 1896 1897 1898 1899 1900 1901 1902 1903 1904 1905 1906 1907 1908 1909 1959 1960 1961 1962 1963 1964 1965 1966 1967 1968 1969 1970 1971 1972 1973 1974 1976 1986 1987 1990
germany,1871,2025,inflation_adjusted,start,0.8,,,,,,35,75,7,82,39,19,23.2,0.0,0.0,1871 1872 1873 1874 1875 1880 1881 1882 1883 1884 1885 1886 1887 1888 1889 1890 1891 1892 1893 1894 1895 1896 1897 1898 1899 1900 1901 1902 1903 1904 1905 1906 1907 1908 1909 1955 1956 1959 1960 1961 1962 1963 1964 1965 1966 1967 1968 1969 1970 1971 1972 1973 1974 1975 1976 1977 1978 1979 1986 1987 1989 1990 1991
germany,1871,2025,inflation_adjusted,start,0.8,,,,,,35,75,8,82,39,9,11.0,0.0,0.0,1871 1872 1873 1874 1875 1876 1877 1878 1879 1880 1881 1882 1883 1884 1885 1886 1887 1888 1889 1890 1891 1892 1893 1894 1895 1896 1897 1898 1899 1900 1901 1902 1903 1904 1905 1906 1907 1908 1909 1955 1956 1957 1958 1959 1960 1961 1962 1963 1964 1965 1966 1967 1968 1969 1970 1971 1972 1973 1974 1975 1976 1977 1978 1979 1980 1984 1985 1986 1987 1988 1989 1990 1991
germany,1871,2025,inflation_adjusted,start,0.8,,,,,,35,75,9,82,39,8,9.8,0.0,0.0,1871 1872 1873 1874 1875 1876 1877 1878 1879 1880 1881 1882 1883 1884 1885 1886 1887 1888 1889 1890 1891 1892 1893 1894 1895 1896 1897 1898 1899 1900 1901 1902 1903 1904 1905 1906 1907 1908 1909 1955 1956 1957 1958 1959 1960 1961 1962 1963 1964 1965 1966 1967 1968 1969 1970 1971 1972 1973 1974 1975 1976 1977 1978 1979 1980 1981 1984 1985 1986 1987 1988 1989 1990 1991
germany,1871,2025,inflation_adjusted,start,0.8,,,,,,35,75,10,82,39,5,6.1,0.0,0.0,1871 1872 1873 1874 1875 1876 1877 1878 1879 1880 1881 1882 1883 1884 1885 1886 1887 1888 1889 1890 1891 1892 1893 1894 1895 1896 1897 1898 1899 1900 1901 1902 1903 1904 1905 1906 1907 1908 1909 1954 1955 1956 1957 1958 1959 1960 1961 1962 1963 1964 1965 1966 1967 1968 1969 1970 1971 1972 1973 1974 1975 1976 1977 1978 1979 1980 1981 1982 1983 1984 1985 1986 1987 1988 1989 1990 1991
germany,1871,2025,inflation_adjusted,start,0.8,,,,,,35,75,11,82,39,4,4.9,0.0,0.0,1871 1872 1873 1874 1875 1876 1877 1878 1879 1880 1881 1882 1883 1884 1885 1886 1887 1888 1889 1890 1891 1892 1893 1894 1895 1896 1897 1898 1899 1900 1901 1902 1903 1904 1905 1906 1907 1908 1909 1953 1954 1955 1956 1957 1958 1959 1960 1961 1962 1963 1964 1965 1966 1967 1968 1969 1970 1971 1972 1973 1974 1975 1976 1977 1978 1979 1980 1981 1982 1983 1984 1985 1986 1987 1988 1989 1990 1991
germany,1871,2025,inflation_adjusted,start,0.8,,,,,,35,75,12,82,39,3,3.7,0.0,0.0,1871 1872 1873 1874 1875 1876 1877 1878 1879 1880 1881 1882 1883 1884 1885 1886 1887 1888 1889 1890 1891 1892 1893 1894 1895 1896 1897 1898 1899 1900 1901 1902 1903 1904 1905 1906 1907 1908 1909 1952 1953 1954 1955 1956 1957 1958 1959 1960 1961 1962 1963 1964 1965 1966 1967 1968 1969 1970 1971 1972 1973 1974 1975 1976 1977 1978 1979 1980 1981 1982 1983 1984 1985 1986 1987 1988 1989 1990 1991
germany,1871,2025,inflation_adjusted,start,0.8,,,,,,35,50,3,82,39,63,76.8,3259.0,0.0,1891 1892 1893 1894 1895 1896 1897 1898 1899 1900 1901 1902 1903 1904 1905 1906 1907 1908 1909
germany,1871,2025,inflation_adjusted,start,0.8,,,,,,35,50,4,82,39,55,67.1,1331.0,0.0,1887 1888 1889 1890 1891 1892 1893 1894 1895 1896 1897 1898 1899 1900 1901 1902 1903 1904 1905 1906 1907 1908 1909 1960 1961 1962 1965
germany,1871,2025,inflation_adjusted,start,0.8,,,,,,35,50,5,82,39,43,52.4,202.0,0.0,1884 1885 1886 1887 1888 1889 1890 1891 1892 1893 1894 1895 1896 1897 1898 1899 1900 1901 1902 1903 1904 1905 1906 1907 1908 1909 1960 1961 1962 1963 1964 1965 1966 1968 1969 1970 1971 1972 1973
germany,1871,2025,inflation_adjusted,start,0.8,,,,,,35,50,6,82,39,23,28.0,0.0,0.0,1871 1872 1873 1880 1881 1882 1883 1884 1885 1886 1887 1888 1889 1890 1891 1892 1893 1894 1895 1896 1897 1898 1899 1900 1901 1902 1903 1904 1905 1906 1907 1908 1909 1955 1956 1959 1960 1961 1962 1963 1964 1965 1966 1967 1968 1969 1970 1971 1972 1973 1974 1976 1977 1978 1979 1986 1987 1989 1990
germany,1871,2025,inflation_adjusted,start,0.8,,,,,,35,50,7,82,39,11,13.4,0.0,0.0,1871 1872 1873 1874 1875 1876 1877 1878 1879 1880 1881 1882 1883 1884 1885 1886 1887 1888 1889 1890 1891 1892 1893 1894 1895 1896 1897 1898 1899 1900 1901 1902 1903 1904 1905 1906 1907 1908 1909 1955 1956 1957 1958 1959 1960 1961 1962 1963 1964 1965 1966 1967 1968 1969 1970 1971 1972 1973 1974 1975 1976 1977 1978 1979 1980 1986 1987 1988 1989 1990 1991
germany,1871,2025,inflation_adjusted,start,0.8,,,,,,35,50,8,82,39,6,7.3,0.0,0.0,1871 1872 1873 1874 1875 1876 1877 1878 1879 1880 1881 1882 1883 1884 1885 1886 1887 1888 1889 1890 1891 1892 1893 1894 1895 1896 1897 1898 1899 1900 1901 1902 1903 1904 1905 1906 1907 1908 1909 1954 1955 1956 1957 1958 1959 1960 1961 1962 1963 1964 1965 1966 1967 1968 1969 1970 1971 1972 1973 1974 1975 1976 1977 1978 1979 1980 1981 1983 1984 1985 1986 1987 1988 1989 1990 1991
germany,1871,2025,inflation_adjusted,start,0.8,,,,,,35,50,9,82,39,3,3.7,0.0,0.0,1871 1872 1873 1874 1875 1876 1877 1878 1879 1880 1881 1882 1883 1884 1885 1886 1887 1888 1889 1890 1891 1892 1893 1894 1895 1896 1897 1898 1899 1900 1901 1902 1903 1904 1905 1906 1907 1908 1909 1952 1953 1954 1955 1956 1957 1958 1959 1960 1961 1962 1963 1964 1965 1966 1967 1968 1969 1970 1971 1972 1973 1974 1975 1976 1977 1978 1979 1980 1981 1982 1983 1984 1985 1986 1987 1988 1989 1990 1991
germany,1871,2025,inflation_adjusted,start,0.8,,,,,,35,50,10,82,39,3,3.7,0.0,0.0,1871 1872 1873 1874 1875 1876 1877 1878 1879 1880 1881 1882 1883 1884 1885 1886 1887 1888 1889 1890 1891 1892 1893 1894 1895 1896 1897 1898 1899 1900 1901 1902 1903 1904 1905 1906 1907 1908 1909 1952 1953 1954 1955 1956 1957 1958 1959 1960 1961 1962 1963 1964 1965 1966 1967 1968 1969 1970 1971 1972 1973 1974 1975 1976 1977 1978 1979 1980 1981 1982 1983 1984 1985 1986 1987 1988 1989 1990 1991
germany,1871,2025,inflation_adjusted,start,0.8,,,,,,35,50,11,82,39,2,2.4,0.0,0.0,1871 1872 1873 1874 1875 1876 1877 1878 1879 1880 1881 1882 1883 1884 1885 1886 1887 1888 1889 1890 1891 1892 1893 1894 1895 1896 1897 1898 1899 1900 1901 1902 1903 1904 1905 1906 1907 1908 1909 1950 1952 1953 1954 1955 1956 1957 1958 1959 1960 1961 1962 1963 1964 1965 1966 1967 1968 1969 1970 1971 1972 1973 1974 1975 1976 1977 1978 1979 1980 1981 1982 1983 1984 1985 1986 1987 1988 1989 1990 1991
germany,1871,2025,inflation_adjusted,start,0.8,,,,,,35,50,12,82,39,1,1.2,0.0,0.0,1871 1872 1873 1874 1875 1876 1877 1878 1879 1880 1881 1882 1883 1884 1885 1886 1887 1888 1889 1890 1891 1892 1893 1894 1895 1896 1897 1898 1899 1900 1901 1902 1903 1904 1905 1906 1907 1908 1909 1950 1951 1952 1953 1954 1955 1956 1957 1958 1959 1960 1961 1962 1963 1964 1965 1966 1967 1968 1969 1970 1971 1972 1973 1974 1975 1976 1977 1978 1979 1980 1981 1982 1983 1984 1985 1986 1987 1988 1989 1990 1991
germany,1871,2025,inflation_adjusted,start,0.8,,,,,,35,25,3,82,39,61,74.4,2094.0,0.0,1889 1890 1891 1892 1893 1894 1895 1896 1897 1898 1899 1900 1901 1902 1903 1904 1905 1906 1907 1908 1909
germany,1871,2025,inflation_adjusted,start,0.8,,,,,,35,25,4,82,39,54,65.9,927.0,0.0,1886 1887 1888 1889 1890 1891 1892 1893 1894 1895 1896 1897 1898 1899 1900 1901 1902 1903 1904 1905 1906 1907 1908 1909 1960 1961 1962 1965
germany,1871,2025,inflation_adjusted,start,0.8,,,,,,35,25,5,82,39,37,45.1,0.0,0.0,1882 1883 1884 1885 1886 1887 1888 1889 1890 1891 1892 1893 1894 1895 1896 1897 1898 1899 1900 1901 1902 1903 1904 1905 1906 1907 1908 1909 1955 1956 1959 1960 1961 1962 1963 1964 1965 1966 1967 1968 1969 1970 1971 1972 1973
germany,1871,2025,inflation_adjusted,start,0.8,,,,,,35,25,6,82,39,10,12.2,0.0,0.0,1871 1872 1873 1874 1875 1876 1877 1878 1879 1880 1881 1882 1883 1884 1885 1886 1887 1888 1889 1890 1891 1892 1893 1894 1895 1896 1897 1898 1899 1900 1901 1902 1903 1904 1905 1906 1907 1908 1909 1954 1955 1956 1957 1958 1959 1960 1961 1962 1963 1964 1965 1966 1967 1968 1969 1970 1971 1972 1973 1974 1975 1976 1977 1978 1979 1980 1986 1987 1988 1989 1990 1991
germany,1871,2025,inflation_adjusted,start,0.8,,,,,,35,25,7,82,39,3,3.7,0.0,0.0,1871 1872 1873 1874 1875 1876 1877 1878 1879 1880 1881 1882 1883 1884 1885 1886 1887 1888 1889 1890 1891 1892 1893 1894 1895 1896 1897 1898 1899 1900 1901 1902 1903 1904 1905 1906 1907 1908 1909 1952 1953 1954 1955 1956 1957 1958 1959 1960 1961 1962 1963 1964 1965 1966 1967 1968 1969 1970 1971 1972 1973 1974 1975 1976 1977 1978 1979 1980 1981 1982 1983 1984 1985 1986 1987 1988 1989 1990 1991
germany,1871,2025,inflation_adjusted,start,0.8,,,,,,35,25,8,82,39,1,1.2,0.0,0.0,1871 1872 1873 1874 1875 1876 1877 1878 1879 1880 1881 1882 1883 1884 1885 1886 1887 1888 1889 1890 1891 1892 1893 1894 1895 1896 1897 1898 1899 1900 1901 1902 1903 1904 1905 1906 1907 1908 1909 1950 1951 1952 1953 1954 1955 1956 1957 1958 1959 1960 1961 1962 1963 1964 1965 1966 1967 1968 1969 1970 1971 1972 1973 1974 1975 1976 1977 1978 1979 1980 1981 1982 1983 1984 1985 1986 1987 1988 1989 1990 1991
germany,1871,2025,inflation_adjusted,start,0.8,,,,,,35,25,9,82,39,0,0.0,0.0,0.0,1871 1872 1873 1874 1875 1876 1877 1878 1879 1880 1881 1882 1883 1884 1885 1886 1887 1888 1889 1890 1891 1892 1893 1894 1895 1896 1897 1898 1899 1900 1901 1902 1903 1904 1905 1906 1907 1908 1909 1949 1950 1951 1952 1953 1954 1955 1956 1957 1958 1959 1960 1961 1962 1963 1964 1965 1966 1967 1968 1969 1970 1971 1972 1973 1974 1975 1976 1977 1978 1979 1980 1981 1982 1983 1984 1985 1986 1987 1988 1989 1990 1991
germany,1871,2025,inflation_adjusted,start,0.8,,,,,,35,25,10,82,39,0,0.0,0.0,0.0,1871 1872 1873 1874 1875 1876 1877 1878 1879 1880 1881 1882 1883 1884 1885 1886 1887 1888 1889 1890 1891 1892 1893 1894 1895 1896 1897 1898 1899 1900 1901 1902 1903 1904 1905 1906 1907 1908 1909 1949 1950 1951 1952 1953 1954 1955 1956 1957 1958 1959 1960 1961 1962 1963 1964 1965 1966 1967 1968 1969 1970 1971 1972 1973 1974 1975 1976 1977 1978 1979 1980 1981 1982 1983 1984 1985 1986 1987 1988 1989 1990 1991
germany,1871,2025,inflation_adjusted,start,0.8,,,,,,35,25,11,82,39,0,0.0,0.0,0.0,1871 1872 1873 1874 1875 1876 1877 1878 1879 1880 1881 1882 1883 1884 1885 1886 1887 1888 1889 1890 1891 1892 1893 1894 1895 1896 1897 1898 1899 1900 1901 1902 1903 1904 1905 1906 1907 1908 1909 1949 1950 1951 1952 1953 1954 1955 1956 1957 1958 1959 1960 1961 1962 1963 1964 1965 1966 1967 1968 1969 1970 1971 1972 1973 1974 1975 1976 1977 1978 1979 1980 1981 1982 1983 1984 1985 1986 1987 1988 1989 1990 1991
germany,1871,2025,inflation_adjusted,start,0.8,,,,,,35,25,12,82,39,0,0.0,0.0,0.0,1871 1872 1873 1874 1875 1876 1877 1878 1879 1880 1881 1882 1883 1884 1885 1886 1887 1888 1889 1890 1891 1892 1893 1894 1895 1896 1897 1898 1899 1900 1901 1902 1903 1904 1905 1906 1907 1908 1909 1949 1950 1951 1952 1953 1954 1955 1956 1957 1958 1959 1960 1961 1962 1963 1964 1965 1966 1967 1968 1969 1970 1971 1972 1973 1974 1975 1976 1977 1978 1979 1980 1981 1982 1983 1984 1985 1986 1987 1988 1989 1990 1991
germany,1871,2025,inflation_adjusted,start,0.8,,,,,,35,0,3,82,39,59,72.0,1233.0,0.0,1887 1888 1889 1890 1891 1892 1893 1894 1895 1896 1897 1898 1899 1900 1901 1902 1903 1904 1905 1906 1907 1908 1909
germany,1871,2025,inflation_adjusted,start,0.8,,,,,,35,0,4,82,39,46,56.1,156.0,0.0,1884 1885 1886 1887 1888 1889 1890 1891 1892 1893 1894 1895 1896 1897 1898 1899 1900 1901 1902 1903 1904 1905 1906 1907 1908 1909 1949 1951 1955 1956 1960 1962 1963 1964 1965 1969
germany,1871,2025,inflation_adjusted,start,0.8,,,,,,35,0,5,82,39,10,12.2,0.0,0.0,1872 1876 1878 1879 1880 1881 1882 1883 1884 1885 1886 1887 1888 1889 1890 1891 1892 1893 1894 1895 1896 1897 1898 1899 1900 1901 1902 1903 1904 1905 1906 1907 1908 1909 1949 1950 1951 1952 1953 1954 1955 1956 1957 1958 1959 1960 1961 1962 1963 1964 1965 1966 1967 1968 1969 1970 1971 1972 1973 1974 1975 1976 1977 1978 1979 1980 1986 1987 1988 1989 1990 1991
germany,1871,2025,inflation_adjusted,start,0.8,,,,,,35,0,6,82,39,0,0.0,0.0,0.0,1871 1872 1873 1874 1875 1876 1877 1878 1879 1880 1881 1882 1883 1884 1885 1886 1887 1888 1889 1890 1891 1892 1893 1894 1895 1896 1897 1898 1899 1900 1901 1902 1903 1904 1905 1906 1907 1908 1909 1949 1950 1951 1952 1953 1954 1955 1956 1957 1958 1959 1960 1961 1962 1963 1964 1965 1966 1967 1968 1969 1970 1971 1972 1973 1974 1975 1976 1977 1978 1979 1980 1981 1982 1983 1984 1985 1986 1987 1988 1989 1990 1991
germany,1871,2025,inflation_adjusted,start,0.8,,,,,,35,0,7,82,39,0,0.0,0.0,0.0,1871 1872 1873 1874 1875 1876 1877 1878 1879 1880 1881 1882 1883 1884 1885 1886 1887 1888 1889 1890 1891 1892 1893 1894 1895 1896 1897 1898 1899 1900 1901 1902 1903 1904 1905 1906 1907 1908 1909 1949 1950 1951 1952 1953 1954 1955 1956 1957 1958 1959 1960 1961 1962 1963 1964 1965 1966 1967 1968 1969 1970 1971 1972 1973 1974 1975 1976 1977 1978 1979 1980 1981 1982 1983 1984 1985 1986 1987 1988 1989 1990 1991
germany,1871,2025,inflation_adjusted,start,0.8,,,,,,35,0,8,82,39,0,0.0,0.0,0.0,1871 1872 1873 1874 1875 1876 1877 1878 1879 1880 1881 1882 1883 1884 1885 1886 1887 1888 1889 1890 1891 1892 1893 1894 1895 1896 1897 1898 1899 1900 1901 1902 1903 1904 1905 1906 1907 1908 1909 1949 1950 1951 1952 1953 1954 1955 1956 1957 1958 1959 1960 1961 1962 1963 1964 1965 1966 1967 1968 1969 1970 1971 1972 1973 1974 1975 1976 1977 1978 1979 1980 1981 1982 1983 1984 1985 1986 1987 1988 1989 1990 1991
germany,1871,2025,inflation_adjusted,start,0.8,,,,,,35,0,9,82,39,0,0.0,0.0,0.0,1871 1872 1873 1874 1875 1876 1877 1878 1879 1880 1881 1882 1883 1884 1885 1886 1887 1888 1889 1890 1891 1892 1893 1894 1895 1896 1897 1898 1899 1900 1901 1902 1903 1904 1905 1906 1907 1908 1909 1949 1950 1951 1952 1953 1954 1955 1956 1957 1958 1959 1960 1961 1962 1963 1964 1965 1966 1967 1968 1969 1970 1971 1972 1973 1974 1975 1976 1977 1978 1979 1980 1981 1982 1983 1984 1985 1986 1987 1988 1989 1990 1991
germany,1871,2025,inflation_adjusted,start,0.8,,,,,,35,0,10,82,39,0,0.0,0.0,0.0,1871 1872 1873 1874 1875 1876 1877 1878 1879 1880 1881 1882 1883 1884 1885 1886 1887 1888 1889 1890 1891 1892 1893 1894 1895 1896 1897 1898 1899 1900 1901 1902 1903 1904 1905 1906 1907 1908 1909 1949 1950 1951 1952 1953 1954 1955 1956 1957 1958 1959 1960 1961 1962 1963 1964 1965 1966 1967 1968 1969 1970 1971 1972 1973 1974 1975 1976 1977 1978 1979 1980 1981 1982 1983 1984 1985 1986 1987 1988 1989 1990 1991
germany,1871,2025,inflation_adjusted,start,0.8,,,,,,35,0,11,82,39,0,0.0,0.0,0.0,1871 1872 1873 1874 1875 1876 1877 1878 1879 1880 1881 1882 1883 1884 1885 1886 1887 1888 1889 1890 1891 1892 1893 1894 1895 1896 1897 1898 1899 1900 1901 1902 1903 1904 1905 1906 1907 1908 1909 1949 1950 1951 1952 1953 1954 1955 1956 1957 1958 1959 1960 1961 1962 1963 1964 1965 1966 1967 1968 1969 1970 1971 1972 1973 1974 1975 1976 1977 1978 1979 1980 1981 1982 1983 1984 1985 1986 1987 1988 1989 1990 1991
germany,1871,2025,inflation_adjusted,start,0.8,,,,,,35,0,12,82,39,0,0.0,0.0,0.0,1871 1872 1873 1874 1875 1876 1877 1878 1879 1880 1881 1882 1883 1884 1885 1886 1887 1888 1889 1890 1891 1892 1893 1894 1895 1896 1897 1898 1899 1900 1901 1902 1903 1904 1905 1906 1907 1908 1909 1949 1950 1951 1952 1953 1954 1955 1956 1957 1958 1959 1960 1961 1962 1963 1964 1965 1966 1967 1968 1969 1970 1971 1972 1973 1974 1975 1976 1977 1978 1979 1980 1981 1982 1983 1984 1985 1986 1987 1988 1989 1990 1991
germany,1871,2025,inflation_adjusted,start,0.8,,,,,,40,100,3,116,0,66,56.9,2326.0,0.0,1894 1895 1896 1897 1898 1899 1900 1901 1902 1903 1904 1905 1906 1907 1908 1909 1910 1911 1912 1913 1914 1915 1916 1917 1918 1919 1920 1921 1922 1923 1924 1925 1927 1928 1929 1930 1937 1938 1939 1940 1941 1942 1943 1944 1945 1946 1947 1948 1961 1962
germany,1871,2025,inflation_adjusted,start,0.8,,,,,,40,100,4,116,0,50,43.1,0.0,0.0,1889 1890 1891 1892 1893 1894 1895 1896 1897 1898 1899 1900 1901 1902 1903 1904 1905 1906 1907 1908 1909 1910 1911 1912 1913 1914 1915 1916 1917 1918 1919 1920 1921 1922 1923 1924 1925 1926 1927 1928 1929 1930 1931 1934 1935 1936 1937 1938 1939 1940 1941 1942 1943 1944 1945 1946 1947 1948 1960 1961 1962 1963 1964 1965 1969 1970
germany,1871,2025,inflation_adjusted,start,0.8,,,,,,40,100,5,116,0,38,32.8,0.0,0.0,1882 1884 1885 1886 1887 1888 1889 1890 1891 1892 1893 1894 1895 1896 1897 1898 1899 1900 1901 1902 1903 1904 1905 1906 1907 1908 1909 1910 1911 1912 1913 1914 1915 1916 1917 1918 1919 1920 1921 1922 1923 1924 1925 1926 1927 1928 1929 1930 1931 1933 1934 1935 1936 1937 1938 1939 1940 1941 1942 1943 1944 1945 1946 1947 1948 1960 1961 1962 1963 1964 1965 1966 1968 1969 1970 1971 1972 1973
germany,1871,2025,inflation_adjusted,start,0.8,,,,,,40,100,6,116,0,28,24.1,0.0,0.0,1872 1873 1881 1882 1883 1884 1885 1886 1887 1888 1889 1890 1891 1892 1893 1894 1895 1896 1897 1898 1899 1900 1901 1902 1903 1904 1905 1906 1907 1908 1909 1910 1911 1912 1913 1914 1915 1916 1917 1918 1919 1920 1921 1922 1923 1924 1925 1926 1927 1928 1929 1930 1931 1932 1933 1934 1935 1936 1937 1938 1939 1940 1941 1942 1943 1944 1945 1946 1947 1948 1959 1960 1961 1962 1963 1964 1965 1966 1967 1968 1969 1970 1971 1972 1973 1974 1976 1986
germany,1871,2025,inflation_adjusted,start,0.8,,,,,,40,100,7,116,0,18,15.5,0.0,0.0,1871 1872 1873 1874 1875 1880 1881 1882 1883 1884 1885 1886 1887 1888 1889 1890 1891 1892 1893 1894 1895 1896 1897 1898 1899 1900 1901 1902 1903 1904 1905 1906 1907 1908 1909 1910 1911 1912 1913 1914 1915 1916 1917 1918 1919 1920 1921 1922 1923 1924 1925 1926 1927 1928 1929 1930 1931 1932 1933 1934 1935 1936 1937 1938 1939 1940 1941 1942 1943 1944 1945 1946 1947 1948 1955 1956 1959 1960 1961 1962 1963 1964 1965 1966 1967 1968 1969 1970 1971 1972 1973 1974 1975 1976 1977 1978 1979 1986
germany,1871,2025,inflation_adjusted,start,0.8,,,,,,40,100,8,116,0,10,8.6,0.0,0.0,1871 1872 1873 1874 1875 1876 1877 1879 1880 1881 1882 1883 1884 1885 1886 1887 1888 1889 1890 1891 1892 1893 1894 1895 1896 1897 1898 1899 1900 1901 1902 1903 1904 1905 1906 1907 1908 1909 1910 1911 1912 1913 1914 1915 1916 1917 1918 1919 1920 1921 1922 1923 1924 1925 1926 1927 1928 1929 1930 1931 1932 1933 1934 1935 1936 1937 1938 1939 1940 1941 1942 1943 1944 1945 1946 1947 1948 1955 1956 1957 1958 1959 1960 1961 1962 1963 1964 1965 1966 1967 1968 1969 1970 1971 1972 1973 1974 1975 1976 1977 1978 1979 1980 1984 1985 1986
germany,1871,2025,inflation_adjusted,start,0.8,,,,,,40,100,9,116,0,8,6.9,0.0,0.0,1871 1872 1873 1874 1875 1876 1877 1878 1879 1880 1881 1882 1883 1884 1885 1886 1887 1888 1889 1890 1891 1892 1893 1894 1895 1896 1897 1898 1899 1900 1901 1902 1903 1904 1905 1906 1907 1908 1909 1910 1911 1912 1913 1914 1915 1916 1917 1918 1919 1920 1921 1922 1923 1924 1925 1926 1927 1928 1929 1930 1931 1932 1933 1934 1935 1936 1937 1938 1939 1940 1941 1942 1943 1944 1945 1946 1947 1948 1955 1956 1957 1958 1959 1960 1961 1962 1963 1964 1965 1966 1967 1968 1969 1970 1971 1972 1973 1974 1975 1976 1977 1978 1979 1980 1981 1984 1985 1986
germany,1871,2025,inflation_adjusted,start,0.8,,,,,,40,100,10,116,0,6,5.2,0.0,0.0,1871 1872 1873 1874 1875 1876 1877 1878 1879 1880 1881 1882 1883 1884 1885 1886 1887 1888 1889 1890 1891 1892 1893 1894 1895 1896 1897 1898 1899 1900 1901 1902 1903 1904 1905 1906 1907 1908 1909 1910 1911 1912 1913 1914 1915 1916 1917 1918 1919 1920 1921 1922 1923 1924 1925 1926 1927 1928 1929 1930 1931 1932 1933 1934 1935 1936 1937 1938 1939 1940 1941 1942 1943 1944 1945 1946 1947 1948 1955 1956 1957 1958 1959 1960 1961 1962 1963 1964 1965 1966 1967 1968 1969 1970 1971 1972 1973 1974 1975 1976 1977 1978 1979 1980 1981 1982 1983 1984 1985 1986
germany,1871,2025,inflation_adjusted,start,0.8,,,,,,40,100,11,116,0,6,5.2,0.0,0.0,1871 1872 1873 1874 1875 1876 1877 1878 1879 1880 1881 1882 1883 1884 1885 1886 1887 1888 1889 1890 1891 1892 1893 1894 1895 1896 1897 1898 1899 1900 1901 1902 1903 1904 1905 1906 1907 1908 1909 1910 1911 1912 1913 1914 1915 1916 1917 1918 1919 1920 1921 1922 1923 1924 1925 1926 1927 1928 1929 1930 1931 1932 1933 1934 1935 1936 1937 1938 1939 1940 1941 1942 1943 1944 1945 1946 1947 1948 1955 1956 1957 1958 1959 1960 1961 1962 1963 1964 1965 1966 1967 1968 1969 1970 1971 1972 1973 1974 1975 1976 1977 1978 1979 1980 1981 1982 1983 1984 1985 1986
germany,1871,2025,inflation_adjusted,start,0.8,,,,,,40,100,12,116,0,5,4.3,0.0,0.0,1871 1872 1873 1874 1875 1876 1877 1878 1879 1880 1881 1882 1883 1884 1885 1886 1887 1888 1889 1890 1891 1892 1893 1894 1895 1896 1897 1898 1899 1900 1901 1902 1903 1904 1905 1906 1907 1908 1909 1910 1911 1912 1913 1914 1915 1916 1917 1918 1919 1920 1921 1922 1923 1924 1925 1926 1927 1928 1929 1930 1931 1932 1933 1934 1935 1936 1937 1938 1939 1940 1941 1942 1943 1944 1945 1946 1947 1948 1954 1955 1956 1957 1958 1959 1960 1961 1962 1963 1964 1965 1966 1967 1968 1969 1970 1971 1972 1973 1974 1975 1976 1977 1978 1979 1980 1981 1982 1983 1984 1985 1986
germany,1871,2025,inflation_adjusted,start,0.8,,,,,,40,75,3,72,44,54,75.0,5786.0,0.0,1888 1889 1890 1891 1892 1893 1894 1895 1896 1897 1898 1899 1900 1901 1902 1903 1904 1961
germany,1871,2025,inflation_adjusted,start,0.8,,,,,,40,75,4,72,44,45,62.5,2487.0,0.0,1886 1887 1888 1889 1890 1891 1892 1893 1894 1895 1896 1897 1898 1899 1900 1901 1902 1903 1904 1960 1961 1962 1963 1964 1965 1969 1970
germany,1871,2025,inflation_adjusted,start,0.8,,,,,,40,75,5,72,44,36,50.0,39.0,0.0,1882 1883 1884 1885 1886 1887 1888 1889 1890 1891 1892 1893 1894 1895 1896 1897 1898 1899 1900 1901 1902 1903 1904 1960 1961 1962 1963 1964 1965 1966 1968 1969 1970 1971 1972 1973
germany,1871,2025,inflation_adjusted,start,0.8,,,,,,40,75,6,72,44,23,31.9,0.0,0.0,1871 1872 1873 1874 1880 1881 1882 1883 1884 1885 1886 1887 1888 1889 1890 1891 1892 1893 1894 1895 1896 1897 1898 1899 1900 1901 1902 1903 1904 1959 1960 1961 1962 1963 1964 1965 1966 1967 1968 1969 1970 1971 1972 1973 1974 1976 1978 1979 1986
germany,1871,2025,inflation_adjusted,start,0.8,,,,,,40,75,7,72,44,14,19.4,0.0,0.0,1871 1872 1873 1874 1875 1876 1877 1879 1880 1881 1882 1883 1884 1885 1886 1887 1888 1889 1890 1891 1892 1893 1894 1895 1896 1897 1898 1899 1900 1901 1902 1903 1904 1955 1956 1957 1959 1960 1961 1962 1963 1964 1965 1966 1967 1968 1969 1970 1971 1972 1973 1974 1975 1976 1977 1978 1979 1986
germany,1871,2025,inflation_adjusted,start,0.8,,,,,,40,75,8,72,44,8,11.1,0.0,0.0,1871 1872 1873 1874 1875 1876 1877 1878 1879 1880 1881 1882 1883 1884 1885 1886 1887 1888 1889 1890 1891 1892 1893 1894 1895 1896 1897 1898 1899 1900 1901 1902 1903 1904 1955 1956 1957 1958 1959 1960 1961 1962 1963 1964 1965 1966 1967 1968 1969 1970 1971 1972 1973 1974 1975 1976 1977 1978 1979 1980 1981 1984 1985 1986
germany,1871,2025,inflation_adjusted,start,0.8,,,,,,40,75,9,72,44,6,8.3,0.0,0.0,1871 1872 1873 1874 1875 1876 1877 1878 1879 1880 1881 1882 1883 1884 1885 1886 1887 1888 1889 1890 1891 1892 1893 1894 1895 1896 1897 1898 1899 1900 1901 1902 1903 1904 1955 1956 1957 1958 1959 1960 1961 1962 1963 1964 1965 1966 1967 1968 1969 1970 1971 1972 1973 1974 1975 1976 1977 1978 1979 1980 1981 1982 1983 1984 1985 1986
germany,1871,2025,inflation_adjusted,start,0.8,,,,,,40,75,10,72,44,5,6.9,0.0,0.0,1871 1872 1873 1874 1875 1876 1877 1878 1879 1880 1881 1882 1883 1884 1885 1886 1887 1888 1889 1890 1891 1892 1893 1894 1895 1896 1897 1898 1899 1900 1901 1902 1903 1904 1954 1955 1956 1957 1958 1959 1960 1961 1962 1963 1964 1965 1966 1967 1968 1969 1970 1971 1972 1973 1974 1975 1976 1977 1978 1979 1980 1981 1982 1983 1984 1985 1986
germany,1871,2025,inflation_adjusted,start,0.8,,,,,,40,75,11,72,44,3,4.2,0.0,0.0,1871 1872 1873 1874 1875 1876 1877 1878 1879 1880 1881 1882 1883 1884 1885 1886 1887 1888 1889 1890 1891 1892 1893 1894 1895 1896 1897 1898 1899 1900 1901 1902 1903 1904 1952 1953 1954 1955 1956 1957 1958 1959 1960 1961 1962 1963 1964 1965 1966 1967 1968 1969 1970 1971 1972 1973 1974 1975 1976 1977 1978 1979 1980 1981 1982 1983 1984 1985 1986
germany,1871,2025,inflation_adjusted,start,0.8,,,,,,40,75,12,72,44,3,4.2,0.0,0.0,1871 1872 1873 1874 1875 1876 1877 1878 1879 1880 1881 1882 1883 1884 1885 1886 1887 1888 1889 1890 1891 1892 1893 1894 1895 1896 1897 1898 1899 1900 1901 1902 1903 1904 1952 1953 1954 1955 1956 1957 1958 1959 1960 1961 1962 1963 1964 1965 1966 1967 1968 1969 1970 1971 1972 1973 1974 1975 1976 1977 1978 1979 1980 1981 1982 1983 1984 1985 1986
germany,1871,2025,inflation_adjusted,start,0.8,,,,,,40,50,3,72,44,53,73.6,3475.0,0.0,1886 1887 1888 1889 1890 1891 1892 1893 1894 1895 1896 1897 1898 1899 1900 1901 1902 1903 1904
germany,1871,2025,inflation_adjusted,start,0.8,,,,,,40,50,4,72,44,43,59.7,1301.0,0.0,1884 1885 1886 1887 1888 1889 1890 1891 1892 1893 1894 1895 1896 1897 1898 1899 1900 1901 1902 1903 1904 1960 1961 1962 1963 1964 1965 1969 1970
germany,1871,2025,inflation_adjusted,start,0.8,,,,,,40,50,5,72,44,32,44.4,0.0,0.0,1872 1880 1881 1882 1883 1884 1885 1886 1887 1888 1889 1890 1891 1892 1893 1894 1895 1896 1897 1898 1899 1900 1901 1902 1903 1904 1960 1961 1962 1963 1964 1965 1966 1967 1968 1969 1970 1971 1972 1973
germany,1871,2025,inflation_adjusted,start,0.8,,,,,,40,50,6,72,44,17,23.6,0.0,0.0,1871 1872 1873 1874 1875 1879 1880 1881 1882 1883 1884 1885 1886 1887 1888 1889 1890 1891 1892 1893 1894 1895 1896 1897 1898 1899 1900 1901 1902 1903 1904 1955 1956 1959 1960 1961 1962 1963 1964 1965 1966 1967 1968 1969 1970 1971 1972 1973 1974 1975 1976 1977 1978 1979 1986
germany,1871,2025,inflation_adjusted,start,0.8,,,,,,40,50,7,72,44,9,12.5,0.0,0.0,1871 1872 1873 1874 1875 1876 1877 1878 1879 1880 1881 1882 1883 1884 1885 1886 1887 1888 1889 1890 1891 1892 1893 1894 1895 1896 1897 1898 1899 1900 1901 1902 1903 1904 1955 1956 1957 1958 1959 1960 1961 1962 1963 1964 1965 1966 1967 1968 1969 1970 1971 1972 1973 1974 1975 1976 1977 1978 1979 1980 1984 1985 1986
germany,1871,2025,inflation_adjusted,start,0.8,,,,,,40,50,8,72,44,4,5.6,0.0,0.0,1871 1872 1873 1874 1875 1876 1877 1878 1879 1880 1881 1882 1883 1884 1885 1886 1887 1888 1889 1890 1891 1892 1893 1894 1895 1896 1897 1898 1899 1900 1901 1902 1903 1904 1953 1954 1955 1956 1957 1958 1959 1960 1961 1962 1963 1964 1965 1966 1967 1968 1969 1970 1971 1972 1973 1974 1975 1976 1977 1978 1979 1980 1981 1982 1983 1984 1985 1986
germany,1871,2025,inflation_adjusted,start,0.8,,,,,,40,50,9,72,44,3,4.2,0.0,0.0,1871 1872 1873 1874 1875 1876 1877 1878 1879 1880 1881 1882 1883 1884 1885 1886 1887 1888 1889 1890 1891 1892 1893 1894 1895 1896 1897 1898 1899 1900 1901 1902 1903 1904 1952 1953 1954 1955 1956 1957 1958 1959 1960 1961 1962 1963 1964 1965 1966 1967 1968 1969 1970 1971 1972 1973 1974 1975 1976 1977 1978 1979 1980 1981 1982 1983 1984 1985 1986
germany,1871,2025,inflation_adjusted,start,0.8,,,,,,40,50,10,72,44,3,4.2,0.0,0.0,1871 1872 1873 1874 1875 1876 1877 1878 1879 1880 1881 1882 1883 1884 1885 1886 1887 1888 1889 1890 1891 1892 1893 1894 1895 1896 1897 1898 1899 1900 1901 1902 1903 1904 1952 1953 1954 1955 1956 1957 1958 1959 1960 1961 1962 1963 1964 1965 1966 1967 1968 1969 1970 1971 1972 1973 1974 1975 1976 1977 1978 1979 1980 1981 1982 1983 1984 1985 1986
germany,1871,2025,inflation_adjusted,start,0.8,,,,,,40,50,11,72,44,1,1.4,0.0,0.0,1871 1872 1873 1874 1875 1876 1877 1878 1879 1880 1881 1882 1883 1884 1885 1886 1887 1888 1889 1890 1891 1892 1893 1894 1895 1896 1897 1898 1899 1900 1901 1902 1903 1904 1950 1951 1952 1953 1954 1955 1956 1957 1958 1959 1960 1961 1962 1963 1964 1965 1966 1967 1968 1969 1970 1971 1972 1973 1974 1975 1976 1977 1978 1979 1980 1981 1982 1983 1984 1985 1986
germany,1871,2025,inflation_adjusted,start,0.8,,,,,,40,50,12,72,44,1,1.4,0.0,0.0,1871 1872 1873 1874 1875 1876 1877 1878 1879 1880 1881 1882 1883 1884 1885 1886 1887 1888 1889 1890 1891 1892 1893 1894 1895 1896 1897 1898 1899 1900 1901 1902 1903 1904 1950 1951 1952 1953 1954 1955 1956 1957 1958 1959 1960 1961 1962 1963 1964 1965 1966 1967 1968 1969 1970 1971 1972 1973 1974 1975 1976 1977 1978 1979 1980 1981 1982 1983 1984 1985 1986
germany,1871,2025,inflation_adjusted,start,0.8,,,,,,40,25,3,72,44,51,70.8,2745.0,0.0,1884 1885 1886 1887 1888 1889 1890 1891 1892 1893 1894 1895 1896 1897 1898 1899 1900 1901 1902 1903 1904
germany,1871,2025,inflation_adjusted,start,0.8,,,,,,40,25,4,72,44,41,56.9,727.0,0.0,1882 1883 1884 1885 1886 1887 1888 1889 1890 1891 1892 1893 1894 1895 1896 1897 1898 1899 1900 1901 1902 1903 1904 1960 1961 1962 1963 1964 1965 1969 1970
germany,1871,2025,inflation_adjusted,start,0.8,,,,,,40,25,5,72,44,24,33.3,0.0,0.0,1872 1873 1879 1880 1881 1882 1883 1884 1885 1886 1887 1888 1889 1890 1891 1892 1893 1894 1895 1896 1897 1898 1899 1900 1901 1902 1903 1904 1955 1956 1957 1959 1960 1961 1962 1963 1964 1965 1966 1967 1968 1969 1970 1971 1972 1973 1978 1986
germany,1871,2025,inflation_adjusted,start,0.8,,,,,,40,25,6,72,44,7,9.7,0.0,0.0,1871 1872 1873 1874 1875 1876 1877 1878 1879 1880 1881 1882 1883 1884 1885 1886 1887 1888 1889 1890 1891 1892 1893 1894 1895 1896 1897 1898 1899 1900 1901 1902 1903 1904 1952 1953 1954 1955 1956 1957 1958 1959 1960 1961 1962 1963 1964 1965 1966 1967 1968 1969 1970 1971 1972 1973 1974 1975 1976 1977 1978 1979 1980 1985 1986
germany,1871,2025,inflation_adjusted,start,0.8,,,,,,40,25,7,72,44,1,1.4,0.0,0.0,1871 1872 1873 1874 1875 1876 1877 1878 1879 1880 1881 1882 1883 1884 1885 1886 1887 1888 1889 1890 1891 1892 1893 1894 1895 1896 1897 1898 1899 1900 1901 1902 1903 1904 1950 1951 1952 1953 1954 1955 1956 1957 1958 1959 1960 1961 1962 1963 1964 1965 1966 1967 1968 1969 1970 1971 1972 1973 1974 1975 1976 1977 1978 1979 1980 1981 1982 1983 1984 1985 1986
germany,1871,2025,inflation_adjusted,start,0.8,,,,,,40,25,8,72,44,1,1.4,0.0,0.0,1871 1872 1873 1874 1875 1876 1877 1878 1879 1880 1881 1882 1883 1884 1885 1886 1887 1888 1889 1890 1891 1892 1893 1894 1895 1896 1897 1898 1899 1900 1901 1902 1903 1904 1950 1951 1952 1953 1954 1955 1956 1957 1958 1959 1960 1961 1962 1963 1964 1965 1966 1967 1968 1969 1970 1971 1972 1973 1974 1975 1976 1977 1978 1979 1980 1981 1982 1983 1984 1985 1986
germany,1871,2025,inflation_adjusted,start,0.8,,,,,,40,25,9,72,44,0,0.0,0.0,0.0,1871 1872 1873 1874 1875 1876 1877 1878 1879 1880 1881 1882 1883 1884 1885 1886 1887 1888 1889 1890 1891 1892 1893 1894 1895 1896 1897 1898 1899 1900 1901 1902 1903 1904 1949 1950 1951 1952 1953 1954 1955 1956 1957 1958 1959 1960 1961 1962 1963 1964 1965 1966 1967 1968 1969 1970 1971 1972 1973 1974 1975 1976 1977 1978 1979 1980 1981 1982 1983 1984 1985 1986
germany,1871,2025,inflation_adjusted,start,0.8,,,,,,40,25,10,72,44,0,0.0,0.0,0.0,1871 1872 1873 1874 1875 1876 1877 1878 1879 1880 1881 1882 1883 1884 1885 1886 1887 1888 1889 1890 1891 1892 1893 1894 1895 1896 1897 1898 1899 1900 1901 1902 1903 1904 1949 1950 1951 1952 1953 1954 1955 1956 1957 1958 1959 1960 1961 1962 1963 1964 1965 1966 1967 1968 1969 1970 1971 1972 1973 1974 1975 1976 1977 1978 1979 1980 1981 1982 1983 1984 1985 1986
germany,1871,2025,inflation_adjusted,start,0.8,,,,,,40,25,11,72,44,0,0.0,0.0,0.0,1871 1872 1873 1874 1875 1876 1877 1878 1879 1880 1881 1882 1883 1884 1885 1886 1887 1888 1889 1890 1891 1892 1893 1894 1895 1896 1897 1898 1899 1900 1901 1902 1903 1904 1949 1950 1951 1952 1953 1954 1955 1956 1957 1958 1959 1960 1961 1962 1963 1964 1965 1966 1967 1968 1969 1970 1971 1972 1973 1974 1975 1976 1977 1978 1979 1980 1981 1982 1983 1984 1985 1986
germany,1871,2025,inflation_adjusted,start,0.8,,,,,,40,25,12,72,44,0,0.0,0.0,0.0,1871 1872 1873 1874 1875 1876 1877 1878 1879 1880 1881 1882 1883 1884 1885 1886 1887 1888 1889 1890 1891 1892 1893 1894 1895 1896 1897 1898 1899 1900 1901 1902 1903 1904 1949 1950 1951 1952 1953 1954 1955 1956 1957 1958 1959 1960 1961 1962 1963 1964 1965 1966 1967 1968 1969 1970 1971 1972 1973 1974 1975 1976 1977 1978 1979 1980 1981 1982 1983 1984 1985 1986
germany,1871,2025,inflation_adjusted,start,0.8,,,,,,40,0,3,72,44,50,69.4,1327.0,0.0,1883 1884 1885 1886 1887 1888 1889 1890 1891 1892 1893 1894 1895 1896 1897 1898 1899 1900 1901 1902 1903 1904
germany,1871,2025,inflation_adjusted,start,0.8,,,,,,40,0,4,72,44,25,34.7,0.0,0.0,1880 1881 1882 1883 1884 1885 1886 1887 1888 1889 1890 1891 1892 1893 1894 1895 1896 1897 1898 1899 1900 1901 1902 1903 1904 1949 1950 1951 1952 1953 1954 1955 1956 1957 1959 1960 1961 1962 1963 1964 1965 1966 1968 1969 1970 1971 1972
germany,1871,2025,inflation_adjusted,start,0.8,,,,,,40,0,5,72,44,1,1.4,0.0,0.0,1871 1872 1873 1874 1875 1876 1877 1878 1879 1880 1881 1882 1883 1884 1885 1886 1887 1888 1889 1890 1891 1892 1893 1894 1895 1896 1897 1898 1899 1900 1901 1902 1903 1904 1949 1950 1951 1952 1953 1954 1955 1956 1957 1958 1959 1960 1961 1962 1963 1964 1965 1966 1967 1968 1969 1970 1971 1972 1973 1974 1975 1976 1977 1978 1979 1980 1981 1983 1984 1985 1986
germany,1871,2025,inflation_adjusted,start,0.8,,,,,,40,0,6,72,44,0,0.0,0.0,0.0,1871 1872 1873 1874 1875 1876 1877 1878 1879 1880 1881 1882 1883 1884 1885 1886 1887 1888 1889 1890 1891 1892 1893 1894 1895 1896 1897 1898 1899 1900 1901 1902 1903 1904 1949 1950 1951 1952 1953 1954 1955 1956 1957 1958 1959 1960 1961 1962 1963 1964 1965 1966 1967 1968 1969 1970 1971 1972 1973 1974 1975 1976 1977 1978 1979 1980 1981 1982 1983 1984 1985 1986
germany,1871,2025,inflation_adjusted,start,0.8,,,,,,40,0,7,72,44,0,0.0,0.0,0.0,1871 1872 1873 1874 1875 1876 1877 1878 1879 1880 1881 1882 1883 1884 1885 1886 1887 1888 1889 1890 1891 1892 1893 1894 1895 1896 1897 1898 1899 1900 1901 1902 1903 1904 1949 1950 1951 1952 1953 1954 1955 1956 1957 1958 1959 1960 1961 1962 1963 1964 1965 1966 1967 1968 1969 1970 1971 1972 1973 1974 1975 1976 1977 1978 1979 1980 1981 1982 1983 1984 1985 1986
germany,1871,2025,inflation_adjusted,start,0.8,,,,,,40,0,8,72,44,0,0.0,0.0,0.0,1871 1872 1873 1874 1875 1876 1877 1878 1879 1880 1881 1882 1883 1884 1885 1886 1887 1888 1889 1890 1891 1892 1893 1894 1895 1896 1897 1898 1899 1900 1901 1902 1903 1904 1949 1950 1951 1952 1953 1954 1955 1956 1957 1958 1959 1960 1961 1962 1963 1964 1965 1966 1967 1968 1969 1970 1971 1972 1973 1974 1975 1976 1977 1978 1979 1980 1981 1982 1983 1984 1985 1986
germany,1871,2025,inflation_adjusted,start,0.8,,,,,,40,0,9,72,44,0,0.0,0.0,0.0,1871 1872 1873 1874 1875 1876 1877 1878 1879 1880 1881 1882 1883 1884 1885 1886 1887 1888 1889 1890 1891 1892 1893 1894 1895 1896 1897 1898 1899 1900 1901 1902 1903 1904 1949 1950 1951 1952 1953 1954 1955 1956 1957 1958 1959 1960 1961 1962 1963 1964 1965 1966 1967 1968 1969 1970 1971 1972 1973 1974 1975 1976 1977 1978 1979 1980 1981 1982 1983 1984 1985 1986
germany,1871,2025,inflation_adjusted,start,0.8,,,,,,40,0,10,72,44,0,0.0,0.0,0.0,1871 1872 1873 1874 1875 1876 1877 1878 1879 1880 1881 1882 1883 1884 1885 1886 1887 1888 1889 1890 1891 1892 1893 1894 1895 1896 1897 1898 1899 1900 1901 1902 1903 1904 1949 1950 1951 1952 1953 1954 1955 1956 1957 1958 1959 1960 1961 1962 1963 1964 1965 1966 1967 1968 1969 1970 1971 1972 1973 1974 1975 1976 1977 1978 1979 1980 1981 1982 1983 1984 1985 1986
germany,1871,2025,inflation_adjusted,start,0.8,,,,,,40,0,11,72,44,0,0.0,0.0,0.0,1871 1872 1873 1874 1875 1876 1877 1878 1879 1880 1881 1882 1883 1884 1885 1886 1887 1888 1889 1890 1891 1892 1893 1894 1895 1896 1897 1898 1899 1900 1901 1902 1903 1904 1949 1950 1951 1952 1953 1954 1955 1956 1957 1958 1959 1960 1961 1962 1963 1964 1965 1966 1967 1968 1969 1970 1971 1972 1973 1974 1975 1976 1977 1978 1979 1980 1981 1982 1983 1984 1985 1986
germany,1871,2025,inflation_adjusted,start,0.8,,,,,,40,0,12,72,44,0,0.0,0.0,0.0,1871 1872 1873 1874 1875 1876 1877 1878 1879 1880 1881 1882 1883 1884 1885 1886 1887 1888 1889 1890 1891 1892 1893 1894 1895 1896 1897 1898 1899 1900 1901 1902 1903 1904 1949 1950 1951 1952 1953 1954 1955 1956 1957 1958 1959 1960 1961 1962 1963 1964 1965 1966 1967 1968 1969 1970 1971 1972 1973 1974 1975 1976 1977 1978 1979 1980 1981 1982 1983 1984 1985 1986
germany,1871,2025,inflation_adjusted,start,0.8,,,,,,45,100,3,111,0,56,50.5,238.0,0.0,1889 1890 1891 1892 1893 1894 1895 1896 1897 1898 1899 1900 1901 1902 1903 1904 1905 1906 1907 1908 1909 1910 1911 1912 1913 1914 1915 1916 1917 1918 1919 1920 1921 1922 1923 1924 1925 1927 1928 1929 1930 1937 1938 1939 1940 1941 1942 1943 1944 1945 1946 1947 1948 1961 1962
germany,1871,2025,inflation_adjusted,start,0.8,,,,,,45,100,4,111,0,40,36.0,0.0,0.0,1885 1886 1887 1888 1889 1890 1891 1892 1893 1894 1895 1896 1897 1898 1899 1900 1901 1902 1903 1904 1905 1906 1907 1908 1909 1910 1911 1912 1913 1914 1915 1916 1917 1918 1919 1920 1921 1922 1923 1924 1925 1926 1927 1928 1929 1930 1931 1934 1935 1936 1937 1938 1939 1940 1941 1942 1943 1944 1945 1946 1947 1948 1960 1961 1962 1963 1964 1965 1968 1969 1970
germany,1871,2025,inflation_adjusted,start,0.8,,,,,,45,100,5,111,0,29,26.1,0.0,0.0,1872 1873 1882 1883 1884 1885 1886 1887 1888 1889 1890 1891 1892 1893 1894 1895 1896 1897 1898 1899 1900 1901 1902 1903 1904 1905 1906 1907 1908 1909 1910 1911 1912 1913 1914 1915 1916 1917 1918 1919 1920 1921 1922 1923 1924 1925 1926 1927 1928 1929 1930 1931 1932 1933 1934 1935 1936 1937 1938 1939 1940 1941 1942 1943 1944 1945 1946 1947 1948 1960 1961 1962 1963 1964 1965 1966 1968 1969 1970 1971 1972 1973
germany,1871,2025,inflation_adjusted,start,0.8,,,,,,45,100,6,111,0,21,18.9,0.0,0.0,1872 1873 1874 1880 1881 1882 1883 1884 1885 1886 1887 1888 1889 1890 1891 1892 1893 1894 1895 1896 1897 1898 1899 1900 1901 1902 1903 1904 1905 1906 1907 1908 1909 1910 1911 1912 1913 1914 1915 1916 1917 1918 1919 1920 1921 1922 1923 1924 1925 1926 1927 1928 1929 1930 1931 1932 1933 1934 1935 1936 1937 1938 1939 1940 1941 1942 1943 1944 1945 1946 1947 1948 1959 1960 1961 1962 1963 1964 1965 1966 1967 1968 1969 1970 1971 1972 1973 1974 1976 1979
germany,1871,2025,inflation_adjusted,start,0.8,,,,,,45,100,7,111,0,12,10.8,0.0,0.0,1871 1872 1873 1874 1875 1877 1879 1880 1881 1882 1883 1884 1885 1886 1887 1888 1889 1890 1891 1892 1893 1894 1895 1896 1897 1898 1899 1900 1901 1902 1903 1904 1905 1906 1907 1908 1909 1910 1911 1912 1913 1914 1915 1916 1917 1918 1919 1920 1921 1922 1923 1924 1925 1926 1927 1928 1929 1930 1931 1932 1933 1934 1935 1936 1937 1938 1939 1940 1941 1942 1943 1944 1945 1946 1947 1948 1955 1956 1959 1960 1961 1962 1963 1964 1965 1966 1967 1968 1969 1970 1971 1972 1973 1974 1975 1976 1977 1978 1979
germany,1871,2025,inflation_adjusted,start,0.8,,,,,,45,100,8,111,0,6,5.4,0.0,0.0,1871 1872 1873 1874 1875 1876 1877 1878 1879 1880 1881 1882 1883 1884 1885 1886 1887 1888 1889 1890 1891 1892 1893 1894 1895 1896 1897 1898 1899 1900 1901 1902 1903 1904 1905 1906 1907 1908 1909 1910 1911 1912 1913 1914 1915 1916 1917 1918 1919 1920 1921 1922 1923 1924 1925 1926 1927 1928 1929 1930 1931 1932 1933 1934 1935 1936 1937 1938 1939 1940 1941 1942 1943 1944 1945 1946 1947 1948 1955 1956 1957 1958 1959 1960 1961 1962 1963 1964 1965 1966 1967 1968 1969 1970 1971 1972 1973 1974 1975 1976 1977 1978 1979 1980 1981
germany,1871,2025,inflation_adjusted,start,0.8,,,,,,45,100,9,111,0,6,5.4,0.0,0.0,1871 1872 1873 1874 1875 1876 1877 1878 1879 1880 1881 1882 1883 1884 1885 1886 1887 1888 1889 1890 1891 1892 1893 1894 1895 1896 1897 1898 1899 1900 1901 1902 1903 1904 1905 1906 1907 1908 1909 1910 1911 1912 1913 1914 1915 1916 1917 1918 1919 1920 1921 1922 1923 1924 1925 1926 1927 1928 1929 1930 1931 1932 1933 1934 1935 1936 1937 1938 1939 1940 1941 1942 1943 1944 1945 1946 1947 1948 1955 1956 1957 1958 1959 1960 1961 1962 1963 1964 1965 1966 1967 1968 1969 1970 1971 1972 1973 1974 1975 1976 1977 1978 1979 1980 1981
germany,1871,2025,inflation_adjusted,start,0.8,,,,,,45,100,10,111,0,6,5.4,0.0,0.0,1871 1872 1873 1874 1875 1876 1877 1878 1879 1880 1881 1882 1883 1884 1885 1886 1887 1888 1889 1890 1891 1892 1893 1894 1895 1896 1897 1898 1899 1900 1901 1902 1903 1904 1905 1906 1907 1908 1909 1910 1911 1912 1913 1914 1915 1916 1917 1918 1919 1920 1921 1922 1923 1924 1925 1926 1927 1928 1929 1930 1931 1932 1933 1934 1935 1936 1937 1938 1939 1940 1941 1942 1943 1944 1945 1946 1947 1948 1955 1956 1957 1958 1959 1960 1961 1962 1963 1964 1965 1966 1967 1968 1969 1970 1971 1972 1973 1974 1975 1976 1977 1978 1979 1980 1981
germany,1871,2025,inflation_adjusted,start,0.8,,,,,,45,100,11,111,0,6,5.4,0.0,0.0,1871 1872 1873 1874 1875 1876 1877 1878 1879 1880 1881 1882 1883 1884 1885 1886 1887 1888 1889 1890 1891 1892 1893 1894 1895 1896 1897 1898 1899 1900 1901 1902 1903 1904 1905 1906 1907 1908 1909 1910 1911 1912 1913 1914 1915 1916 1917 1918 1919 1920 1921 1922 1923 1924 1925 1926 1927 1928 1929 1930 1931 1932 1933 1934 1935 1936 1937 1938 1939 1940 1941 1942 1943 1944 1945 1946 1947 1948 1955 1956 1957 1958 1959 1960 1961 1962 1963 1964 1965 1966 1967 1968 1969 1970 1971 1972 1973 1974 1975 1976 1977 1978 1979 1980 1981
germany,1871,2025,inflation_adjusted,start,0.8,,,,,,45,100,12,111,0,5,4.5,0.0,0.0,1871 1872 1873 1874 1875 1876 1877 1878 1879 1880 1881 1882 1883 1884 1885 1886 1887 1888 1889 1890 1891 1892 1893 1894 1895 1896 1897 1898 1899 1900 1901 1902 1903 1904 1905 1906 1907 1908 1909 1910 1911 1912 1913 1914 1915 1916 1917 1918 1919 1920 1921 1922 1923 1924 1925 1926 1927 1928 1929 1930 1931 1932 1933 1934 1935 1936 1937 1938 1939 1940 1941 1942 1943 1944 1945 1946 1947 1948 1954 1955 1956 1957 1958 1959 1960 1961 1962 1963 1964 1965 1966 1967 1968 1969 1970 1971 1972 1973 1974 1975 1976 1977 1978 1979 1980 1981
germany,1871,2025,inflation_adjusted,start,0.8,,,,,,45,75,3,62,49,44,71.0,8358.0,0.0,1884 1885 1886 1887 1888 1889 1890 1891 1892 1893 1894 1895 1896 1897 1898 1899 1961 1962
germany,1871,2025,inflation_adjusted,start,0.8,,,,,,45,75,4,62,49,36,58.1,2503.0,0.0,1882 1883 1884 1885 1886 1887 1888 1889 1890 1891 1892 1893 1894 1895 1896 1897 1898 1899 1960 1961 1962 1963 1964 1965 1969 1970
germany,1871,2025,inflation_adjusted,start,0.8,,,,,,45,75,5,62,49,27,43.5,0.0,0.0,1872 1873 1880 1881 1882 1883 1884 1885 1886 1887 1888 1889 1890 1891 1892 1893 1894 1895 1896 1897 1898 1899 1960 1961 1962 1963 1964 1965 1966 1968 1969 1970 1971 1972 1973
germany,1871,2025,inflation_adjusted,start,0.8,,,,,,45,75,6,62,49,15,24.2,0.0,0.0,1871 1872 1873 1874 1875 1879 1880 1881 1882 1883 1884 1885 1886 1887 1888 1889 1890 1891 1892 1893 1894 1895 1896 1897 1898 1899 1956 1959 1960 1961 1962 1963 1964 1965 1966 1967 1968 1969 1970 1971 1972 1973 1974 1976 1977 1978 1979
germany,1871,2025,inflation_adjusted,start,0.8,,,,,,45,75,7,62,49,8,12.9,0.0,0.0,1871 1872 1873 1874 1875 1876 1877 1878 1879 1880 1881 1882 1883 1884 1885 1886 1887 1888 1889 1890 1891 1892 1893 1894 1895 1896 1897 1898 1899 1955 1956 1957 1959 1960 1961 1962 1963 1964 1965 1966 1967 1968 1969 1970 1971 1972 1973 1974 1975 1976 1977 1978 1979 1980
germany,1871,2025,inflation_adjusted,start,0.8,,,,,,45,75,8,62,49,6,9.7,0.0,0.0,1871 1872 1873 1874 1875 1876 1877 1878 1879 1880 1881 1882 1883 1884 1885 1886 1887 1888 1889 1890 1891 1892 1893 1894 1895 1896 1897 1898 1899 1955 1956 1957 1958 1959 1960 1961 1962 1963 1964 1965 1966 1967 1968 1969 1970 1971 1972 1973 1974 1975 1976 1977 1978 1979 1980 1981
germany,1871,2025,inflation_adjusted,start,0.8,,,,,,45,75,9,62,49,6,9.7,0.0,0.0,1871 1872 1873 1874 1875 1876 1877 1878 1879 1880 1881 1882 1883 1884 1885 1886 1887 1888 1889 1890 1891 1892 1893 1894 1895 1896 1897 1898 1899 1955 1956 1957 1958 1959 1960 1961 1962 1963 1964 1965 1966 1967 1968 1969 1970 1971 1972 1973 1974 1975 1976 1977 1978 1979 1980 1981
germany,1871,2025,inflation_adjusted,start,0.8,,,,,,45,75,10,62,49,4,6.5,0.0,0.0,1871 1872 1873 1874 1875 1876 1877 1878 1879 1880 1881 1882 1883 1884 1885 1886 1887 1888 1889 1890 1891 1892 1893 1894 1895 1896 1897 1898 1899 1953 1954 1955 1956 1957 1958 1959 1960 1961 1962 1963 1964 1965 1966 1967 1968 1969 1970 1971 1972 1973 1974 1975 1976 1977 1978 1979 1980 1981
germany,1871,2025,inflation_adjusted,start,0.8,,,,,,45,75,11,62,49,3,4.8,0.0,0.0,1871 1872 1873 1874 1875 1876 1877 1878 1879 1880 1881 1882 1883 1884 1885 1886 1887 1888 1889 1890 1891 1892 1893 1894 1895 1896 1897 1898 1899 1952 1953 1954 1955 1956 1957 1958 1959 1960 1961 1962 1963 1964 1965 1966 1967 1968 1969 1970 1971 1972 1973 1974 1975 1976 1977 1978 1979 1980 1981
germany,1871,2025,inflation_adjusted,start,0.8,,,,,,45,75,12,62,49,3,4.8,0.0,0.0,1871 1872 1873 1874 1875 1876 1877 1878 1879 1880 1881 1882 1883 1884 1885 1886 1887 1888 1889 1890 1891 1892 1893 1894 1895 1896 1897 1898 1899 1952 1953 1954 1955 1956 1957 1958 1959 1960 1961 1962 1963 1964 1965 1966 1967 1968 1969 1970 1971 1972 1973 1974 1975 1976 1977 1978 1979 1980 1981
germany,1871,2025,inflation_adjusted,start,0.8,,,,,,45,50,3,62,49,44,71.0,5066.0,0.0,1882 1883 1884 1885 1886 1887 1888 1889 1890 1891 1892 1893 1894 1895 1896 1897 1898 1899
germany,1871,2025,inflation_adjusted,start,0.8,,,,,,45,50,4,62,49,34,54.8,1004.0,0.0,1880 1881 1882 1883 1884 1885 1886 1887 1888 1889 1890 1891 1892 1893 1894 1895 1896 1897 1898 1899 1960 1961 1962 1963 1964 1965 1969 1970
germany,1871,2025,inflation_adjusted,start,0.8,,,,,,45,50,5,62,49,24,38.7,0.0,0.0,1872 1873 1879 1880 1881 1882 1883 1884 1885 1886 1887 1888 1889 1890 1891 1892 1893 1894 1895 1896 1897 1898 1899 1959 1960 1961 1962 1963 1964 1965 1966 1967 1968 1969 1970 1971 1972 1973
germany,1871,2025,inflation_adjusted,start,0.8,,,,,,45,50,6,62,49,9,14.5,0.0,0.0,1871 1872 1873 1874 1875 1876 1877 1878 1879 1880 1881 1882 1883 1884 1885 1886 1887 1888 1889 1890 1891 1892 1893 1894 1895 1896 1897 1898 1899 1955 1956 1957 1959 1960 1961 1962 1963 1964 1965 1966 1967 1968 1969 1970 1971 1972 1973 1974 1975 1976 1977 1978 1979
germany,1871,2025,inflation_adjusted,start,0.8,,,,,,45,50,7,62,49,6,9.7,0.0,0.0,1871 1872 1873 1874 1875 1876 1877 1878 1879 1880 1881 1882 1883 1884 1885 1886 1887 1888 1889 1890 1891 1892 1893 1894 1895 1896 1897 1898 1899 1955 1956 1957 1958 1959 1960 1961 1962 1963 1964 1965 1966 1967 1968 1969 1970 1971 1972 1973 1974 1975 1976 1977 1978 1979 1980 1981
germany,1871,2025,inflation_adjusted,start,0.8,,,,,,45,50,8,62,49,3,4.8,0.0,0.0,1871 1872 1873 1874 1875 1876 1877 1878 1879 1880 1881 1882 1883 1884 1885 1886 1887 1888 1889 1890 1891 1892 1893 1894 1895 1896 1897 1898 1899 1952 1953 1954 1955 1956 1957 1958 1959 1960 1961 1962 1963 1964 1965 1966 1967 1968 1969 1970 1971 1972 1973 1974 1975 1976 1977 1978 1979 1980 1981
germany,1871,2025,inflation_adjusted,start,0.8,,,,,,45,50,9,62,49,3,4.8,0.0,0.0,1871 1872 1873 1874 1875 1876 1877 1878 1879 1880 1881 1882 1883 1884 1885 1886 1887 1888 1889 1890 1891 1892 1893 1894 1895 1896 1897 1898 1899 1952 1953 1954 1955 1956 1957 1958 1959 1960 1961 1962 1963 1964 1965 1966 1967 1968 1969 1970 1971 1972 1973 1974 1975 1976 1977 1978 1979 1980 1981
germany,1871,2025,inflation_adjusted,start,0.8,,,,,,45,50,10,62,49,2,3.2,0.0,0.0,1871 1872 1873 1874 1875 1876 1877 1878 1879 1880 1881 1882 1883 1884 1885 1886 1887 1888 1889 1890 1891 1892 1893 1894 1895 1896 1897 1898 1899 1950 1952 1953 1954 1955 1956 1957 1958 1959 1960 1961 1962 1963 1964 1965 1966 1967 1968 1969 1970 1971 1972 1973 1974 1975 1976 1977 1978 1979 1980 1981
germany,1871,2025,inflation_adjusted,start,0.8,,,,,,45,50,11,62,49,1,1.6,0.0,0.0,1871 1872 1873 1874 1875 1876 1877 1878 1879 1880 1881 1882 1883 1884 1885 1886 1887 1888 1889 1890 1891 1892 1893 1894 1895 1896 1897 1898 1899 1950 1951 1952 1953 1954 1955 1956 1957 1958 1959 1960 1961 1962 1963 1964 1965 1966 1967 1968 1969 1970 1971 1972 1973 1974 1975 1976 1977 1978 1979 1980 1981
germany,1871,2025,inflation_adjusted,start,0.8,,,,,,45,50,12,62,49,1,1.6,0.0,0.0,1871 1872 1873 1874 1875 1876 1877 1878 1879 1880 1881 1882 1883 1884 1885 1886 1887 1888 1889 1890 1891 1892 1893 1894 1895 1896 1897 1898 1899 1950 1951 1952 1953 1954 1955 1956 1957 1958 1959 1960 1961 1962 1963 1964 1965 1966 1967 1968 1969 1970 1971 1972 1973 1974 1975 1976 1977 1978 1979 1980 1981
germany,1871,2025,inflation_adjusted,start,0.8,,,,,,45,25,3,62,49,42,67.7,3164.0,0.0,1880 1881 1882 1883 1884 1885 1886 1887 1888 1889 1890 1891 1892 1893 1894 1895 1896 1897 1898 1899
germany,1871,2025,inflation_adjusted,start,0.8,,,,,,45,25,4,62,49,32,51.6,207.0,0.0,1879 1880 1881 1882 1883 1884 1885 1886 1887 1888 1889 1890 1891 1892 1893 1894 1895 1896 1897 1898 1899 1960 1961 1962 1963 1964 1965 1968 1969 1970
germany,1871,2025,inflation_adjusted,start,0.8,,,,,,45,25,5,62,49,10,16.1,0.0,0.0,1871 1872 1873 1874 1875 1876 1877 1878 1879 1880 1881 1882 1883 1884 1885 1886 1887 1888 1889 1890 1891 1892 1893 1894 1895 1896 1897 1898 1899 1955 1956 1957 1959 1960 1961 1962 1963 1964 1965 1966 1967 1968 1969 1970 1971 1972 1973 1974 1976 1977 1978 1979
germany,1871,2025,inflation_adjusted,start,0.8,,,,,,45,25,6,62,49,3,4.8,0.0,0.0,1871 1872 1873 1874 1875 1876 1877 1878 1879 1880 1881 1882 1883 1884 1885 1886 1887 1888 1889 1890 1891 1892 1893 1894 1895 1896 1897 1898 1899 1952 1953 1954 1955 1956 1957 1958 1959 1960 1961 1962 1963 1964 1965 1966 1967 1968 1969 1970 1971 1972 1973 1974 1975 1976 1977 1978 1979 1980 1981
germany,1871,2025,inflation_adjusted,start,0.8,,,,,,45,25,7,62,49,1,1.6,0.0,0.0,1871 1872 1873 1874 1875 1876 1877 1878 1879 1880 1881 1882 1883 1884 1885 1886 1887 1888 1889 1890 1891 1892 1893 1894 1895 1896 1897 1898 1899 1950 1951 1952 1953 1954 1955 1956 1957 1958 1959 1960 1961 1962 1963 1964 1965 1966 1967 1968 1969 1970 1971 1972 1973 1974 1975 1976 1977 1978 1979 1980 1981
germany,1871,2025,inflation_adjusted,start,0.8,,,,,,45,25,8,62,49,0,0.0,0.0,0.0,1871 1872 1873 1874 1875 1876 1877 1878 1879 1880 1881 1882 1883 1884 1885 1886 1887 1888 1889 1890 1891 1892 1893 1894 1895 1896 1897 1898 1899 1949 1950 1951 1952 1953 1954 1955 1956 1957 1958 1959 1960 1961 1962 1963 1964 1965 1966 1967 1968 1969 1970 1971 1972 1973 1974 1975 1976 1977 1978 1979 1980 1981
germany,1871,2025,inflation_adjusted,start,0.8,,,,,,45,25,9,62,49,0,0.0,0.0,0.0,1871 1872 1873 1874 1875 1876 1877 1878 1879 1880 1881 1882 1883 1884 1885 1886 1887 1888 1889 1890 1891 1892 1893 1894 1895 1896 1897 1898 1899 1949 1950 1951 1952 1953 1954 1955 1956 1957 1958 1959 1960 1961 1962 1963 1964 1965 1966 1967 1968 1969 1970 1971 1972 1973 1974 1975 1976 1977 1978 1979 1980 1981
germany,1871,2025,inflation_adjusted,start,0.8,,,,,,45,25,10,62,49,0,0.0,0.0,0.0,1871 1872 1873 1874 1875 1876 1877 1878 1879 1880 1881 1882 1883 1884 1885 1886 1887 1888 1889 1890 1891 1892 1893 1894 1895 1896 1897 1898 1899 1949 1950 1951 1952 1953 1954 1955 1956 1957 1958 1959 1960 1961 1962 1963 1964 1965 1966 1967 1968 1969 1970 1971 1972 1973 1974 1975 1976 1977 1978 1979 1980 1981
germany,1871,2025,inflation_adjusted,start,0.8,,,,,,45,25,11,62,49,0,0.0,0.0,0.0,1871 1872 1873 1874 1875 1876 1877 1878 1879 1880 1881 1882 1883 1884 1885 1886 1887 1888 1889 1890 1891 1892 1893 1894 1895 1896 1897 1898 1899 1949 1950 1951 1952 1953 1954 1955 1956 1957 1958 1959 1960 1961 1962 1963 1964 1965 1966 1967 1968 1969 1970 1971 1972 1973 1974 1975 1976 1977 1978 1979 1980 1981
germany,1871,2025,inflation_adjusted,start,0.8,,,,,,45,25,12,62,49,0,0.0,0.0,0.0,1871 1872 1873 1874 1875 1876 1877 1878 1879 1880 1881 1882 1883 1884 1885 1886 1887 1888 1889 1890 1891 1892 1893 1894 1895 1896 1897 1898 1899 1949 1950 1951 1952 1953 1954 1955 1956 1957 1958 1959 1960 1961 1962 1963 1964 1965 1966 1967 1968 1969 1970 1971 1972 1973 1974 1975 1976 1977 1978 1979 1980 1981
germany,1871,2025,inflation_adjusted,start,0.8,,,,,,45,0,3,62,49,41,66.1,1390.0,0.0,1879 1880 1881 1882 1883 1884 1885 1886 1887 1888 1889 1890 1891 1892 1893 1894 1895 1896 1897 1898 1899
germany,1871,2025,inflation_adjusted,start,0.8,,,,,,45,0,4,62,49,11,17.7,0.0,0.0,1876 1877 1878 1879 1880 1881 1882 1883 1884 1885 1886 1887 1888 1889 1890 1891 1892 1893 1894 1895 1896 1897 1898 1899 1949 1950 1951 1952 1953 1954 1955 1956 1957 1958 1959 1960 1961 1962 1963 1964 1965 1966 1967 1968 1969 1970 1971 1972 1973 1978 1979
germany,1871,2025,inflation_adjusted,start,0.8,,,,,,45,0,5,62,49,0,0.0,0.0,0.0,1871 1872 1873 1874 1875 1876 1877 1878 1879 1880 1881 1882 1883 1884 1885 1886 1887 1888 1889 1890 1891 1892 1893 1894 1895 1896 1897 1898 1899 1949 1950 1951 1952 1953 1954 1955 1956 1957 1958 1959 1960 1961 1962 1963 1964 1965 1966 1967 1968 1969 1970 1971 1972 1973 1974 1975 1976 1977 1978 1979 1980 1981
germany,1871,2025,inflation_adjusted,start,0.8,,,,,,45,0,6,62,49,0,0.0,0.0,0.0,1871 1872 1873 1874 1875 1876 1877 1878 1879 1880 1881 1882 1883 1884 1885 1886 1887 1888 1889 1890 1891 1892 1893 1894 1895 1896 1897 1898 1899 1949 1950 1951 1952 1953 1954 1955 1956 1957 1958 1959 1960 1961 1962 1963 1964 1965 1966 1967 1968 1969 1970 1971 1972 1973 1974 1975 1976 1977 1978 1979 1980 1981
germany,1871,2025,inflation_adjusted,start,0.8,,,,,,45,0,7,62,49,0,0.0,0.0,0.0,1871 1872 1873 1874 1875 1876 1877 1878 1879 1880 1881 1882 1883 1884 1885 1886 1887 1888 1889 1890 1891 1892 1893 1894 1895 1896 1897 1898 1899 1949 1950 1951 1952 1953 1954 1955 1956 1957 1958 1959 1960 1961 1962 1963 1964 1965 1966 1967 1968 1969 1970 1971 1972 1973 1974 1975 1976 1977 1978 1979 1980 1981
germany,1871,2025,inflation_adjusted,start,0.8,,,,,,45,0,8,62,49,0,0.0,0.0,0.0,1871 1872 1873 1874 1875 1876 1877 1878 1879 1880 1881 1882 1883 1884 1885 1886 1887 1888 1889 1890 1891 1892 1893 1894 1895 1896 1897 1898 1899 1949 1950 1951 1952 1953 1954 1955 1956 1957 1958 1959 1960 1961 1962 1963 1964 1965 1966 1967 1968 1969 1970 1971 1972 1973 1974 1975 1976 1977 1978 1979 1980 1981
germany,1871,2025,inflation_adjusted,start,0.8,,,,,,45,0,9,62,49,0,0.0,0.0,0.0,1871 1872 1873 1874 1875 1876 1877 1878 1879 1880 1881 1882 1883 1884 1885 1886 1887 1888 1889 1890 1891 1892 1893 1894 1895 1896 1897 1898 1899 1949 1950 1951 1952 1953 1954 1955 1956 1957 1958 1959 1960 1961 1962 1963 1964 1965 1966 1967 1968 1969 1970 1971 1972 1973 1974 1975 1976 1977 1978 1979 1980 1981
germany,1871,2025,inflation_adjusted,start,0.8,,,,,,45,0,10,62,49,0,0.0,0.0,0.0,1871 1872 1873 1874 1875 1876 1877 1878 1879 1880 1881 1882 1883 1884 1885 1886 1887 1888 1889 1890 1891 1892 1893 1894 1895 1896 1897 1898 1899 1949 1950 1951 1952 1953 1954 1955 1956 1957 1958 1959 1960 1961 1962 1963 1964 1965 1966 1967 1968 1969 1970 1971 1972 1973 1974 1975 1976 1977 1978 1979 1980 1981
germany,1871,2025,inflation_adjusted,start,0.8,,,,,,45,0,11,62,49,0,0.0,0.0,0.0,1871 1872 1873 1874 1875 1876 1877 1878 1879 1880 1881 1882 1883 1884 1885 1886 1887 1888 1889 1890 1891 1892 1893 1894 1895 1896 1897 1898 1899 1949 1950 1951 1952 1953 1954 1955 1956 1957 1958 1959 1960 1961 1962 1963 1964 1965 1966 1967 1968 1969 1970 1971 1972 1973 1974 1975 1976 1977 1978 1979 1980 1981
germany,1871,2025,inflation_adjusted,start,0.8,,,,,,45,0,12,62,49,0,0.0,0.0,0.0,1871 1872 1873 1874 1875 1876 1877 1878 1879 1880 1881 1882 1883 1884 1885 1886 1887 1888 1889 1890 1891 1892 1893 1894 1895 1896 1897 1898 1899 1949 1950 1951 1952 1953 1954 1955 1956 1957 1958 1959 1960 1961 1962 1963 1964 1965 1966 1967 1968 1969 1970 1971 1972 1973 1974 1975 1976 1977 1978 1979 1980 1981
germany,1871,2025,inflation_adjusted,start,0.8,,,,,,50,100,3,106,0,47,44.3,0.0,0.0,1886 1887 1888 1889 1890 1891 1892 1893 1894 1895 1896 1897 1898 1899 1900 1901 1902 1903 1904 1905 1906 1907 1908 1909 1910 1911 1912 1913 1914 1915 1916 1917 1918 1919 1920 1921 1922 1923 1924 1925 1927 1928 1929 1930 1936 1937 1938 1939 1940 1941 1942 1943 1944 1945 1946 1947 1948 1961 1962
germany,1871,2025,inflation_adjusted,start,0.8,,,,,,50,100,4,106,0,30,28.3,0.0,0.0,1882 1883 1884 1885 1886 1887 1888 1889 1890 1891 1892 1893 1894 1895 1896 1897 1898 1899 1900 1901 1902 1903 1904 1905 1906 1907 1908 1909 1910 1911 1912 1913 1914 1915 1916 1917 1918 1919 1920 1921 1922 1923 1924 1925 1926 1927 1928 1929 1930 1931 1933 1934 1935 1936 1937 1938 1939 1940 1941 1942 1943 1944 1945 1946 1947 1948 1960 1961 1962 1963 1964 1965 1966 1968 1969 1970
germany,1871,2025,inflation_adjusted,start,0.8,,,,,,50,100,5,106,0,21,19.8,0.0,0.0,1872 1873 1880 1881 1882 1883 1884 1885 1886 1887 1888 1889 1890 1891 1892 1893 1894 1895 1896 1897 1898 1899 1900 1901 1902 1903 1904 1905 1906 1907 1908 1909 1910 1911 1912 1913 1914 1915 1916 1917 1918 1919 1920 1921 1922 1923 1924 1925 1926 1927 1928 1929 1930 1931 1932 1933 1934 1935 1936 1937 1938 1939 1940 1941 1942 1943 1944 1945 1946 1947 1948 1960 1961 1962 1963 1964 1965 1966 1967 1968 1969 1970 1971 1972 1973
germany,1871,2025,inflation_adjusted,start,0.8,,,,,,50,100,6,106,0,15,14.2,0.0,0.0,1871 1872 1873 1874 1879 1880 1881 1882 1883 1884 1885 1886 1887 1888 1889 1890 1891 1892 1893 1894 1895 1896 1897 1898 1899 1900 1901 1902 1903 1904 1905 1906 1907 1908 1909 1910 1911 1912 1913 1914 1915 1916 1917 1918 1919 1920 1921 1922 1923 1924 1925 1926 1927 1928 1929 1930 1931 1932 1933 1934 1935 1936 1937 1938 1939 1940 1941 1942 1943 1944 1945 1946 1947 1948 1959 1960 1961 1962 1963 1964 1965 1966 1967 1968 1969 1970 1971 1972 1973 1974 1976
germany,1871,2025,inflation_adjusted,start,0.8,,,,,,50,100,7,106,0,8,7.5,0.0,0.0,1871 1872 1873 1874 1875 1876 1877 1878 1879 1880 1881 1882 1883 1884 1885 1886 1887 1888 1889 1890 1891 1892 1893 1894 1895 1896 1897 1898 1899 1900 1901 1902 1903 1904 1905 1906 1907 1908 1909 1910 1911 1912 1913 1914 1915 1916 1917 1918 1919 1920 1921 1922 1923 1924 1925 1926 1927 1928 1929 1930 1931 1932 1933 1934 1935 1936 1937 1938 1939 1940 1941 1942 1943 1944 1945 1946 1947 1948 1955 1956 1959 1960 1961 1962 1963 1964 1965 1966 1967 1968 1969 1970 1971 1972 1973 1974 1975 1976
germany,1871,2025,inflation_adjusted,start,0.8,,,,,,50,100,8,106,0,6,5.7,0.0,0.0,1871 1872 1873 1874 1875 1876 1877 1878 1879 1880 1881 1882 1883 1884 1885 1886 1887 1888 1889 1890 1891 1892 1893 1894 1895 1896 1897 1898 1899 1900 1901 1902 1903 1904 1905 1906 1907 1908 1909 1910 1911 1912 1913 1914 1915 1916 1917 1918 1919 1920 1921 1922 1923 1924 1925 1926 1927 1928 1929 1930 1931 1932 1933 1934 1935 1936 1937 1938 1939 1940 1941 1942 1943 1944 1945 1946 1947 1948 1955 1956 1957 1958 1959 1960 1961 1962 1963 1964 1965 1966 1967 1968 1969 1970 1971 1972 1973 1974 1975 1976
germany,1871,2025,inflation_adjusted,start,0.8,,,,,,50,100,9,106,0,6,5.7,0.0,0.0,1871 1872 1873 1874 1875 1876 1877 1878 1879 1880 1881 1882 1883 1884 1885 1886 1887 1888 1889 1890 1891 1892 1893 1894 1895 1896 1897 1898 1899 1900 1901 1902 1903 1904 1905 1906 1907 1908 1909 1910 1911 1912 1913 1914 1915 1916 1917 1918 1919 1920 1921 1922 1923 1924 1925 1926 1927 1928 1929 1930 1931 1932 1933 1934 1935 1936 1937 1938 1939 1940 1941 1942 1943 1944 1945 1946 1947 1948 1955 1956 1957 1958 1959 1960 1961 1962 1963 1964 1965 1966 1967 1968 1969 1970 1971 1972 1973 1974 1975 1976
germany,1871,2025,inflation_adjusted,start,0.8,,,,,,50,100,10,106,0,6,5.7,0.0,0.0,1871 1872 1873 1874 1875 1876 1877 1878 1879 1880 1881 1882 1883 1884 1885 1886 1887 1888 1889 1890 1891 1892 1893 1894 1895 1896 1897 1898 1899 1900 1901 1902 1903 1904 1905 1906 1907 1908 1909 1910 1911 1912 1913 1914 1915 1916 1917 1918 1919 1920 1921 1922 1923 1924 1925 1926 1927 1928 1929 1930 1931 1932 1933 1934 1935 1936 1937 1938 1939 1940 1941 1942 1943 1944 1945 1946 1947 1948 1955 1956 1957 1958 1959 1960 1961 1962 1963 1964 1965 1966 1967 1968 1969 1970 1971 1972 1973 1974 1975 1976
germany,1871,2025,inflation_adjusted,start,0.8,,,,,,50,100,11,106,0,5,4.7,0.0,0.0,1871 1872 1873 1874 1875 1876 1877 1878 1879 1880 1881 1882 1883 1884 1885 1886 1887 1888 1889 1890 1891 1892 1893 1894 1895 1896 1897 1898 1899 1900 1901 1902 1903 1904 1905 1906 1907 1908 1909 1910 1911 1912 1913 1914 1915 1916 1917 1918 1919 1920 1921 1922 1923 1924 1925 1926 1927 1928 1929 1930 1931 1932 1933 1934 1935 1936 1937 1938 1939 1940 1941 1942 1943 1944 1945 1946 1947 1948 1954 1955 1956 1957 1958 1959 1960 1961 1962 1963 1964 1965 1966 1967 1968 1969 1970 1971 1972 1973 1974 1975 1976
germany,1871,2025,inflation_adjusted,start,0.8,,,,,,50,100,12,106,0,5,4.7,0.0,0.0,1871 1872 1873 1874 1875 1876 1877 1878 1879 1880 1881 1882 1883 1884 1885 1886 1887 1888 1889 1890 1891 1892 1893 1894 1895 1896 1897 1898 1899 1900 1901 1902 1903 1904 1905 1906 1907 1908 1909 1910 1911 1912 1913 1914 1915 1916 1917 1918 1919 1920 1921 1922 1923 1924 1925 1926 1927 1928 1929 1930 1931 1932 1933 1934 1935 1936 1937 1938 1939 1940 1941 1942 1943 1944 1945 1946 1947 1948 1954 1955 1956 1957 1958 1959 1960 1961 1962 1963 1964 1965 1966 1967 1968 1969 1970 1971 1972 1973 1974 1975 1976
germany,1871,2025,inflation_adjusted,start,0.8,,,,,,50,75,3,52,54,37,71.2,11369.0,0.0,1882 1883 1884 1885 1886 1887 1888 1889 1890 1891 1892 1893 1894 1961 1962
germany,1871,2025,inflation_adjusted,start,0.8,,,,,,50,75,4,52,54,28,53.8,2444.0,0.0,1880 1881 1882 1883 1884 1885 1886 1887 1888 1889 1890 1891 1892 1893 1894 1960 1961 1962 1963 1964 1965 1968 1969 1970
germany,1871,2025,inflation_adjusted,start,0.8,,,,,,50,75,5,52,54,17,32.7,0.0,0.0,1872 1873 1874 1877 1878 1879 1880 1881 1882 1883 1884 1885 1886 1887 1888 1889 1890 1891 1892 1893 1894 1960 1961 1962 1963 1964 1965 1966 1967 1968 1969 1970 1971 1972 1973
germany,1871,2025,inflation_adjusted,start,0.8,,,,,,50,75,6,52,54,8,15.4,0.0,0.0,1871 1872 1873 1874 1875 1876 1877 1878 1879 1880 1881 1882 1883 1884 1885 1886 1887 1888 1889 1890 1891 1892 1893 1894 1955 1956 1959 1960 1961 1962 1963 1964 1965 1966 1967 1968 1969 1970 1971 1972 1973 1974 1975 1976
germany,1871,2025,inflation_adjusted,start,0.8,,,,,,50,75,7,52,54,6,11.5,0.0,0.0,1871 1872 1873 1874 1875 1876 1877 1878 1879 1880 1881 1882 1883 1884 1885 1886 1887 1888 1889 1890 1891 1892 1893 1894 1955 1956 1957 1958 1959 1960 1961 1962 1963 1964 1965 1966 1967 1968 1969 1970 1971 1972 1973 1974 1975 1976
germany,1871,2025,inflation_adjusted,start,0.8,,,,,,50,75,8,52,54,6,11.5,0.0,0.0,1871 1872 1873 1874 1875 1876 1877 1878 1879 1880 1881 1882 1883 1884 1885 1886 1887 1888 1889 1890 1891 1892 1893 1894 1955 1956 1957 1958 1959 1960 1961 1962 1963 1964 1965 1966 1967 1968 1969 1970 1971 1972 1973 1974 1975 1976
germany,1871,2025,inflation_adjusted,start,0.8,,,,,,50,75,9,52,54,5,9.6,0.0,0.0,1871 1872 1873 1874 1875 1876 1877 1878 1879 1880 1881 1882 1883 1884 1885 1886 1887 1888 1889 1890 1891 1892 1893 1894 1954 1955 1956 1957 1958 1959 1960 1961 1962 1963 1964 1965 1966 1967 1968 1969 1970 1971 1972 1973 1974 1975 1976
germany,1871,2025,inflation_adjusted,start,0.8,,,,,,50,75,10,52,54,4,7.7,0.0,0.0,1871 1872 1873 1874 1875 1876 1877 1878 1879 1880 1881 1882 1883 1884 1885 1886 1887 1888 1889 1890 1891 1892 1893 1894 1953 1954 1955 1956 1957 1958 1959 1960 1961 1962 1963 1964 1965 1966 1967 1968 1969 1970 1971 1972 1973 1974 1975 1976
germany,1871,2025,inflation_adjusted,start,0.8,,,,,,50,75,11,52,54,3,5.8,0.0,0.0,1871 1872 1873 1874 1875 1876 1877 1878 1879 1880 1881 1882 1883 1884 1885 1886 1887 1888 1889 1890 1891 1892 1893 1894 1952 1953 1954 1955 1956 1957 1958 1959 1960 1961 1962 1963 1964 1965 1966 1967 1968 1969 1970 1971 1972 1973 1974 1975 1976
germany,1871,2025,inflation_adjusted,start,0.8,,,,,,50,75,12,52,54,3,5.8,0.0,0.0,1871 1872 1873 1874 1875 1876 1877 1878 1879 1880 1881 1882 1883 1884 1885 1886 1887 1888 1889 1890 1891 1892 1893 1894 1952 1953 1954 1955 1956 1957 1958 1959 1960 1961 1962 1963 1964 1965 1966 1967 1968 1969 1970 1971 1972 1973 1974 1975 1976
germany,1871,2025,inflation_adjusted,start,0.8,,,,,,50,50,3,52,54,35,67.3,5791.0,0.0,1878 1879 1880 1881 1882 1883 1884 1885 1886 1887 1888 1889 1890 1891 1892 1893 1894
germany,1871,2025,inflation_adjusted,start,0.8,,,,,,50,50,4,52,54,24,46.2,0.0,0.0,1876 1877 1878 1879 1880 1881 1882 1883 1884 1885 1886 1887 1888 1889 1890 1891 1892 1893 1894 1960 1961 1962 1963 1964 1965 1968 1969 1970
germany,1871,2025,inflation_adjusted,start,0.8,,,,,,50,50,5,52,54,12,23.1,0.0,0.0,1871 1872 1873 1874 1875 1876 1877 1878 1879 1880 1881 1882 1883 1884 1885 1886 1887 1888 1889 1890 1891 1892 1893 1894 1956 1959 1960 1961 1962 1963 1964 1965 1966 1967 1968 1969 1970 1971 1972 1973
germany,1871,2025,inflation_adjusted,start,0.8,,,,,,50,50,6,52,54,6,11.5,0.0,0.0,1871 1872 1873 1874 1875 1876 1877 1878 1879 1880 1881 1882 1883 1884 1885 1886 1887 1888 1889 1890 1891 1892 1893 1894 1955 1956 1957 1958 1959 1960 1961 1962 1963 1964 1965 1966 1967 1968 1969 1970 1971 1972 1973 1974 1975 1976
germany,1871,2025,inflation_adjusted,start,0.8,,,,,,50,50,7,52,54,6,11.5,0.0,0.0,1871 1872 1873 1874 1875 1876 1877 1878 1879 1880 1881 1882 1883 1884 1885 1886 1887 1888 1889 1890 1891 1892 1893 1894 1955 1956 1957 1958 1959 1960 1961 1962 1963 1964 1965 1966 1967 1968 1969 1970 1971 1972 1973 1974 1975 1976
germany,1871,2025,inflation_adjusted,start,0.8,,,,,,50,50,8,52,54,3,5.8,0.0,0.0,1871 1872 1873 1874 1875 1876 1877 1878 1879 1880 1881 1882 1883 1884 1885 1886 1887 1888 1889 1890 1891 1892 1893 1894 1952 1953 1954 1955 1956 1957 1958 1959 1960 1961 1962 1963 1964 1965 1966 1967 1968 1969 1970 1971 1972 1973 1974 1975 1976
germany,1871,2025,inflation_adjusted,start,0.8,,,,,,50,50,9,52,54,3,5.8,0.0,0.0,1871 1872 1873 1874 1875 1876 1877 1878 1879 1880 1881 1882 1883 1884 1885 1886 1887 1888 1889 1890 1891 1892 1893 1894 1952 1953 1954 1955 1956 1957 1958 1959 1960 1961 1962 1963 1964 1965 1966 1967 1968 1969 1970 1971 1972 1973 1974 1975 1976
germany,1871,2025,inflation_adjusted,start,0.8,,,,,,50,50,10,52,54,2,3.8,0.0,0.0,1871 1872 1873 1874 1875 1876 1877 1878 1879 1880 1881 1882 1883 1884 1885 1886 1887 1888 1889 1890 1891 1892 1893 1894 1950 1952 1953 1954 1955 1956 1957 1958 1959 1960 1961 1962 1963 1964 1965 1966 1967 1968 1969 1970 1971 1972 1973 1974 1975 1976
germany,1871,2025,inflation_adjusted,start,0.8,,,,,,50,50,11,52,54,1,1.9,0.0,0.0,1871 1872 1873 1874 1875 1876 1877 1878 1879 1880 1881 1882 1883 1884 1885 1886 1887 1888 1889 1890 1891 1892 1893 1894 1950 1951 1952 1953 1954 1955 1956 1957 1958 1959 1960 1961 1962 1963 1964 1965 1966 1967 1968 1969 1970 1971 1972 1973 1974 1975 1976
germany,1871,2025,inflation_adjusted,start,0.8,,,,,,50,50,12,52,54,1,1.9,0.0,0.0,1871 1872 1873 1874 1875 1876 1877 1878 1879 1880 1881 1882 1883 1884 1885 1886 1887 1888 1889 1890 1891 1892 1893 1894 1950 1951 1952 1953 1954 1955 1956 1957 1958 1959 1960 1961 1962 1963 1964 1965 1966 1967 1968 1969 1970 1971 1972 1973 1974 1975 1976
germany,1871,2025,inflation_adjusted,start,0.8,,,,,,50,25,3,52,54,33,63.5,3557.0,0.0,1876 1877 1878 1879 1880 1881 1882 1883 1884 1885 1886 1887 1888 1889 1890 1891 1892 1893 1894
germany,1871,2025,inflation_adjusted,start,0.8,,,,,,50,25,4,52,54,18,34.6,0.0,0.0,1872 1873 1874 1875 1876 1877 1878 1879 1880 1881 1882 1883 1884 1885 1886 1887 1888 1889 1890 1891 1892 1893 1894 1960 1961 1962 1963 1964 1965 1966 1968 1969 1970 1971
germany,1871,2025,inflation_adjusted,start,0.8,,,,,,50,25,5,52,54,6,11.5,0.0,0.0,1871 1872 1873 1874 1875 1876 1877 1878 1879 1880 1881 1882 1883 1884 1885 1886 1887 1888 1889 1890 1891 1892 1893 1894 1955 1956 1957 1958 1959 1960 1961 1962 1963 1964 1965 1966 1967 1968 1969 1970 1971 1972 1973 1974 1975 1976
germany,1871,2025,inflation_adjusted,start,0.8,,,,,,50,25,6,52,54,3,5.8,0.0,0.0,1871 1872 1873 1874 1875 1876 1877 1878 1879 1880 1881 1882 1883 1884 1885 1886 1887 1888 1889 1890 1891 1892 1893 1894 1952 1953 1954 1955 1956 1957 1958 1959 1960 1961 1962 1963 1964 1965 1966 1967 1968 1969 1970 1971 1972 1973 1974 1975 1976
germany,1871,2025,inflation_adjusted,start,0.8,,,,,,50,25,7,52,54,1,1.9,0.0,0.0,1871 1872 1873 1874 1875 1876 1877 1878 1879 1880 1881 1882 1883 1884 1885 1886 1887 1888 1889 1890 1891 1892 1893 1894 1950 1951 1952 1953 1954 1955 1956 1957 1958 1959 1960 1961 1962 1963 1964 1965 1966 1967 1968 1969 1970 1971 1972 1973 1974 1975 1976
germany,1871,2025,inflation_adjusted,start,0.8,,,,,,50,25,8,52,54,0,0.0,0.0,0.0,1871 1872 1873 1874 1875 1876 1877 1878 1879 1880 1881 1882 1883 1884 1885 1886 1887 1888 1889 1890 1891 1892 1893 1894 1949 1950 1951 1952 1953 1954 1955 1956 1957 1958 1959 1960 1961 1962 1963 1964 1965 1966 1967 1968 1969 1970 1971 1972 1973 1974 1975 1976
germany,1871,2025,inflation_adjusted,start,0.8,,,,,,50,25,9,52,54,0,0.0,0.0,0.0,1871 1872 1873 1874 1875 1876 1877 1878 1879 1880 1881 1882 1883 1884 1885 1886 1887 1888 1889 1890 1891 1892 1893 1894 1949 1950 1951 1952 1953 1954 1955 1956 1957 1958 1959 1960 1961 1962 1963 1964 1965 1966 1967 1968 1969 1970 1971 1972 1973 1974 1975 1976
germany,1871,2025,inflation_adjusted,start,0.8,,,,,,50,25,10,52,54,0,0.0,0.0,0.0,1871 1872 1873 1874 1875 1876 1877 1878 1879 1880 1881 1882 1883 1884 1885 1886 1887 1888 1889 1890 1891 1892 1893 1894 1949 1950 1951 1952 1953 1954 1955 1956 1957 1958 1959 1960 1961 1962 1963 1964 1965 1966 1967 1968 1969 1970 1971 1972 1973 1974 1975 1976
germany,1871,2025,inflation_adjusted,start,0.8,,,,,,50,25,11,52,54,0,0.0,0.0,0.0,1871 1872 1873 1874 1875 1876 1877 1878 1879 1880 1881 1882 1883 1884 1885 1886 1887 1888 1889 1890 1891 1892 1893 1894 1949 1950 1951 1952 1953 1954 1955 1956 1957 1958 1959 1960 1961 1962 1963 1964 1965 1966 1967 1968 1969 1970 1971 1972 1973 1974 1975 1976
germany,1871,2025,inflation_adjusted,start,0.8,,,,,,50,25,12,52,54,0,0.0,0.0,0.0,1871 1872 1873 1874 1875 1876 1877 1878 1879 1880 1881 1882 1883 1884 1885 1886 1887 1888 1889 1890 1891 1892 1893 1894 1949 1950 1951 1952 1953 1954 1955 1956 1957 1958 1959 1960 1961 1962 1963 1964 1965 1966 1967 1968 1969 1970 1971 1972 1973 1974 1975 1976
germany,1871,2025,inflation_adjusted,start,0.8,,,,,,50,0,3,52,54,31,59.6,1226.0,0.0,1874 1875 1876 1877 1878 1879 1880 1881 1882 1883 1884 1885 1886 1887 1888 1889 1890 1891 1892 1893 1894
germany,1871,2025,inflation_adjusted,start,0.8,,,,,,50,0,4,52,54,1,1.9,0.0,0.0,1871 1872 1873 1874 1875 1876 1877 1878 1879 1880 1881 1882 1883 1884 1885 1886 1887 1888 1889 1890 1891 1892 1893 1894 1949 1950 1951 1952 1953 1954 1955 1956 1957 1958 1959 1960 1961 1962 1963 1964 1965 1966 1967 1968 1969 1970 1971 1972 1973 1974 1976
germany,1871,2025,inflation_adjusted,start,0.8,,,,,,50,0,5,52,54,0,0.0,0.0,0.0,1871 1872 1873 1874 1875 1876 1877 1878 1879 1880 1881 1882 1883 1884 1885 1886 1887 1888 1889 1890 1891 1892 1893 1894 1949 1950 1951 1952 1953 1954 1955 1956 1957 1958 1959 1960 1961 1962 1963 1964 1965 1966 1967 1968 1969 1970 1971 1972 1973 1974 1975 1976
germany,1871,2025,inflation_adjusted,start,0.8,,,,,,50,0,6,52,54,0,0.0,0.0,0.0,1871 1872 1873 1874 1875 1876 1877 1878 1879 1880 1881 1882 1883 1884 1885 1886 1887 1888 1889 1890 1891 1892 1893 1894 1949 1950 1951 1952 1953 1954 1955 1956 1957 1958 1959 1960 1961 1962 1963 1964 1965 1966 1967 1968 1969 1970 1971 1972 1973 1974 1975 1976
germany,1871,2025,inflation_adjusted,start,0.8,,,,,,50,0,7,52,54,0,0.0,0.0,0.0,1871 1872 1873 1874 1875 1876 1877 1878 1879 1880 1881 1882 1883 1884 1885 1886 1887 1888 1889 1890 1891 1892 1893 1894 1949 1950 1951 1952 1953 1954 1955 1956 1957 1958 1959 1960 1961 1962 1963 1964 1965 1966 1967 1968 1969 1970 1971 1972 1973 1974 1975 1976
germany,1871,2025,inflation_adjusted,start,0.8,,,,,,50,0,8,52,54,0,0.0,0.0,0.0,1871 1872 1873 1874 1875 1876 1877 1878 1879 1880 1881 1882 1883 1884 1885 1886 1887 1888 1889 1890 1891 1892 1893 1894 1949 1950 1951 1952 1953 1954 1955 1956 1957 1958 1959 1960 1961 1962 1963 1964 1965 1966 1967 1968 1969 1970 1971 1972 1973 1974 1975 1976
germany,1871,2025,inflation_adjusted,start,0.8,,,,,,50,0,9,52,54,0,0.0,0.0,0.0,1871 1872 1873 1874 1875 1876 1877 1878 1879 1880 1881 1882 1883 1884 1885 1886 1887 1888 1889 1890 1891 1892 1893 1894 1949 1950 1951 1952 1953 1954 1955 1956 1957 1958 1959 1960 1961 1962 1963 1964 1965 1966 1967 1968 1969 1970 1971 1972 1973 1974 1975 1976
germany,1871,2025,inflation_adjusted,start,0.8,,,,,,50,0,10,52,54,0,0.0,0.0,0.0,1871 1872 1873 1874 1875 1876 1877 1878 1879 1880 1881 1882 1883 1884 1885 1886 1887 1888 1889 1890 1891 1892 1893 1894 1949 1950 1951 1952 1953 1954 1955 1956 1957 1958 1959 1960 1961 1962 1963 1964 1965 1966 1967 1968 1969 1970 1971 1972 1973 1974 1975 1976
germany,1871,2025,inflation_adjusted,start,0.8,,,,,,50,0,11,52,54,0,0.0,0.0,0.0,1871 1872 1873 1874 1875 1876 1877 1878 1879 1880 1881 1882 1883 1884 1885 1886 1887 1888 1889 1890 1891 1892 1893 1894 1949 1950 1951 1952 1953 1954 1955 1956 1957 1958 1959 1960 1961 1962 1963 1964 1965 1966 1967 1968 1969 1970 1971 1972 1973 1974 1975 1976
germany,1871,2025,inflation_adjusted,start,0.8,,,,,,50,0,12,52,54,0,0.0,0.0,0.0,1871 1872 1873 1874 1875 1876 1877 1878 1879 1880 1881 1882 1883 1884 1885 1886 1887 1888 1889 1890 1891 1892 1893 1894 1949 1950 1951 1952 1953 1954 1955 1956 1957 1958 1959 1960 1961 1962 1963 1964 1965 1966 1967 1968 1969 1970 1971 1972 1973 1974 1975 1976
germany,1871,2025,inflation_adjusted,start,0.8,,,,,,60,100,3,96,0,32,33.3,0.0,0.0,1882 1883 1884 1885 1886 1887 1888 1889 1890 1891 1892 1893 1894 1895 1896 1897 1898 1899 1900 1901 1902 1903 1904 1905 1906 1907 1908 1909 1910 1911 1912 1913 1914 1915 1916 1917 1918 1919 1920 1921 1922 1923 1924 1925 1927 1928 1929 1930 1936 1937 1938 1939 1940 1941 1942 1943 1944 1945 1946 1947 1948 1960 1961 1962
germany,1871,2025,inflation_adjusted,start,0.8,,,,,,60,100,4,96,0,19,19.8,0.0,0.0,1872 1873 1880 1881 1882 1883 1884 1885 1886 1887 1888 1889 1890 1891 1892 1893 1894 1895 1896 1897 1898 1899 1900 1901 1902 1903 1904 1905 1906 1907 1908 1909 1910 1911 1912 1913 1914 1915 1916 1917 1918 1919 1920 1921 1922 1923 1924 1925 1926 1927 1928 1929 1930 1931 1933 1934 1935 1936 1937 1938 1939 1940 1941 1942 1943 1944 1945 1946 1947 1948 1960 1961 1962 1963 1964 1965 1966
germany,1871,2025,inflation_adjusted,start,0.8,,,,,,60,100,5,96,0,10,10.4,0.0,0.0,1871 1872 1873 1874 1875 1876 1877 1878 1879 1880 1881 1882 1883 1884 1885 1886 1887 1888 1889 1890 1891 1892 1893 1894 1895 1896 1897 1898 1899 1900 1901 1902 1903 1904 1905 1906 1907 1908 1909 1910 1911 1912 1913 1914 1915 1916 1917 1918 1919 1920 1921 1922 1923 1924 1925 1926 1927 1928 1929 1930 1931 1932 1933 1934 1935 1936 1937 1938 1939 1940 1941 1942 1943 1944 1945 1946 1947 1948 1959 1960 1961 1962 1963 1964 1965 1966
germany,1871,2025,inflation_adjusted,start,0.8,,,,,,60,100,6,96,0,10,10.4,0.0,0.0,1871 1872 1873 1874 1875 1876 1877 1878 1879 1880 1881 1882 1883 1884 1885 1886 1887 1888 1889 1890 1891 1892 1893 1894 1895 1896 1897 1898 1899 1900 1901 1902 1903 1904 1905 1906 1907 1908 1909 1910 1911 1912 1913 1914 1915 1916 1917 1918 1919 1920 1921 1922 1923 1924 1925 1926 1927 1928 1929 1930 1931 1932 1933 1934 1935 1936 1937 1938 1939 1940 1941 1942 1943 1944 1945 1946 1947 1948 1959 1960 1961 1962 1963 1964 1965 1966
germany,1871,2025,inflation_adjusted,start,0.8,,,,,,60,100,7,96,0,8,8.3,0.0,0.0,1871 1872 1873 1874 1875 1876 1877 1878 1879 1880 1881 1882 1883 1884 1885 1886 1887 1888 1889 1890 1891 1892 1893 1894 1895 1896 1897 1898 1899 1900 1901 1902 1903 1904 1905 1906 1907 1908 1909 1910 1911 1912 1913 1914 1915 1916 1917 1918 1919 1920 1921 1922 1923 1924 1925 1926 1927 1928 1929 1930 1931 1932 1933 1934 1935 1936 1937 1938 1939 1940 1941 1942 1943 1944 1945 1946 1947 1948 1955 1956 1959 1960 1961 1962 1963 1964 1965 1966
germany,1871,2025,inflation_adjusted,start,0.8,,,,,,60,100,8,96,0,6,6.2,0.0,0.0,1871 1872 1873 1874 1875 1876 1877 1878 1879 1880 1881 1882 1883 1884 1885 1886 1887 1888 1889 1890 1891 1892 1893 1894 1895 1896 1897 1898 1899 1900 1901 1902 1903 1904 1905 1906 1907 1908 1909 1910 1911 1912 1913 1914 1915 1916 1917 1918 1919 1920 1921 1922 1923 1924 1925 1926 1927 1928 1929 1930 1931 1932 1933 1934 1935 1936 1937 1938 1939 1940 1941 1942 1943 1944 1945 1946 1947 1948 1955 1956 1957 1958 1959 1960 1961 1962 1963 1964 1965 1966
germany,1871,2025,inflation_adjusted,start,0.8,,,,,,60,100,9,96,0,6,6.2,0.0,0.0,1871 1872 1873 1874 1875 1876 1877 1878 1879 1880 1881 1882 1883 1884 1885 1886 1887 1888 1889 1890 1891 1892 1893 1894 1895 1896 1897 1898 1899 1900 1901 1902 1903 1904 1905 1906 1907 1908 1909 1910 1911 1912 1913 1914 1915 1916 1917 1918 1919 1920 1921 1922 1923 1924 1925 1926 1927 1928 1929 1930 1931 1932 1933 1934 1935 1936 1937 1938 1939 1940 1941 1942 1943 1944 1945 1946 1947 1948 1955 1956 1957 1958 1959 1960 1961 1962 1963 1964 1965 1966
germany,1871,2025,inflation_adjusted,start,0.8,,,,,,60,100,10,96,0,6,6.2,0.0,0.0,1871 1872 1873 1874 1875 1876 1877 1878 1879 1880 1881 1882 1883 1884 1885 1886 1887 1888 1889 1890 1891 1892 1893 1894 1895 1896 1897 1898 1899 1900 1901 1902 1903 1904 1905 1906 1907 1908 1909 1910 1911 1912 1913 1914 1915 1916 1917 1918 1919 1920 1921 1922 1923 1924 1925 1926 1927 1928 1929 1930 1931 1932 1933 1934 1935 1936 1937 1938 1939 1940 1941 1942 1943 1944 1945 1946 1947 1948 1955 1956 1957 1958 1959 1960 1961 1962 1963 1964 1965 1966
germany,1871,2025,inflation_adjusted,start,0.8,,,,,,60,100,11,96,0,5,5.2,0.0,0.0,1871 1872 1873 1874 1875 1876 1877 1878 1879 1880 1881 1882 1883 1884 1885 1886 1887 1888 1889 1890 1891 1892 1893 1894 1895 1896 1897 1898 1899 1900 1901 1902 1903 1904 1905 1906 1907 1908 1909 1910 1911 1912 1913 1914 1915 1916 1917 1918 1919 1920 1921 1922 1923 1924 1925 1926 1927 1928 1929 1930 1931 1932 1933 1934 1935 1936 1937 1938 1939 1940 1941 1942 1943 1944 1945 1946 1947 1948 1954 1955 1956 1957 1958 1959 1960 1961 1962 1963 1964 1965 1966
germany,1871,2025,inflation_adjusted,start,0.8,,,,,,60,100,12,96,0,4,4.2,0.0,0.0,1871 1872 1873 1874 1875 1876 1877 1878 1879 1880 1881 1882 1883 1884 1885 1886 1887 1888 1889 1890 1891 1892 1893 1894 1895 1896 1897 1898 1899 1900 1901 1902 1903 1904 1905 1906 1907 1908 1909 1910 1911 1912 1913 1914 1915 1916 1917 1918 1919 1920 1921 1922 1923 1924 1925 1926 1927 1928 1929 1930 1931 1932 1933 1934 1935 1936 1937 1938 1939 1940 1941 1942 1943 1944 1945 1946 1947 1948 1953 1954 1955 1956 1957 1958 1959 1960 1961 1962 1963 1964 1965 1966
germany,1871,2025,inflation_adjusted,start,0.8,,,,,,60,75,3,32,64,23,71.9,47547.0,0.0,1873 1879 1880 1881 1882 1883 1884 1961 1962
germany,1871,2025,inflation_adjusted,start,0.8,,,,,,60,75,4,32,64,11,34.4,0.0,0.0,1871 1872 1873 1874 1875 1876 1877 1878 1879 1880 1881 1882 1883 1884 1960 1961 1962 1963 1964 1965 1966
germany,1871,2025,inflation_adjusted,start,0.8,,,,,,60,75,5,32,64,10,31.2,0.0,0.0,1871 1872 1873 1874 1875 1876 1877 1878 1879 1880 1881 1882 1883 1884 1959 1960 1961 1962 1963 1964 1965 1966
germany,1871,2025,inflation_adjusted,start,0.8,,,,,,60,75,6,32,64,8,25.0,0.0,0.0,1871 1872 1873 1874 1875 1876 1877 1878 1879 1880 1881 1882 1883 1884 1955 1956 1959 1960 1961 1962 1963 1964 1965 1966
germany,1871,2025,inflation_adjusted,start,0.8,,,,,,60,75,7,32,64,6,18.8,0.0,0.0,1871 1872 1873 1874 1875 1876 1877 1878 1879 1880 1881 1882 1883 1884 1955 1956 1957 1958 1959 1960 1961 1962 1963 1964 1965 1966
germany,1871,2025,inflation_adjusted,start,0.8,,,,,,60,75,8,32,64,6,18.8,0.0,0.0,1871 1872 1873 1874 1875 1876 1877 1878 1879 1880 1881 1882 1883 1884 1955 1956 1957 1958 1959 1960 1961 1962 1963 1964 1965 1966
germany,1871,2025,inflation_adjusted,start,0.8,,,,,,60,75,9,32,64,5,15.6,0.0,0.0,1871 1872 1873 1874 1875 1876 1877 1878 1879 1880 1881 1882 1883 1884 1954 1955 1956 1957 1958 1959 1960 1961 1962 1963 1964 1965 1966
germany,1871,2025,inflation_adjusted,start,0.8,,,,,,60,75,10,32,64,3,9.4,0.0,0.0,1871 1872 1873 1874 1875 1876 1877 1878 1879 1880 1881 1882 1883 1884 1952 1953 1954 1955 1956 1957 1958 1959 1960 1961 1962 1963 1964 1965 1966
germany,1871,2025,inflation_adjusted,start,0.8,,,,,,60,75,11,32,64,3,9.4,0.0,0.0,1871 1872 1873 1874 1875 1876 1877 1878 1879 1880 1881 1882 1883 1884 1952 1953 1954 1955 1956 1957 1958 1959 1960 1961 1962 1963 1964 1965 1966
germany,1871,2025,inflation_adjusted,start,0.8,,,,,,60,75,12,32,64,3,9.4,0.0,0.0,1871 1872 1873 1874 1875 1876 1877 1878 1879 1880 1881 1882 1883 1884 1952 1953 1954 1955 1956 1957 1958 1959 1960 1961 1962 1963 1964 1965 1966
germany,1871,2025,inflation_adjusted,start,0.8,,,,,,60,50,3,32,64,17,53.1,2263.0,0.0,1871 1872 1873 1874 1875 1876 1877 1878 1879 1880 1881 1882 1883 1884 1961
germany,1871,2025,inflation_adjusted,start,0.8,,,,,,60,50,4,32,64,11,34.4,0.0,0.0,1871 1872 1873 1874 1875 1876 1877 1878 1879 1880 1881 1882 1883 1884 1960 1961 1962 1963 1964 1965 1966
germany,1871,2025,inflation_adjusted,start,0.8,,,,,,60,50,5,32,64,8,25.0,0.0,0.0,1871 1872 1873 1874 1875 1876 1877 1878 1879 1880 1881 1882 1883 1884 1955 1956 1959 1960 1961 1962 1963 1964 1965 1966
germany,1871,2025,inflation_adjusted,start,0.8,,,,,,60,50,6,32,64,6,18.8,0.0,0.0,1871 1872 1873 1874 1875 1876 1877 1878 1879 1880 1881 1882 1883 1884 1955 1956 1957 1958 1959 1960 1961 1962 1963 1964 1965 1966
germany,1871,2025,inflation_adjusted,start,0.8,,,,,,60,50,7,32,64,5,15.6,0.0,0.0,1871 1872 1873 1874 1875 1876 1877 1878 1879 1880 1881 1882 1883 1884 1954 1955 1956 1957 1958 1959 1960 1961 1962 1963 1964 1965 1966
germany,1871,2025,inflation_adjusted,start,0.8,,,,,,60,50,8,32,64,3,9.4,0.0,0.0,1871 1872 1873 1874 1875 1876 1877 1878 1879 1880 1881 1882 1883 1884 1952 1953 1954 1955 1956 1957 1958 1959 1960 1961 1962 1963 1964 1965 1966
germany,1871,2025,inflation_adjusted,start,0.8,,,,,,60,50,9,32,64,3,9.4,0.0,0.0,1871 1872 1873 1874 1875 1876 1877 1878 1879 1880 1881 1882 1883 1884 1952 1953 1954 1955 1956 1957 1958 1959 1960 1961 1962 1963 1964 1965 1966
germany,1871,2025,inflation_adjusted,start,0.8,,,,,,60,50,10,32,64,1,3.1,0.0,0.0,1871 1872 1873 1874 1875 1876 1877 1878 1879 1880 1881 1882 1883 1884 1950 1951 1952 1953 1954 1955 1956 1957 1958 1959 1960 1961 1962 1963 1964 1965 1966
germany,1871,2025,inflation_adjusted,start,0.8,,,,,,60,50,11,32,64,1,3.1,0.0,0.0,1871 1872 1873 1874 1875 1876 1877 1878 1879 1880 1881 1882 1883 1884 1950 1951 1952 1953 1954 1955 1956 1957 1958 1959 1960 1961 1962 1963 1964 1965 1966
germany,1871,2025,inflation_adjusted,start,0.8,,,,,,60,50,12,32,64,1,3.1,0.0,0.0,1871 1872 1873 1874 1875 1876 1877 1878 1879 1880 1881 1882 1883 1884 1950 1951 1952 1953 1954 1955 1956 1957 1958 1959 1960 1961 1962 1963 1964 1965 1966
germany,1871,2025,inflation_adjusted,start,0.8,,,,,,60,25,3,32,64,18,56.2,1884.0,0.0,1871 1872 1873 1874 1875 1876 1877 1878 1879 1880 1881 1882 1883 1884
germany,1871,2025,inflation_adjusted,start,0.8,,,,,,60,25,4,32,64,9,28.1,0.0,0.0,1871 1872 1873 1874 1875 1876 1877 1878 1879 1880 1881 1882 1883 1884 1956 1959 1960 1961 1962 1963 1964 1965 1966
germany,1871,2025,inflation_adjusted,start,0.8,,,,,,60,25,5,32,64,5,15.6,0.0,0.0,1871 1872 1873 1874 1875 1876 1877 1878 1879 1880 1881 1882 1883 1884 1954 1955 1956 1957 1958 1959 1960 1961 1962 1963 1964 1965 1966
germany,1871,2025,inflation_adjusted,start,0.8,,,,,,60,25,6,32,64,1,3.1,0.0,0.0,1871 1872 1873 1874 1875 1876 1877 1878 1879 1880 1881 1882 1883 1884 1950 1951 1952 1953 1954 1955 1956 1957 1958 1959 1960 1961 1962 1963 1964 1965 1966
germany,1871,2025,inflation_adjusted,start,0.8,,,,,,60,25,7,32,64,1,3.1,0.0,0.0,1871 1872 1873 1874 1875 1876 1877 1878 1879 1880 1881 1882 1883 1884 1950 1951 1952 1953 1954 1955 1956 1957 1958 1959 1960 1961 1962 1963 1964 1965 1966
germany,1871,2025,inflation_adjusted,start,0.8,,,,,,60,25,8,32,64,0,0.0,0.0,0.0,1871 1872 1873 1874 1875 1876 1877 1878 1879 1880 1881 1882 1883 1884 1949 1950 1951 1952 1953 1954 1955 1956 1957 1958 1959 1960 1961 1962 1963 1964 1965 1966
germany,1871,2025,inflation_adjusted,start,0.8,,,,,,60,25,9,32,64,0,0.0,0.0,0.0,1871 1872 1873 1874 1875 1876 1877 1878 1879 1880 1881 1882 1883 1884 1949 1950 1951 1952 1953 1954 1955 1956 1957 1958 1959 1960 1961 1962 1963 1964 1965 1966
germany,1871,2025,inflation_adjusted,start,0.8,,,,,,60,25,10,32,64,0,0.0,0.0,0.0,1871 1872 1873 1874 1875 1876 1877 1878 1879 1880 1881 1882 1883 1884 1949 1950 1951 1952 1953 1954 1955 1956 1957 1958 1959 1960 1961 1962 1963 1964 1965 1966
germany,1871,2025,inflation_adjusted,start,0.8,,,,,,60,25,11,32,64,0,0.0,0.0,0.0,1871 1872 1873 1874 1875 1876 1877 1878 1879 1880 1881 1882 1883 1884 1949 1950 1951 1952 1953 1954 1955 1956 1957 1958 1959 1960 1961 1962 1963 1964 1965 1966
germany,1871,2025,inflation_adjusted,start,0.8,,,,,,60,25,12,32,64,0,0.0,0.0,0.0,1871 1872 1873 1874 1875 1876 1877 1878 1879 1880 1881 1882 1883 1884 1949 1950 1951 1952 1953 1954 1955 1956 1957 1958 1959 1960 1961 1962 1963 1964 1965 1966
germany,1871,2025,inflation_adjusted,start,0.8,,,,,,60,0,3,32,64,16,50.0,153.0,0.0,1871 1872 1873 1874 1875 1876 1877 1878 1879 1880 1881 1882 1883 1884 1951 1956
germany,1871,2025,inflation_adjusted,start,0.8,,,,,,60,0,4,32,64,0,0.0,0.0,0.0,1871 1872 1873 1874 1875 1876 1877 1878 1879 1880 1881 1882 1883 1884 1949 1950 1951 1952 1953 1954 1955 1956 1957 1958 1959 1960 1961 1962 1963 1964 1965 1966
germany,1871,2025,inflation_adjusted,start,0.8,,,,,,60,0,5,32,64,0,0.0,0.0,0.0,1871 1872 1873 1874 1875 1876 1877 1878 1879 1880 1881 1882 1883 1884 1949 1950 1951 1952 1953 1954 1955 1956 1957 1958 1959 1960 1961 1962 1963 1964 1965 1966
germany,1871,2025,inflation_adjusted,start,0.8,,,,,,60,0,6,32,64,0,0.0,0.0,0.0,1871 1872 1873 1874 1875 1876 1877 1878 1879 1880 1881 1882 1883 1884 1949 1950 1951 1952 1953 1954 1955 1956 1957 1958 1959 1960 1961 1962 1963 1964 1965 1966
germany,1871,2025,inflation_adjusted,start,0.8,,,,,,60,0,7,32,64,0,0.0,0.0,0.0,1871 1872 1873 1874 1875 1876 1877 1878 1879 1880 1881 1882 1883 1884 1949 1950 1951 1952 1953 1954 1955 1956 1957 1958 1959 1960 1961 1962 1963 1964 1965 1966
germany,1871,2025,inflation_adjusted,start,0.8,,,,,,60,0,8,32,64,0,0.0,0.0,0.0,1871 1872 1873 1874 1875 1876 1877 1878 1879 1880 1881 1882 1883 1884 1949 1950 1951 1952 1953 1954 1955 1956 1957 1958 1959 1960 1961 1962 1963 1964 1965 1966
germany,1871,2025,inflation_adjusted,start,0.8,,,,,,60,0,9,32,64,0,0.0,0.0,0.0,1871 1872 1873 1874 1875 1876 1877 1878 1879 1880 1881 1882 1883 1884 1949 1950 1951 1952 1953 1954 1955 1956 1957 1958 1959 1960 1961 1962 1963 1964 1965 1966
germany,1871,2025,inflation_adjusted,start,0.8,,,,,,60,0,10,32,64,0,0.0,0.0,0.0,1871 1872 1873 1874 1875 1876 1877 1878 1879 1880 1881 1882 1883 1884 1949 1950 1951 1952 1953 1954 1955 1956 1957 1958 1959 1960 1961 1962 1963 1964 1965 1966
germany,1871,2025,inflation_adjusted,start,0.8,,,,,,60,0,11,32,64,0,0.0,0.0,0.0,1871 1872 1873 1874 1875 1876 1877 1878 1879 1880 1881 1882 1883 1884 1949 1950 1951 1952 1953 1954 1955 1956 1957 1958 1959 1960 1961 1962 1963 1964 1965 1966
germany,1871,2025,inflation_adjusted,start,0.8,,,,,,60,0,12,32,64,0,0.0,0.0,0.0,1871 1872 1873 1874 1875 1876 1877 1878 1879 1880 1881 1882 1883 1884 1949 1950 1951 1952 1953 1954 1955 1956 1957 1958 1959 1960 1961 1962 1963 1964 1965 1966
germany,1871,2025,nominal,start,0.8,,,,,,15,100,3,141,0,139,98.6,1760.0,0.0,1944 1945
germany,1871,2025,nominal,start,0.8,,,,,,15,100,4,141,0,134,95.0,1486.0,0.0,1941 1942 1943 1944 1945 1946 1948
germany,1871,2025,nominal,start,0.8,,,,,,15,100,5,141,0,128,90.8,1268.0,0.0,1927 1928 1929 1938 1940 1941 1942 1943 1944 1945 1946 1947 1948
germany,1871,2025,nominal,start,0.8,,,,,,15,100,6,141,0,124,87.9,1034.0,0.0,1927 1928 1929 1930 1937 1938 1939 1940 1941 1942 1943 1944 1945 1946 1947 1948 2000
germany,1871,2025,nominal,start,0.8,,,,,,15,100,7,141,0,116,82.3,772.0,0.0,1924 1925 1927 1928 1929 1930 1937 1938 1939 1940 1941 1942 1943 1944 1945 1946 1947 1948 1961 1962 1970 1999 2000 2001 2008
germany,1871,2025,nominal,start,0.8,,,,,,15,100,8,141,0,109,77.3,513.0,0.0,1873 1924 1925 1927 1928 1929 1930 1936 1937 1938 1939 1940 1941 1942 1943 1944 1945 1946 1947 1948 1961 1962 1965 1969 1970 1998 1999 2000 2001 2002 2007 2008
germany,1871,2025,nominal,start,0.8,,,,,,15,100,9,141,0,94,66.7,204.0,0.0,1872 1873 1874 1882 1890 1898 1899 1900 1924 1925 1927 1928 1929 1930 1931 1935 1936 1937 1938 1939 1940 1941 1942 1943 1944 1945 1946 1947 1948 1960 1961 1962 1963 1964 1965 1968 1969 1970 1973 1987 1998 1999 2000 2001 2002 2007 2008
germany,1871,2025,nominal,start,0.8,,,,,,15,100,10,141,0,70,49.6,0.0,0.0,1872 1873 1874 1875 1881 1882 1883 1884 1885 1886 1887 1889 1890 1891 1895 1896 1897 1898 1899 1900 1901 1904 1905 1906 1907 1908 1924 1925 1926 1927 1928 1929 1930 1931 1935 1936 1937 1938 1939 1940 1941 1942 1943 1944 1945 1946 1947 1948 1960 1961 1962 1963 1964 1965 1966 1968 1969 1970 1971 1972 1973 1986 1987 1998 1999 2000 2001 2002 2006 2007 2008
germany,1871,2025,nominal,start,0.8,,,,,,15,100,11,141,0,52,36.9,0.0,0.0,1871 1872 1873 1874 1875 1880 1881 1882 1883 1884 1885 1886 1887 1888 1889 1890 1891 1892 1893 1894 1895 1896 1897 1898 1899 1900 1901 1902 1903 1904 1905 1906 1907 1908 1909 1910 1924 1925 1926 1927 1928 1929 1930 1931 1935 1936 1937 1938 1939 1940 1941 1942 1943 1944 1945 1946 1947 1948 1960 1961 1962 1963 1964 1965 1966 1968 1969 1970 1971 1972 1973 1976 1979 1986 1987 1990 1994 1997 1998 1999 2000 2001 2002 2004 2005 2006 2007 2008 2011
germany,1871,2025,nominal,start,0.8,,,,,,15,100,12,141,0,40,28.4,0.0,0.0,1871 1872 1873 1874 1875 1876 1877 1880 1881 1882 1883 1884 1885 1886 1887 1888 1889 1890 1891 1892 1893 1894 1895 1896 1897 1898 1899 1900 1901 1902 1903 1904 1905 1906 1907 1908 1909 1910 1911 1924 1925 1926 1927 1928 1929 1930 1931 1935 1936 1937 1938 1939 1940 1941 1942 1943 1944 1945 1946 1947 1948 1960 1961 1962 1963 1964 1965 1966 1967 1968 1969 1970 1971 1972 1973 1974 1975 1976 1977 1978 1979 1986 1987 1990 1992 1994 1995 1996 1997 1998 1999 2000 2001 2002 2004 2005 2006 2007 2008 2010 2011
germany,1871,2025,nominal,start,0.8,,,,,,15,75,3,122,19,122,100.0,1836.0,694.0,
germany,1871,2025,nominal,start,0.8,,,,,,15,75,4,122,19,122,100.0,1591.0,421.0,
germany,1871,2025,nominal,start,0.8,,,,,,15,75,5,122,19,122,100.0,1340.0,148.0,
germany,1871,2025,nominal,start,0.8,,,,,,15,75,6,122,19,119,97.5,1085.0,0.0,1927 1928 1929
germany,1871,2025,nominal,start,0.8,,,,,,15,75,7,122,19,117,95.9,856.0,0.0,1927 1928 1929 1961 2000
germany,1871,2025,nominal,start,0.8,,,,,,15,75,8,122,19,109,89.3,612.0,0.0,1873 1924 1925 1927 1928 1929 1961 1962 1970 1999 2000 2001 2008
germany,1871,2025,nominal,start,0.8,,,,,,15,75,9,122,19,87,71.3,279.0,0.0,1872 1873 1874 1882 1889 1890 1891 1896 1897 1898 1899 1900 1905 1906 1907 1924 1925 1927 1928 1929 1960 1961 1962 1963 1964 1965 1969 1970 1998 1999 2000 2001 2002 2007 2008
germany,1871,2025,nominal,start,0.8,,,,,,15,75,10,122,19,60,49.2,0.0,0.0,1872 1873 1874 1875 1880 1881 1882 1883 1884 1885 1886 1887 1888 1889 1890 1891 1892 1893 1894 1895 1896 1897 1898 1899 1900 1901 1902 1903 1904 1905 1906 1907 1908 1924 1925 1927 1928 1929 1960 1961 1962 1963 1964 1965 1966 1968 1969 1970 1971 1972 1973 1986 1987 1998 1999 2000 2001 2002 2006 2007 2008 2011
germany,1871,2025,nominal,start,0.8,,,,,,15,75,11,122,19,44,36.1,0.0,0.0,1871 1872 1873 1874 1875 1876 1877 1880 1881 1882 1883 1884 1885 1886 1887 1888 1889 1890 1891 1892 1893 1894 1895 1896 1897 1898 1899 1900 1901 1902 1903 1904 1905 1906 1907 1908 1909 1910 1911 1924 1925 1926 1927 1928 1929 1960 1961 1962 1963 1964 1965 1966 1968 1969 1970 1971 1972 1973 1976 1978 1979 1986 1987 1990 1994 1997 1998 1999 2000 2001 2002 2004 2005 2006 2007 2008 2010 2011
germany,1871,2025,nominal,start,0.8,,,,,,15,75,12,122,19,33,27.0,0.0,0.0,1871 1872 1873 1874 1875 1876 1877 1878 1879 1880 1881 1882 1883 1884 1885 1886 1887 1888 1889 1890 1891 1892 1893 1894 1895 1896 1897 1898 1899 1900 1901 1902 1903 1904 1905 1906 1907 1908 1909 1910 1911 1912 1924 1925 1926 1927 1928 1929 1960 1961 1962 1963 1964 1965 1966 1967 1968 1969 1970 1971 1972 1973 1974 1975 1976 1977 1978 1979 1986 1987 1990 1992 1994 1995 1996 1997 1998 1999 2000 2001 2002 2004 2005 2006 2007 2008 2009 2010 2011
germany,1871,2025,nominal,start,0.8,,,,,,15,50,3,122,19,122,100.0,1599.0,1001.0,
germany,1871,2025,nominal,start,0.8,,,,,,15,50,4,122,19,122,100.0,1382.0,738.0,
germany,1871,2025,nominal,start,0.8,,,,,,15,50,5,122,19,122,100.0,1148.0,470.0,
germany,1871,2025,nominal,start,0.8,,,,,,15,50,6,122,19,122,100.0,929.0,202.0,
germany,1871,2025,nominal,start,0.8,,,,,,15,50,7,122,19,120,98.4,703.0,0.0,1927 1929
germany,1871,2025,nominal,start,0.8,,,,,,15,50,8,122,19,116,95.1,486.0,0.0,1927 1928 1929 1961 1962 2000
germany,1871,2025,nominal,start,0.8,,,,,,15,50,9,122,19,79,64.8,238.0,0.0,1872 1873 1874 1882 1883 1884 1885 1887 1889 1890 1891 1895 1896 1897 1898 1899 1900 1901 1902 1903 1904 1905 1906 1907 1924 1925 1927 1928 1929 1960 1961 1962 1963 1964 1965 1969 1970 1998 1999 2000 2001 2007 2008
germany,1871,2025,nominal,start,0.8,,,,,,15,50,10,122,19,59,48.4,0.0,0.0,1872 1873 1874 1875 1880 1881 1882 1883 1884 1885 1886 1887 1888 1889 1890 1891 1892 1893 1894 1895 1896 1897 1898 1899 1900 1901 1902 1903 1904 1905 1906 1907 1908 1909 1924 1925 1927 1928 1929 1960 1961 1962 1963 1964 1965 1966 1968 1969 1970 1971 1972 1973 1987 1998 1999 2000 2001 2002 2006 2007 2008 2010 2011
germany,1871,2025,nominal,start,0.8,,,,,,15,50,11,122,19,38,31.1,0.0,0.0,1871 1872 1873 1874 1875 1876 1877 1878 1879 1880 1881 1882 1883 1884 1885 1886 1887 1888 1889 1890 1891 1892 1893 1894 1895 1896 1897 1898 1899 1900 1901 1902 1903 1904 1905 1906 1907 1908 1909 1910 1911 1924 1925 1926 1927 1928 1929 1960 1961 1962 1963 1964 1965 1966 1967 1968 1969 1970 1971 1972 1973 1976 1977 1978 1979 1986 1987 1990 1994 1996 1997 1998 1999 2000 2001 2002 2004 2005 2006 2007 2008 2009 2010 2011
germany,1871,2025,nominal,start,0.8,,,,,,15,50,12,122,19,26,21.3,0.0,0.0,1871 1872 1873 1874 1875 1876 1877 1878 1879 1880 1881 1882 1883 1884 1885 1886 1887 1888 1889 1890 1891 1892 1893 1894 1895 1896 1897 1898 1899 1900 1901 1902 1903 1904 1905 1906 1907 1908 1909 1910 1911 1912 1924 1925 1926 1927 1928 1929 1955 1956 1959 1960 1961 1962 1963 1964 1965 1966 1967 1968 1969 1970 1971 1972 1973 1974 1975 1976 1977 1978 1979 1986 1987 1989 1990 1991 1992 1993 1994 1995 1996 1997 1998 1999 2000 2001 2002 2003 2004 2005 2006 2007 2008 2009 2010 2011
germany,1871,2025,nominal,start,0.8,,,,,,15,25,3,122,19,122,100.0,1553.0,911.0,
germany,1871,2025,nominal,start,0.8,,,,,,15,25,4,122,19,122,100.0,1315.0,722.0,
germany,1871,2025,nominal,start,0.8,,,,,,15,25,5,122,19,122,100.0,1072.0,533.0,
germany,1871,2025,nominal,start,0.8,,,,,,15,25,6,122,19,122,100.0,835.0,344.0,
germany,1871,2025,nominal,start,0.8,,,,,,15,25,7,122,19,122,100.0,585.0,155.0,
germany,1871,2025,nominal,start,0.8,,,,,,15,25,8,122,19,117,95.9,328.0,0.0,1890 1896 1897 1898 1899
germany,1871,2025,nominal,start,0.8,,,,,,15,25,9,122,19,74,60.7,95.0,0.0,1872 1873 1874 1875 1881 1882 1883 1884 1885 1886 1887 1888 1889 1890 1891 1892 1893 1894 1895 1896 1897 1898 1899 1900 1901 1902 1903 1904 1905 1906 1907 1908 1927 1928 1929 1960 1961 1962 1964 1965 1999 2000 2001 2006 2007 2008 2010 2011
germany,1871,2025,nominal,start,0.8,,,,,,15,25,10,122,19,45,36.9,0.0,0.0,1871 1872 1873 1874 1875 1876 1877 1878 1879 1880 1881 1882 1883 1884 1885 1886 1887 1888 1889 1890 1891 1892 1893 1894 1895 1896 1897 1898 1899 1900 1901 1902 1903 1904 1905 1906 1907 1908 1909 1910 1924 1925 1927 1928 1929 1960 1961 1962 1963 1964 1965 1966 1968 1969 1970 1971 1972 1973 1978 1986 1987 1994 1997 1998 1999 2000 2001 2002 2003 2004 2005 2006 2007 2008 2009 2010 2011
germany,1871,2025,nominal,start,0.8,,,,,,15,25,11,122,19,30,24.6,0.0,0.0,1871 1872 1873 1874 1875 1876 1877 1878 1879 1880 1881 1882 1883 1884 1885 1886 1887 1888 1889 1890 1891 1892 1893 1894 1895 1896 1897 1898 1899 1900 1901 1902 1903 1904 1905 1906 1907 1908 1909 1910 1911 1924 1925 1926 1927 1928 1929 1955 1956 1959 1960 1961 1962 1963 1964 1965 1966 1967 1968 1969 1970 1971 1972 1973 1974 1976 1977 1978 1979 1986 1987 1988 1989 1990 1994 1995 1996 1997 1998 1999 2000 2001 2002 2003 2004 2005 2006 2007 2008 2009 2010 2011
germany,1871,2025,nominal,start,0.8,,,,,,15,25,12,122,19,16,13.1,0.0,0.0,1871 1872 1873 1874 1875 1876 1877 1878 1879 1880 1881 1882 1883 1884 1885 1886 1887 1888 1889 1890 1891 1892 1893 1894 1895 1896 1897 1898 1899 1900 1901 1902 1903 1904 1905 1906 1907 1908 1909 1910 1911 1912 1924 1925 1926 1927 1928 1929 1952 1953 1954 1955 1956 1957 1959 1960 1961 1962 1963 1964 1965 1966 1967 1968 1969 1970 1971 1972 1973 1974 1975 1976 1977 1978 1979 1980 1981 1983 1984 1985 1986 1987 1988 1989 1990 1991 1992 1993 1994 1995 1996 1997 1998 1999 2000 2001 2002 2003 2004 2005 2006 2007 2008 2009 2010 2011
germany,1871,2025,nominal,start,0.8,,,,,,15,0,3,122,19,122,100.0,1374.0,643.0,
germany,1871,2025,nominal,start,0.8,,,,,,15,0,4,122,19,122,100.0,1138.0,505.0,
germany,1871,2025,nominal,start,0.8,,,,,,15,0,5,122,19,122,100.0,906.0,366.0,
germany,1871,2025,nominal,start,0.8,,,,,,15,0,6,122,19,122,100.0,663.0,228.0,
germany,1871,2025,nominal,start,0.8,,,,,,15,0,7,122,19,122,100.0,433.0,68.0,
germany,1871,2025,nominal,start,0.8,,,,,,15,0,8,122,19,101,82.8,208.0,0.0,1887 1888 1889 1890 1893 1894 1895 1896 1897 1898 1899 1900 1901 1902 1903 1904 1905 1906 1907 2010 2011
germany,1871,2025,nominal,start,0.8,,,,,,15,0,9,122,19,58,47.5,0.0,0.0,1872 1873 1874 1875 1876 1877 1878 1879 1880 1881 1882 1883 1884 1885 1886 1887 1888 1889 1890 1891 1892 1893 1894 1895 1896 1897 1898 1899 1900 1901 1902 1903 1904 1905 1906 1907 1908 1909 1910 1911 1912 1949 1950 1951 1952 1953 1954 1955 1956 1960 1962 1998 1999 2001 2002 2003 2004 2005 2006 2007 2008 2009 2010 2011
germany,1871,2025,nominal,start,0.8,,,,,,15,0,10,122,19,23,18.9,0.0,0.0,1871 1872 1873 1874 1875 1876 1877 1878 1879 1880 1881 1882 1883 1884 1885 1886 1887 1888 1889 1890 1891 1892 1893 1894 1895 1896 1897 1898 1899 1900 1901 1902 1903 1904 1905 1906 1907 1908 1909 1910 1911 1912 1913 1914 1922 1923 1924 1925 1926 1927 1928 1929 1949 1950 1951 1952 1953 1954 1955 1956 1957 1958 1959 1960 1961 1962 1963 1964 1965 1966 1968 1969 1970 1971 1972 1977 1978 1979 1986 1987 1988 1989 1994 1996 1997 1998 1999 2000 2001 2002 2003 2004 2005 2006 2007 2008 2009 2010 2011
germany,1871,2025,nominal,start,0.8,,,,,,15,0,11,122,19,5,4.1,0.0,0.0,1871 1872 1873 1874 1875 1876 1877 1878 1879 1880 1881 1882 1883 1884 1885 1886 1887 1888 1889 1890 1891 1892 1893 1894 1895 1896 1897 1898 1899 1900 1901 1902 1903 1904 1905 1906 1907 1908 1909 1910 1911 1912 1913 1914 1915 1916 1917 1922 1923 1924 1925 1926 1927 1928 1929 1949 1950 1951 1952 1953 1954 1955 1956 1957 1958 1959 1960 1961 1962 1963 1964 1965 1966 1967 1968 1969 1970 1971 1972 1973 1974 1975 1976 1977 1978 1979 1980 1981 1983 1984 1985 1986 1987 1988 1989 1990 1991 1992 1993 1994 1995 1996 1997 1998 1999 2000 2001 2002 2003 2004 2005 2006 2007 2008 2009 2010 2011
germany,1871,2025,nominal,start,0.8,,,,,,15,0,12,122,19,1,0.8,0.0,0.0,1871 1872 1873 1874 1875 1876 1877 1878 1879 1880 1881 1882 1883 1884 1885 1886 1887 1888 1889 1890 1891 1892 1893 1894 1895 1896 1897 1898 1899 1900 1901 1902 1903 1904 1905 1906 1907 1908 1909 1910 1911 1912 1913 1914 1915 1916 1917 1918 1919 1921 1922 1923 1924 1925 1926 1927 1928 1929 1949 1950 1951 1952 1953 1954 1955 1956 1957 1958 1959 1960 1961 1962 1963 1964 1965 1966 1967 1968 1969 1970 1971 1972 1973 1974 1975 1976 1977 1978 1979 1980 1981 1982 1983 1984 1985 1986 1987 1988 1989 1990 1991 1992 1993 1994 1995 1996 1997 1998 1999 2000 2001 2002 2003 2004 2005 2006 2007 2008 2009 2010 2011
germany,1871,2025,nominal,start,0.8,,,,,,20,100,3,136,0,133,97.8,2304.0,0.0,1943 1944 1945
germany,1871,2025,nominal,start,0.8,,,,,,20,100,4,136,0,125,91.9,1861.0,0.0,1927 1929 1930 1941 1942 1943 1944 1945 1946 1947 1948
germany,1871,2025,nominal,start,0.8,,,,,,20,100,5,136,0,118,86.8,1471.0,0.0,1927 1928 1929 1930 1937 1938 1939 1940 1941 1942 1943 1944 1945 1946 1947 1948 1961 2000
germany,1871,2025,nominal,start,0.8,,,,,,20,100,6,136,0,110,80.9,1064.0,0.0,1924 1925 1927 1928 1929 1930 1931 1935 1936 1937 1938 1939 1940 1941 1942 1943 1944 1945 1946 1947 1948 1961 1962 1999 2000 2001
germany,1871,2025,nominal,start,0.8,,,,,,20,100,7,136,0,100,73.5,639.0,0.0,1872 1873 1924 1925 1927 1928 1929 1930 1931 1934 1935 1936 1937 1938 1939 1940 1941 1942 1943 1944 1945 1946 1947 1948 1960 1961 1962 1964 1965 1969 1970 1998 1999 2000 2001 2002
germany,1871,2025,nominal,start,0.8,,,,,,20,100,8,136,0,79,58.1,224.0,0.0,1872 1873 1874 1882 1883 1884 1885 1889 1890 1891 1896 1897 1898 1899 1900 1924 1925 1927 1928 1929 1930 1931 1932 1933 1934 1935 1936 1937 1938 1939 1940 1941 1942 1943 1944 1945 1946 1947 1948 1960 1961 1962 1963 1964 1965 1966 1968 1969 1970 1973 1987 1998 1999 2000 2001 2002 2006
germany,1871,2025,nominal,start,0.8,,,,,,20,100,9,136,0,56,41.2,0.0,0.0,1871 1872 1873 1874 1875 1880 1881 1882 1883 1884 1885 1886 1887 1888 1889 1890 1891 1892 1893 1895 1896 1897 1898 1899 1900 1901 1902 1903 1904 1905 1906 1924 1925 1926 1927 1928 1929 1930 1931 1932 1933 1934 1935 1936 1937 1938 1939 1940 1941 1942 1943 1944 1945 1946 1947 1948 1960 1961 1962 1963 1964 1965 1966 1968 1969 1970 1971 1972 1973 1986 1987 1990 1994 1997 1998 1999 2000 2001 2002 2006
germany,1871,2025,nominal,start,0.8,,,,,,20,100,10,136,0,41,30.1,0.0,0.0,1871 1872 1873 1874 1875 1876 1877 1880 1881 1882 1883 1884 1885 1886 1887 1888 1889 1890 1891 1892 1893 1894 1895 1896 1897 1898 1899 1900 1901 1902 1903 1904 1905 1906 1907 1908 1924 1925 1926 1927 1928 1929 1930 1931 1932 1933 1934 1935 1936 1937 1938 1939 1940 1941 1942 1943 1944 1945 1946 1947 1948 1960 1961 1962 1963 1964 1965 1966 1967 1968 1969 1970 1971 1972 1973 1974 1976 1978 1979 1986 1987 1990 1992 1994 1995 1996 1997 1998 1999 2000 2001 2002 2004 2005 2006
germany,1871,2025,nominal,start,0.8,,,,,,20,100,11,136,0,31,22.8,0.0,0.0,1871 1872 1873 1874 1875 1876 1877 1878 1879 1880 1881 1882 1883 1884 1885 1886 1887 1888 1889 1890 1891 1892 1893 1894 1895 1896 1897 1898 1899 1900 1901 1902 1903 1904 1905 1906 1907 1908 1909 1910 1924 1925 1926 1927 1928 1929 1930 1931 1932 1933 1934 1935 1936 1937 1938 1939 1940 1941 1942 1943 1944 1945 1946 1947 1948 1959 1960 1961 1962 1963 1964 1965 1966 1967 1968 1969 1970 1971 1972 1973 1974 1975 1976 1977 1978 1979 1986 1987 1989 1990 1991 1992 1993 1994 1995 1996 1997 1998 1999 2000 2001 2002 2004 2005 2006
germany,1871,2025,nominal,start,0.8,,,,,,20,100,12,136,0,28,20.6,0.0,0.0,1871 1872 1873 1874 1875 1876 1877 1878 1879 1880 1881 1882 1883 1884 1885 1886 1887 1888 1889 1890 1891 1892 1893 1894 1895 1896 1897 1898 1899 1900 1901 1902 1903 1904 1905 1906 1907 1908 1909 1910 1911 1924 1925 1926 1927 1928 1929 1930 1931 1932 1933 1934 1935 1936 1937 1938 1939 1940 1941 1942 1943 1944 1945 1946 1947 1948 1959 1960 1961 1962 1963 1964 1965 1966 1967 1968 1969 1970 1971 1972 1973 1974 1975 1976 1977 1978 1979 1980 1986 1987 1989 1990 1991 1992 1993 1994 1995 1996 1997 1998 1999 2000 2001 2002 2003 2004 2005 2006
germany,1871,2025,nominal,start,0.8,,,,,,20,75,3,112,24,112,100.0,2677.0,837.0,
germany,1871,2025,nominal,start,0.8,,,,,,20,75,4,112,24,112,100.0,2245.0,525.0,
germany,1871,2025,nominal,start,0.8,,,,,,20,75,5,112,24,112,100.0,1831.0,212.0,
germany,1871,2025,nominal,start,0.8,,,,,,20,75,6,112,24,110,98.2,1404.0,0.0,1961 2000
germany,1871,2025,nominal,start,0.8,,,,,,20,75,7,112,24,100,89.3,987.0,0.0,1873 1890 1899 1924 1960 1961 1962 1965 1970 1999 2000 2001
germany,1871,2025,nominal,start,0.8,,,,,,20,75,8,112,24,74,66.1,416.0,0.0,1872 1873 1874 1881 1882 1883 1884 1885 1886 1887 1888 1889 1890 1891 1895 1896 1897 1898 1899 1900 1901 1924 1960 1961 1962 1963 1964 1965 1966 1968 1969 1970 1998 1999 2000 2001 2002 2006
germany,1871,2025,nominal,start,0.8,,,,,,20,75,9,112,24,54,48.2,0.0,0.0,1871 1872 1873 1874 1875 1876 1880 1881 1882 1883 1884 1885 1886 1887 1888 1889 1890 1891 1892 1893 1894 1895 1896 1897 1898 1899 1900 1901 1902 1903 1904 1905 1906 1907 1924 1960 1961 1962 1963 1964 1965 1966 1968 1969 1970 1971 1972 1973 1986 1987 1994 1997 1998 1999 2000 2001 2002 2006
germany,1871,2025,nominal,start,0.8,,,,,,20,75,10,112,24,39,34.8,0.0,0.0,1871 1872 1873 1874 1875 1876 1877 1878 1879 1880 1881 1882 1883 1884 1885 1886 1887 1888 1889 1890 1891 1892 1893 1894 1895 1896 1897 1898 1899 1900 1901 1902 1903 1904 1905 1906 1907 1908 1924 1960 1961 1962 1963 1964 1965 1966 1967 1968 1969 1970 1971 1972 1973 1974 1976 1977 1978 1979 1986 1987 1990 1994 1995 1996 1997 1998 1999 2000 2001 2002 2004 2005 2006
germany,1871,2025,nominal,start,0.8,,,,,,20,75,11,112,24,29,25.9,0.0,0.0,1871 1872 1873 1874 1875 1876 1877 1878 1879 1880 1881 1882 1883 1884 1885 1886 1887 1888 1889 1890 1891 1892 1893 1894 1895 1896 1897 1898 1899 1900 1901 1902 1903 1904 1905 1906 1907 1908 1909 1910 1911 1924 1959 1960 1961 1962 1963 1964 1965 1966 1967 1968 1969 1970 1971 1972 1973 1974 1975 1976 1977 1978 1979 1986 1987 1989 1990 1991 1992 1993 1994 1995 1996 1997 1998 1999 2000 2001 2002 2003 2004 2005 2006
germany,1871,2025,nominal,start,0.8,,,,,,20,75,12,112,24,22,19.6,0.0,0.0,1871 1872 1873 1874 1875 1876 1877 1878 1879 1880 1881 1882 1883 1884 1885 1886 1887 1888 1889 1890 1891 1892 1893 1894 1895 1896 1897 1898 1899 1900 1901 1902 1903 1904 1905 1906 1907 1908 1909 1910 1911 1912 1924 1955 1956 1959 1960 1961 1962 1963 1964 1965 1966 1967 1968 1969 1970 1971 1972 1973 1974 1975 1976 1977 1978 1979 1980 1984 1985 1986 1987 1988 1989 1990 1991 1992 1993 1994 1995 1996 1997 1998 1999 2000 2001 2002 2003 2004 2005 2006
germany,1871,2025,nominal,start,0.8,,,,,,20,50,3,112,24,112,100.0,2534.0,1016.0,
germany,1871,2025,nominal,start,0.8,,,,,,20,50,4,112,24,112,100.0,2106.0,736.0,
germany,1871,2025,nominal,start,0.8,,,,,,20,50,5,112,24,112,100.0,1700.0,456.0,
germany,1871,2025,nominal,start,0.8,,,,,,20,50,6,112,24,112,100.0,1228.0,144.0,
germany,1871,2025,nominal,start,0.8,,,,,,20,50,7,112,24,99,88.4,779.0,0.0,1873 1889 1890 1896 1897 1898 1899 1900 1961 1962 1999 2000 2001
germany,1871,2025,nominal,start,0.8,,,,,,20,50,8,112,24,66,58.9,247.0,0.0,1872 1873 1874 1875 1880 1881 1882 1883 1884 1885 1886 1887 1888 1889 1890 1891 1892 1893 1894 1895 1896 1897 1898 1899 1900 1901 1902 1903 1904 1905 1906 1924 1960 1961 1962 1963 1964 1965 1969 1970 1998 1999 2000 2001 2002 2006
germany,1871,2025,nominal,start,0.8,,,,,,20,50,9,112,24,49,43.8,0.0,0.0,1871 1872 1873 1874 1875 1876 1877 1878 1879 1880 1881 1882 1883 1884 1885 1886 1887 1888 1889 1890 1891 1892 1893 1894 1895 1896 1897 1898 1899 1900 1901 1902 1903 1904 1905 1906 1907 1924 1960 1961 1962 1963 1964 1965 1966 1968 1969 1970 1971 1972 1973 1986 1987 1994 1997 1998 1999 2000 2001 2002 2004 2005 2006
germany,1871,2025,nominal,start,0.8,,,,,,20,50,10,112,24,33,29.5,0.0,0.0,1871 1872 1873 1874 1875 1876 1877 1878 1879 1880 1881 1882 1883 1884 1885 1886 1887 1888 1889 1890 1891 1892 1893 1894 1895 1896 1897 1898 1899 1900 1901 1902 1903 1904 1905 1906 1907 1908 1909 1924 1956 1959 1960 1961 1962 1963 1964 1965 1966 1967 1968 1969 1970 1971 1972 1973 1974 1976 1977 1978 1979 1986 1987 1989 1990 1992 1994 1995 1996 1997 1998 1999 2000 2001 2002 2003 2004 2005 2006
germany,1871,2025,nominal,start,0.8,,,,,,20,50,11,112,24,24,21.4,0.0,0.0,1871 1872 1873 1874 1875 1876 1877 1878 1879 1880 1881 1882 1883 1884 1885 1886 1887 1888 1889 1890 1891 1892 1893 1894 1895 1896 1897 1898 1899 1900 1901 1902 1903 1904 1905 1906 1907 1908 1909 1910 1911 1924 1955 1956 1959 1960 1961 1962 1963 1964 1965 1966 1967 1968 1969 1970 1971 1972 1973 1974 1975 1976 1977 1978 1979 1980 1985 1986 1987 1988 1989 1990 1991 1992 1993 1994 1995 1996 1997 1998 1999 2000 2001 2002 2003 2004 2005 2006
germany,1871,2025,nominal,start,0.8,,,,,,20,50,12,112,24,20,17.9,0.0,0.0,1871 1872 1873 1874 1875 1876 1877 1878 1879 1880 1881 1882 1883 1884 1885 1886 1887 1888 1889 1890 1891 1892 1893 1894 1895 1896 1897 1898 1899 1900 1901 1902 1903 1904 1905 1906 1907 1908 1909 1910 1911 1912 1924 1955 1956 1957 1959 1960 1961 1962 1963 1964 1965 1966 1967 1968 1969 1970 1971 1972 1973 1974 1975 1976 1977 1978 1979 1980 1981 1984 1985 1986 1987 1988 1989 1990 1991 1992 1993 1994 1995 1996 1997 1998 1999 2000 2001 2002 2003 2004 2005 2006
germany,1871,2025,nominal,start,0.8,,,,,,20,25,3,112,24,112,100.0,2261.0,891.0,
germany,1871,2025,nominal,start,0.8,,,,,,20,25,4,112,24,112,100.0,1884.0,619.0,
germany,1871,2025,nominal,start,0.8,,,,,,20,25,5,112,24,112,100.0,1473.0,348.0,
germany,1871,2025,nominal,start,0.8,,,,,,20,25,6,112,24,112,100.0,1004.0,69.0,
germany,1871,2025,nominal,start,0.8,,,,,,20,25,7,112,24,90,80.4,562.0,0.0,1882 1884 1885 1886 1887 1888 1889 1890 1891 1892 1893 1894 1895 1896 1897 1898 1899 1900 1901 1902 1903 2000
germany,1871,2025,nominal,start,0.8,,,,,,20,25,8,112,24,60,53.6,59.0,0.0,1872 1873 1874 1875 1876 1877 1878 1879 1880 1881 1882 1883 1884 1885 1886 1887 1888 1889 1890 1891 1892 1893 1894 1895 1896 1897 1898 1899 1900 1901 1902 1903 1904 1905 1906 1907 1924 1960 1961 1962 1963 1964 1965 1969 1998 1999 2000 2001 2002 2004 2005 2006
germany,1871,2025,nominal,start,0.8,,,,,,20,25,9,112,24,40,35.7,0.0,0.0,1871 1872 1873 1874 1875 1876 1877 1878 1879 1880 1881 1882 1883 1884 1885 1886 1887 1888 1889 1890 1891 1892 1893 1894 1895 1896 1897 1898 1899 1900 1901 1902 1903 1904 1905 1906 1907 1908 1924 1955 1956 1959 1960 1961 1962 1963 1964 1965 1966 1968 1969 1970 1971 1972 1973 1978 1979 1986 1987 1990 1994 1996 1997 1998 1999 2000 2001 2002 2003 2004 2005 2006
germany,1871,2025,nominal,start,0.8,,,,,,20,25,10,112,24,24,21.4,0.0,0.0,1871 1872 1873 1874 1875 1876 1877 1878 1879 1880 1881 1882 1883 1884 1885 1886 1887 1888 1889 1890 1891 1892 1893 1894 1895 1896 1897 1898 1899 1900 1901 1902 1903 1904 1905 1906 1907 1908 1909 1910 1924 1955 1956 1957 1959 1960 1961 1962 1963 1964 1965 1966 1967 1968 1969 1970 1971 1972 1973 1974 1975 1976 1977 1978 1979 1980 1985 1986 1987 1988 1989 1990 1991 1992 1993 1994 1995 1996 1997 1998 1999 2000 2001 2002 2003 2004 2005 2006
germany,1871,2025,nominal,start,0.8,,,,,,20,25,11,112,24,15,13.4,0.0,0.0,1871 1872 1873 1874 1875 1876 1877 1878 1879 1880 1881 1882 1883 1884 1885 1886 1887 1888 1889 1890 1891 1892 1893 1894 1895 1896 1897 1898 1899 1900 1901 1902 1903 1904 1905 1906 1907 1908 1909 1910 1911 1924 1950 1952 1953 1954 1955 1956 1957 1958 1959 1960 1961 1962 1963 1964 1965 1966 1967 1968 1969 1970 1971 1972 1973 1974 1975 1976 1977 1978 1979 1980 1981 1983 1984 1985 1986 1987 1988 1989 1990 1991 1992 1993 1994 1995 1996 1997 1998 1999 2000 2001 2002 2003 2004 2005 2006
germany,1871,2025,nominal,start,0.8,,,,,,20,25,12,112,24,12,10.7,0.0,0.0,1871 1872 1873 1874 1875 1876 1877 1878 1879 1880 1881 1882 1883 1884 1885 1886 1887 1888 1889 1890 1891 1892 1893 1894 1895 1896 1897 1898 1899 1900 1901 1902 1903 1904 1905 1906 1907 1908 1909 1910 1911 1912 1924 1950 1951 1952 1953 1954 1955 1956 1957 1958 1959 1960 1961 1962 1963 1964 1965 1966 1967 1968 1969 1970 1971 1972 1973 1974 1975 1976 1977 1978 1979 1980 1981 1982 1983 1984 1985 1986 1987 1988 1989 1990 1991 1992 1993 1994 1995 1996 1997 1998 1999 2000 2001 2002 2003 2004 2005 2006
germany,1871,2025,nominal,start,0.8,,,,,,20,0,3,112,24,112,100.0,1552.0,661.0,
germany,1871,2025,nominal,start,0.8,,,,,,20,0,4,112,24,112,100.0,1160.0,458.0,
germany,1871,2025,nominal,start,0.8,,,,,,20,0,5,112,24,112,100.0,836.0,203.0,
germany,1871,2025,nominal,start,0.8,,,,,,20,0,6,112,24,107,95.5,467.0,0.0,1895 1896 1897 1898 1899
germany,1871,2025,nominal,start,0.8,,,,,,20,0,7,112,24,75,67.0,117.0,0.0,1875 1876 1880 1881 1882 1883 1884 1885 1886 1887 1888 1889 1890 1891 1892 1893 1894 1895 1896 1897 1898 1899 1900 1901 1902 1903 1904 1905 1906 1907 1950 1956 1999 2003 2004 2005 2006
germany,1871,2025,nominal,start,0.8,,,,,,20,0,8,112,24,39,34.8,0.0,0.0,1871 1872 1873 1874 1875 1876 1877 1878 1879 1880 1881 1882 1883 1884 1885 1886 1887 1888 1889 1890 1891 1892 1893 1894 1895 1896 1897 1898 1899 1900 1901 1902 1903 1904 1905 1906 1907 1908 1909 1910 1911 1912 1922 1923 1924 1949 1950 1951 1952 1953 1954 1955 1956 1957 1959 1960 1961 1962 1963 1964 1965 1994 1996 1997 1998 1999 2000 2001 2002 2003 2004 2005 2006
germany,1871,2025,nominal,start,0.8,,,,,,20,0,9,112,24,10,8.9,0.0,0.0,1871 1872 1873 1874 1875 1876 1877 1878 1879 1880 1881 1882 1883 1884 1885 1886 1887 1888 1889 1890 1891 1892 1893 1894 1895 1896 1897 1898 1899 1900 1901 1902 1903 1904 1905 1906 1907 1908 1909 1910 1911 1912 1913 1914 1915 1916 1922 1923 1924 1949 1950 1951 1952 1953 1954 1955 1956 1957 1958 1959 1960 1961 1962 1963 1964 1965 1966 1967 1968 1969 1970 1971 1972 1973 1976 1977 1978 1979 1980 1983 1984 1985 1986 1987 1988 1989 1990 1992 1993 1994 1995 1996 1997 1998 1999 2000 2001 2002 2003 2004 2005 2006
germany,1871,2025,nominal,start,0.8,,,,,,20,0,10,112,24,3,2.7,0.0,0.0,1871 1872 1873 1874 1875 1876 1877 1878 1879 1880 1881 1882 1883 1884 1885 1886 1887 1888 1889 1890 1891 1892 1893 1894 1895 1896 1897 1898 1899 1900 1901 1902 1903 1904 1905 1906 1907 1908 1909 1910 1911 1912 1913 1914 1915 1916 1917 1918 1922 1923 1924 1949 1950 1951 1952 1953 1954 1955 1956 1957 1958 1959 1960 1961 1962 1963 1964 1965 1966 1967 1968 1969 1970 1971 1972 1973 1974 1975 1976 1977 1978 1979 1980 1981 1982 1983 1984 1985 1986 1987 1988 1989 1990 1991 1992 1993 1994 1995 1996 1997 1998 1999 2000 2001 2002 2003 2004 2005 2006
germany,1871,2025,nominal,start,0.8,,,,,,20,0,11,112,24,0,0.0,0.0,0.0,1871 1872 1873 1874 1875 1876 1877 1878 1879 1880 1881 1882 1883 1884 1885 1886 1887 1888 1889 1890 1891 1892 1893 1894 1895 1896 1897 1898 1899 1900 1901 1902 1903 1904 1905 1906 1907 1908 1909 1910 1911 1912 1913 1914 1915 1916 1917 1918 1919 1920 1921 1922 1923 1924 1949 1950 1951 1952 1953 1954 1955 1956 1957 1958 1959 1960 1961 1962 1963 1964 1965 1966 1967 1968 1969 1970 1971 1972 1973 1974 1975 1976 1977 1978 1979 1980 1981 1982 1983 1984 1985 1986 1987 1988 1989 1990 1991 1992 1993 1994 1995 1996 1997 1998 1999 2000 2001 2002 2003 2004 2005 2006
germany,1871,2025,nominal,start,0.8,,,,,,20,0,12,112,24,0,0.0,0.0,0.0,1871 1872 1873 1874 1875 1876 1877 1878 1879 1880 1881 1882 1883 1884 1885 1886 1887 1888 1889 1890 1891 1892 1893 1894 1895 1896 1897 1898 1899 1900 1901 1902 1903 1904 1905 1906 1907 1908 1909 1910 1911 1912 1913 1914 1915 1916 1917 1918 1919 1920 1921 1922 1923 1924 1949 1950 1951 1952 1953 1954 1955 1956 1957 1958 1959 1960 1961 1962 1963 1964 1965 1966 1967 1968 1969 1970 1971 1972 1973 1974 1975 1976 1977 1978 1979 1980 1981 1982 1983 1984 1985 1986 1987 1988 1989 1990 1991 1992 1993 1994 1995 1996 1997 1998 1999 2000 2001 2002 2003 2004 2005 2006
germany,1871,2025,nominal,start,0.8,,,,,,25,100,3,131,0,125,95.4,3544.0,0.0,1927 1928 1929 1943 1944 1945
germany,1871,2025,nominal,start,0.8,,,,,,25,100,4,131,0,118,90.1,2701.0,0.0,1925 1927 1928 1929 1930 1941 1942 1943 1944 1945 1946 1947 1948
germany,1871,2025,nominal,start,0.8,,,,,,25,100,5,131,0,107,81.7,1895.0,0.0,1924 1925 1927 1928 1929 1930 1931 1936 1937 1938 1939 1940 1941 1942 1943 1944 1945 1946 1947 1948 1961 1962 2000 2001
germany,1871,2025,nominal,start,0.8,,,,,,25,100,6,131,0,98,74.8,1230.0,0.0,1873 1924 1925 1926 1927 1928 1929 1930 1931 1934 1935 1936 1937 1938 1939 1940 1941 1942 1943 1944 1945 1946 1947 1948 1960 1961 1962 1965 1970 1998 1999 2000 2001
germany,1871,2025,nominal,start,0.8,,,,,,25,100,7,131,0,81,61.8,425.0,0.0,1872 1873 1874 1882 1885 1889 1890 1891 1896 1897 1898 1899 1924 1925 1926 1927 1928 1929 1930 1931 1932 1933 1934 1935 1936 1937 1938 1939 1940 1941 1942 1943 1944 1945 1946 1947 1948 1960 1961 1962 1963 1964 1965 1969 1970 1987 1998 1999 2000 2001
germany,1871,2025,nominal,start,0.8,,,,,,25,100,8,131,0,58,44.3,0.0,0.0,1871 1872 1873 1874 1875 1880 1881 1882 1883 1884 1885 1886 1887 1888 1889 1890 1891 1892 1893 1894 1895 1896 1897 1898 1899 1900 1924 1925 1926 1927 1928 1929 1930 1931 1932 1933 1934 1935 1936 1937 1938 1939 1940 1941 1942 1943 1944 1945 1946 1947 1948 1960 1961 1962 1963 1964 1965 1966 1968 1969 1970 1971 1972 1973 1986 1987 1990 1994 1997 1998 1999 2000 2001
germany,1871,2025,nominal,start,0.8,,,,,,25,100,9,131,0,45,34.4,0.0,0.0,1871 1872 1873 1874 1875 1876 1877 1880 1881 1882 1883 1884 1885 1886 1887 1888 1889 1890 1891 1892 1893 1894 1895 1896 1897 1898 1899 1900 1901 1902 1903 1904 1905 1906 1924 1925 1926 1927 1928 1929 1930 1931 1932 1933 1934 1935 1936 1937 1938 1939 1940 1941 1942 1943 1944 1945 1946 1947 1948 1960 1961 1962 1963 1964 1965 1966 1967 1968 1969 1970 1971 1972 1973 1976 1986 1987 1990 1992 1994 1995 1996 1997 1998 1999 2000 2001
germany,1871,2025,nominal,start,0.8,,,,,,25,100,10,131,0,33,25.2,0.0,0.0,1871 1872 1873 1874 1875 1876 1877 1878 1879 1880 1881 1882 1883 1884 1885 1886 1887 1888 1889 1890 1891 1892 1893 1894 1895 1896 1897 1898 1899 1900 1901 1902 1903 1904 1905 1906 1907 1908 1924 1925 1926 1927 1928 1929 1930 1931 1932 1933 1934 1935 1936 1937 1938 1939 1940 1941 1942 1943 1944 1945 1946 1947 1948 1959 1960 1961 1962 1963 1964 1965 1966 1967 1968 1969 1970 1971 1972 1973 1974 1976 1977 1978 1979 1986 1987 1989 1990 1991 1992 1993 1994 1995 1996 1997 1998 1999 2000 2001
germany,1871,2025,nominal,start,0.8,,,,,,25,100,11,131,0,27,20.6,0.0,0.0,1871 1872 1873 1874 1875 1876 1877 1878 1879 1880 1881 1882 1883 1884 1885 1886 1887 1888 1889 1890 1891 1892 1893 1894 1895 1896 1897 1898 1899 1900 1901 1902 1903 1904 1905 1906 1907 1908 1909 1910 1924 1925 1926 1927 1928 1929 1930 1931 1932 1933 1934 1935 1936 1937 1938 1939 1940 1941 1942 1943 1944 1945 1946 1947 1948 1955 1956 1959 1960 1961 1962 1963 1964 1965 1966 1967 1968 1969 1970 1971 1972 1973 1974 1975 1976 1977 1978 1979 1986 1987 1988 1989 1990 1991 1992 1993 1994 1995 1996 1997 1998 1999 2000 2001
germany,1871,2025,nominal,start,0.8,,,,,,25,100,12,131,0,23,17.6,0.0,0.0,1871 1872 1873 1874 1875 1876 1877 1878 1879 1880 1881 1882 1883 1884 1885 1886 1887 1888 1889 1890 1891 1892 1893 1894 1895 1896 1897 1898 1899 1900 1901 1902 1903 1904 1905 1906 1907 1908 1909 1910 1911 1924 1925 1926 1927 1928 1929 1930 1931 1932 1933 1934 1935 1936 1937 1938 1939 1940 1941 1942 1943 1944 1945 1946 1947 1948 1955 1956 1959 1960 1961 1962 1963 1964 1965 1966 1967 1968 1969 1970 1971 1972 1973 1974 1975 1976 1977 1978 1979 1980 1984 1985 1986 1987 1988 1989 1990 1991 1992 1993 1994 1995 1996 1997 1998 1999 2000 2001
germany,1871,2025,nominal,start,0.8,,,,,,25,75,3,102,29,102,100.0,4124.0,1130.0,
germany,1871,2025,nominal,start,0.8,,,,,,25,75,4,102,29,102,100.0,3487.0,560.0,
germany,1871,2025,nominal,start,0.8,,,,,,25,75,5,102,29,101,99.0,2760.0,0.0,2000
germany,1871,2025,nominal,start,0.8,,,,,,25,75,6,102,29,96,94.1,2060.0,0.0,1873 1961 1962 1999 2000 2001
germany,1871,2025,nominal,start,0.8,,,,,,25,75,7,102,29,71,69.6,931.0,0.0,1872 1873 1874 1881 1882 1883 1884 1885 1886 1887 1889 1890 1891 1895 1896 1897 1898 1899 1900 1960 1961 1962 1963 1964 1965 1969 1970 1998 1999 2000 2001
germany,1871,2025,nominal,start,0.8,,,,,,25,75,8,102,29,54,52.9,79.0,0.0,1871 1872 1873 1874 1875 1880 1881 1882 1883 1884 1885 1886 1887 1888 1889 1890 1891 1892 1893 1894 1895 1896 1897 1898 1899 1900 1901 1902 1960 1961 1962 1963 1964 1965 1966 1968 1969 1970 1971 1973 1986 1987 1994 1997 1998 1999 2000 2001
germany,1871,2025,nominal,start,0.8,,,,,,25,75,9,102,29,39,38.2,0.0,0.0,1871 1872 1873 1874 1875 1876 1877 1878 1879 1880 1881 1882 1883 1884 1885 1886 1887 1888 1889 1890 1891 1892 1893 1894 1895 1896 1897 1898 1899 1900 1901 1902 1903 1904 1905 1906 1907 1960 1961 1962 1963 1964 1965 1966 1967 1968 1969 1970 1971 1972 1973 1976 1986 1987 1990 1994 1995 1996 1997 1998 1999 2000 2001
germany,1871,2025,nominal,start,0.8,,,,,,25,75,10,102,29,28,27.5,0.0,0.0,1871 1872 1873 1874 1875 1876 1877 1878 1879 1880 1881 1882 1883 1884 1885 1886 1887 1888 1889 1890 1891 1892 1893 1894 1895 1896 1897 1898 1899 1900 1901 1902 1903 1904 1905 1906 1907 1908 1959 1960 1961 1962 1963 1964 1965 1966 1967 1968 1969 1970 1971 1972 1973 1974 1975 1976 1977 1978 1979 1986 1987 1989 1990 1991 1992 1993 1994 1995 1996 1997 1998 1999 2000 2001
germany,1871,2025,nominal,start,0.8,,,,,,25,75,11,102,29,19,18.6,0.0,0.0,1871 1872 1873 1874 1875 1876 1877 1878 1879 1880 1881 1882 1883 1884 1885 1886 1887 1888 1889 1890 1891 1892 1893 1894 1895 1896 1897 1898 1899 1900 1901 1902 1903 1904 1905 1906 1907 1908 1909 1910 1911 1955 1956 1959 1960 1961 1962 1963 1964 1965 1966 1967 1968 1969 1970 1971 1972 1973 1974 1975 1976 1977 1978 1979 1980 1984 1985 1986 1987 1988 1989 1990 1991 1992 1993 1994 1995 1996 1997 1998 1999 2000 2001
germany,1871,2025,nominal,start,0.8,,,,,,25,75,12,102,29,16,15.7,0.0,0.0,1871 1872 1873 1874 1875 1876 1877 1878 1879 1880 1881 1882 1883 1884 1885 1886 1887 1888 1889 1890 1891 1892 1893 1894 1895 1896 1897 1898 1899 1900 1901 1902 1903 1904 1905 1906 1907 1908 1909 1910 1911 1912 1955 1956 1957 1959 1960 1961 1962 1963 1964 1965 1966 1967 1968 1969 1970 1971 1972 1973 1974 1975 1976 1977 1978 1979 1980 1981 1984 1985 1986 1987 1988 1989 1990 1991 1992 1993 1994 1995 1996 1997 1998 1999 2000 2001
germany,1871,2025,nominal,start,0.8,,,,,,25,50,3,102,29,102,100.0,3573.0,1096.0,
germany,1871,2025,nominal,start,0.8,,,,,,25,50,4,102,29,102,100.0,2932.0,702.0,
germany,1871,2025,nominal,start,0.8,,,,,,25,50,5,102,29,102,100.0,2304.0,295.0,
germany,1871,2025,nominal,start,0.8,,,,,,25,50,6,102,29,94,92.2,1675.0,0.0,1890 1896 1897 1898 1961 1962 2000 2001
germany,1871,2025,nominal,start,0.8,,,,,,25,50,7,102,29,66,64.7,867.0,0.0,1872 1873 1874 1875 1880 1881 1882 1883 1884 1885 1886 1887 1888 1889 1890 1891 1892 1893 1894 1895 1896 1897 1898 1899 1900 1960 1961 1962 1963 1964 1965 1970 1998 1999 2000 2001
germany,1871,2025,nominal,start,0.8,,,,,,25,50,8,102,29,47,46.1,0.0,0.0,1871 1872 1873 1874 1875 1876 1877 1878 1879 1880 1881 1882 1883 1884 1885 1886 1887 1888 1889 1890 1891 1892 1893 1894 1895 1896 1897 1898 1899 1900 1901 1902 1903 1904 1905 1906 1960 1961 1962 1963 1964 1965 1966 1968 1969 1970 1973 1986 1987 1994 1997 1998 1999 2000 2001
germany,1871,2025,nominal,start,0.8,,,,,,25,50,9,102,29,32,31.4,0.0,0.0,1871 1872 1873 1874 1875 1876 1877 1878 1879 1880 1881 1882 1883 1884 1885 1886 1887 1888 1889 1890 1891 1892 1893 1894 1895 1896 1897 1898 1899 1900 1901 1902 1903 1904 1905 1906 1907 1956 1959 1960 1961 1962 1963 1964 1965 1966 1967 1968 1969 1970 1971 1972 1973 1976 1977 1978 1979 1986 1987 1989 1990 1992 1994 1995 1996 1997 1998 1999 2000 2001
germany,1871,2025,nominal,start,0.8,,,,,,25,50,10,102,29,23,22.5,0.0,0.0,1871 1872 1873 1874 1875 1876 1877 1878 1879 1880 1881 1882 1883 1884 1885 1886 1887 1888 1889 1890 1891 1892 1893 1894 1895 1896 1897 1898 1899 1900 1901 1902 1903 1904 1905 1906 1907 1908 1909 1955 1956 1959 1960 1961 1962 1963 1964 1965 1966 1967 1968 1969 1970 1971 1972 1973 1974 1975 1976 1977 1978 1979 1985 1986 1987 1988 1989 1990 1991 1992 1993 1994 1995 1996 1997 1998 1999 2000 2001
germany,1871,2025,nominal,start,0.8,,,,,,25,50,11,102,29,16,15.7,0.0,0.0,1871 1872 1873 1874 1875 1876 1877 1878 1879 1880 1881 1882 1883 1884 1885 1886 1887 1888 1889 1890 1891 1892 1893 1894 1895 1896 1897 1898 1899 1900 1901 1902 1903 1904 1905 1906 1907 1908 1909 1910 1911 1955 1956 1957 1958 1959 1960 1961 1962 1963 1964 1965 1966 1967 1968 1969 1970 1971 1972 1973 1974 1975 1976 1977 1978 1979 1980 1981 1984 1985 1986 1987 1988 1989 1990 1991 1992 1993 1994 1995 1996 1997 1998 1999 2000 2001
germany,1871,2025,nominal,start,0.8,,,,,,25,50,12,102,29,11,10.8,0.0,0.0,1871 1872 1873 1874 1875 1876 1877 1878 1879 1880 1881 1882 1883 1884 1885 1886 1887 1888 1889 1890 1891 1892 1893 1894 1895 1896 1897 1898 1899 1900 1901 1902 1903 1904 1905 1906 1907 1908 1909 1910 1911 1912 1953 1954 1955 1956 1957 1958 1959 1960 1961 1962 1963 1964 1965 1966 1967 1968 1969 1970 1971 1972 1973 1974 1975 1976 1977 1978 1979 1980 1981 1982 1983 1984 1985 1986 1987 1988 1989 1990 1991 1992 1993 1994 1995 1996 1997 1998 1999 2000 2001
germany,1871,2025,nominal,start,0.8,,,,,,25,25,3,102,29,102,100.0,3028.0,895.0,
germany,1871,2025,nominal,start,0.8,,,,,,25,25,4,102,29,102,100.0,2438.0,535.0,
germany,1871,2025,nominal,start,0.8,,,,,,25,25,5,102,29,102,100.0,1778.0,175.0,
germany,1871,2025,nominal,start,0.8,,,,,,25,25,6,102,29,85,83.3,1090.0,0.0,1882 1884 1885 1886 1887 1888 1889 1890 1891 1892 1893 1894 1895 1896 1897 1898 1899
germany,1871,2025,nominal,start,0.8,,,,,,25,25,7,102,29,60,58.8,341.0,0.0,1872 1873 1874 1875 1876 1877 1878 1879 1880 1881 1882 1883 1884 1885 1886 1887 1888 1889 1890 1891 1892 1893 1894 1895 1896 1897 1898 1899 1900 1901 1902 1903 1960 1961 1962 1963 1964 1965 1998 1999 2000 2001
germany,1871,2025,nominal,start,0.8,,,,,,25,25,8,102,29,39,38.2,0.0,0.0,1871 1872 1873 1874 1875 1876 1877 1878 1879 1880 1881 1882 1883 1884 1885 1886 1887 1888 1889 1890 1891 1892 1893 1894 1895 1896 1897 1898 1899 1900 1901 1902 1903 1904 1905 1906 1907 1955 1956 1959 1960 1961 1962 1963 1964 1965 1966 1968 1969 1970 1971 1972 1986 1987 1990 1994 1995 1996 1997 1998 1999 2000 2001
germany,1871,2025,nominal,start,0.8,,,,,,25,25,9,102,29,24,23.5,0.0,0.0,1871 1872 1873 1874 1875 1876 1877 1878 1879 1880 1881 1882 1883 1884 1885 1886 1887 1888 1889 1890 1891 1892 1893 1894 1895 1896 1897 1898 1899 1900 1901 1902 1903 1904 1905 1906 1907 1908 1955 1956 1957 1959 1960 1961 1962 1963 1964 1965 1966 1967 1968 1969 1970 1971 1972 1973 1974 1976 1977 1978 1979 1985 1986 1987 1988 1989 1990 1991 1992 1993 1994 1995 1996 1997 1998 1999 2000 2001
germany,1871,2025,nominal,start,0.8,,,,,,25,25,10,102,29,12,11.8,0.0,0.0,1871 1872 1873 1874 1875 1876 1877 1878 1879 1880 1881 1882 1883 1884 1885 1886 1887 1888 1889 1890 1891 1892 1893 1894 1895 1896 1897 1898 1899 1900 1901 1902 1903 1904 1905 1906 1907 1908 1909 1910 1950 1952 1953 1954 1955 1956 1957 1958 1959 1960 1961 1962 1963 1964 1965 1966 1967 1968 1969 1970 1971 1972 1973 1974 1975 1976 1977 1978 1979 1980 1981 1983 1984 1985 1986 1987 1988 1989 1990 1991 1992 1993 1994 1995 1996 1997 1998 1999 2000 2001
germany,1871,2025,nominal,start,0.8,,,,,,25,25,11,102,29,9,8.8,0.0,0.0,1871 1872 1873 1874 1875 1876 1877 1878 1879 1880 1881 1882 1883 1884 1885 1886 1887 1888 1889 1890 1891 1892 1893 1894 1895 1896 1897 1898 1899 1900 1901 1902 1903 1904 1905 1906 1907 1908 1909 1910 1911 1950 1951 1952 1953 1954 1955 1956 1957 1958 1959 1960 1961 1962 1963 1964 1965 1966 1967 1968 1969 1970 1971 1972 1973 1974 1975 1976 1977 1978 1979 1980 1981 1982 1983 1984 1985 1986 1987 1988 1989 1990 1991 1992 1993 1994 1995 1996 1997 1998 1999 2000 2001
germany,1871,2025,nominal,start,0.8,,,,,,25,25,12,102,29,8,7.8,0.0,0.0,1871 1872 1873 1874 1875 1876 1877 1878 1879 1880 1881 1882 1883 1884 1885 1886 1887 1888 1889 1890 1891 1892 1893 1894 1895 1896 1897 1898 1899 1900 1901 1902 1903 1904 1905 1906 1907 1908 1909 1910 1911 1912 1950 1951 1952 1953 1954 1955 1956 1957 1958 1959 1960 1961 1962 1963 1964 1965 1966 1967 1968 1969 1970 1971 1972 1973 1974 1975 1976 1977 1978 1979 1980 1981 1982 1983 1984 1985 1986 1987 1988 1989 1990 1991 1992 1993 1994 1995 1996 1997 1998 1999 2000 2001
germany,1871,2025,nominal,start,0.8,,,,,,25,0,3,102,29,102,100.0,1857.0,704.0,
germany,1871,2025,nominal,start,0.8,,,,,,25,0,4,102,29,102,100.0,1337.0,347.0,
germany,1871,2025,nominal,start,0.8,,,,,,25,0,5,102,29,99,97.1,798.0,0.0,1895 1896 1897
germany,1871,2025,nominal,start,0.8,,,,,,25,0,6,102,29,70,68.6,260.0,0.0,1876 1877 1879 1880 1881 1882 1883 1884 1885 1886 1887 1888 1889 1890 1891 1892 1893 1894 1895 1896 1897 1898 1899 1900 1901 1902 1903 1904 1905 1906 1999 2001
germany,1871,2025,nominal,start,0.8,,,,,,25,0,7,102,29,38,37.3,0.0,0.0,1871 1872 1873 1874 1875 1876 1877 1878 1879 1880 1881 1882 1883 1884 1885 1886 1887 1888 1889 1890 1891 1892 1893 1894 1895 1896 1897 1898 1899 1900 1901 1902 1903 1904 1905 1906 1907 1908 1909 1910 1911 1912 1949 1950 1951 1952 1953 1954 1955 1956 1957 1959 1960 1962 1963 1964 1965 1994 1996 1997 1998 1999 2000 2001
germany,1871,2025,nominal,start,0.8,,,,,,25,0,8,102,29,8,7.8,0.0,0.0,1871 1872 1873 1874 1875 1876 1877 1878 1879 1880 1881 1882 1883 1884 1885 1886 1887 1888 1889 1890 1891 1892 1893 1894 1895 1896 1897 1898 1899 1900 1901 1902 1903 1904 1905 1906 1907 1908 1909 1910 1911 1912 1913 1914 1915 1949 1950 1951 1952 1953 1954 1955 1956 1957 1958 1959 1960 1961 1962 1963 1964 1965 1966 1967 1968 1969 1970 1971 1972 1973 1976 1977 1978 1979 1980 1983 1984 1985 1986 1987 1988 1989 1990 1991 1992 1993 1994 1995 1996 1997 1998 1999 2000 2001
germany,1871,2025,nominal,start,0.8,,,,,,25,0,9,102,29,1,1.0,0.0,0.0,1871 1872 1873 1874 1875 1876 1877 1878 1879 1880 1881 1882 1883 1884 1885 1886 1887 1888 1889 1890 1891 1892 1893 1894 1895 1896 1897 1898 1899 1900 1901 1902 1903 1904 1905 1906 1907 1908 1909 1910 1911 1912 1913 1914 1915 1916 1917 1918 1949 1950 1951 1952 1953 1954 1955 1956 1957 1958 1959 1960 1961 1962 1963 1964 1965 1966 1967 1968 1969 1970 1971 1972 1973 1974 1975 1976 1977 1978 1979 1980 1981 1982 1983 1984 1985 1986 1987 1988 1989 1990 1991 1992 1993 1994 1995 1996 1997 1998 1999 2000 2001
germany,1871,2025,nominal,start,0.8,,,,,,25,0,10,102,29,0,0.0,0.0,0.0,1871 1872 1873 1874 1875 1876 1877 1878 1879 1880 1881 1882 1883 1884 1885 1886 1887 1888 1889 1890 1891 1892 1893 1894 1895 1896 1897 1898 1899 1900 1901 1902 1903 1904 1905 1906 1907 1908 1909 1910 1911 1912 1913 1914 1915 1916 1917 1918 1919 1949 1950 1951 1952 1953 1954 1955 1956 1957 1958 1959 1960 1961 1962 1963 1964 1965 1966 1967 1968 1969 1970 1971 1972 1973 1974 1975 1976 1977 1978 1979 1980 1981 1982 1983 1984 1985 1986 1987 1988 1989 1990 1991 1992 1993 1994 1995 1996 1997 1998 1999 2000 2001
germany,1871,2025,nominal,start,0.8,,,,,,25,0,11,102,29,0,0.0,0.0,0.0,1871 1872 1873 1874 1875 1876 1877 1878 1879 1880 1881 1882 1883 1884 1885 1886 1887 1888 1889 1890 1891 1892 1893 1894 1895 1896 1897 1898 1899 1900 1901 1902 1903 1904 1905 1906 1907 1908 1909 1910 1911 1912 1913 1914 1915 1916 1917 1918 1919 1949 1950 1951 1952 1953 1954 1955 1956 1957 1958 1959 1960 1961 1962 1963 1964 1965 1966 1967 1968 1969 1970 1971 1972 1973 1974 1975 1976 1977 1978 1979 1980 1981 1982 1983 1984 1985 1986 1987 1988 1989 1990 1991 1992 1993 1994 1995 1996 1997 1998 1999 2000 2001
germany,1871,2025,nominal,start,0.8,,,,,,25,0,12,102,29,0,0.0,0.0,0.0,1871 1872 1873 1874 1875 1876 1877 1878 1879 1880 1881 1882 1883 1884 1885 1886 1887 1888 1889 1890 1891 1892 1893 1894 1895 1896 1897 1898 1899 1900 1901 1902 1903 1904 1905 1906 1907 1908 1909 1910 1911 1912 1913 1914 1915 1916 1917 1918 1919 1949 1950 1951 1952 1953 1954 1955 1956 1957 1958 1959 1960 1961 1962 1963 1964 1965 1966 1967 1968 1969 1970 1971 1972 1973 1974 1975 1976 1977 1978 1979 1980 1981 1982 1983 1984 1985 1986 1987 1988 1989 1990 1991 1992 1993 1994 1995 1996 1997 1998 1999 2000 2001
germany,1871,2025,nominal,start,0.8,,,,,,30,100,3,126,0,119,94.4,6455.0,0.0,1927 1928 1929 1930 1943 1944 1945
germany,1871,2025,nominal,start,0.8,,,,,,30,100,4,126,0,111,88.1,4484.0,0.0,1924 1925 1927 1928 1929 1930 1937 1941 1942 1943 1944 1945 1946 1947 1948
germany,1871,2025,nominal,start,0.8,,,,,,30,100,5,126,0,103,81.7,3210.0,0.0,1924 1925 1926 1927 1928 1929 1930 1931 1936 1937 1938 1939 1940 1941 1942 1943 1944 1945 1946 1947 1948 1961 1962
germany,1871,2025,nominal,start,0.8,,,,,,30,100,6,126,0,94,74.6,2226.0,0.0,1872 1873 1890 1924 1925 1926 1927 1928 1929 1930 1931 1934 1935 1936 1937 1938 1939 1940 1941 1942 1943 1944 1945 1946 1947 1948 1960 1961 1962 1964 1965 1970
germany,1871,2025,nominal,start,0.8,,,,,,30,100,7,126,0,69,54.8,889.0,0.0,1872 1873 1874 1875 1881 1882 1883 1884 1885 1886 1887 1888 1889 1890 1891 1896 1897 1898 1899 1924 1925 1926 1927 1928 1929 1930 1931 1932 1933 1934 1935 1936 1937 1938 1939 1940 1941 1942 1943 1944 1945 1946 1947 1948 1960 1961 1962 1963 1964 1965 1966 1968 1969 1970 1986 1987 1994
germany,1871,2025,nominal,start,0.8,,,,,,30,100,8,126,0,56,44.4,0.0,0.0,1871 1872 1873 1874 1875 1880 1881 1882 1883 1884 1885 1886 1887 1888 1889 1890 1891 1892 1893 1894 1895 1896 1897 1898 1899 1900 1924 1925 1926 1927 1928 1929 1930 1931 1932 1933 1934 1935 1936 1937 1938 1939 1940 1941 1942 1943 1944 1945 1946 1947 1948 1960 1961 1962 1963 1964 1965 1966 1968 1969 1970 1971 1972 1973 1986 1987 1990 1994 1995 1996
germany,1871,2025,nominal,start,0.8,,,,,,30,100,9,126,0,38,30.2,0.0,0.0,1871 1872 1873 1874 1875 1876 1877 1878 1879 1880 1881 1882 1883 1884 1885 1886 1887 1888 1889 1890 1891 1892 1893 1894 1895 1896 1897 1898 1899 1900 1901 1902 1903 1904 1905 1906 1924 1925 1926 1927 1928 1929 1930 1931 1932 1933 1934 1935 1936 1937 1938 1939 1940 1941 1942 1943 1944 1945 1946 1947 1948 1959 1960 1961 1962 1963 1964 1965 1966 1967 1968 1969 1970 1971 1972 1973 1976 1978 1979 1986 1987 1989 1990 1991 1992 1994 1995 1996
germany,1871,2025,nominal,start,0.8,,,,,,30,100,10,126,0,32,25.4,0.0,0.0,1871 1872 1873 1874 1875 1876 1877 1878 1879 1880 1881 1882 1883 1884 1885 1886 1887 1888 1889 1890 1891 1892 1893 1894 1895 1896 1897 1898 1899 1900 1901 1902 1903 1904 1905 1906 1907 1908 1924 1925 1926 1927 1928 1929 1930 1931 1932 1933 1934 1935 1936 1937 1938 1939 1940 1941 1942 1943 1944 1945 1946 1947 1948 1959 1960 1961 1962 1963 1964 1965 1966 1967 1968 1969 1970 1971 1972 1973 1974 1975 1976 1977 1978 1979 1986 1987 1989 1990 1991 1992 1993 1994 1995 1996
germany,1871,2025,nominal,start,0.8,,,,,,30,100,11,126,0,24,19.0,0.0,0.0,1871 1872 1873 1874 1875 1876 1877 1878 1879 1880 1881 1882 1883 1884 1885 1886 1887 1888 1889 1890 1891 1892 1893 1894 1895 1896 1897 1898 1899 1900 1901 1902 1903 1904 1905 1906 1907 1908 1909 1910 1924 1925 1926 1927 1928 1929 1930 1931 1932 1933 1934 1935 1936 1937 1938 1939 1940 1941 1942 1943 1944 1945 1946 1947 1948 1955 1956 1959 1960 1961 1962 1963 1964 1965 1966 1967 1968 1969 1970 1971 1972 1973 1974 1975 1976 1977 1978 1979 1980 1984 1985 1986 1987 1988 1989 1990 1991 1992 1993 1994 1995 1996
germany,1871,2025,nominal,start,0.8,,,,,,30,100,12,126,0,21,16.7,0.0,0.0,1871 1872 1873 1874 1875 1876 1877 1878 1879 1880 1881 1882 1883 1884 1885 1886 1887 1888 1889 1890 1891 1892 1893 1894 1895 1896 1897 1898 1899 1900 1901 1902 1903 1904 1905 1906 1907 1908 1909 1910 1911 1924 1925 1926 1927 1928 1929 1930 1931 1932 1933 1934 1935 1936 1937 1938 1939 1940 1941 1942 1943 1944 1945 1946 1947 1948 1955 1956 1957 1959 1960 1961 1962 1963 1964 1965 1966 1967 1968 1969 1970 1971 1972 1973 1974 1975 1976 1977 1978 1979 1980 1981 1984 1985 1986 1987 1988 1989 1990 1991 1992 1993 1994 1995 1996
germany,1871,2025,nominal,start,0.8,,,,,,30,75,3,92,34,92,100.0,7300.0,1665.0,
germany,1871,2025,nominal,start,0.8,,,,,,30,75,4,92,34,92,100.0,5806.0,881.0,
germany,1871,2025,nominal,start,0.8,,,,,,30,75,5,92,34,91,98.9,4563.0,0.0,1961
germany,1871,2025,nominal,start,0.8,,,,,,30,75,6,92,34,83,90.2,3113.0,0.0,1872 1873 1882 1889 1890 1891 1960 1961 1962
germany,1871,2025,nominal,start,0.8,,,,,,30,75,7,92,34,57,62.0,841.0,0.0,1872 1873 1874 1875 1880 1881 1882 1883 1884 1885 1886 1887 1888 1889 1890 1891 1892 1893 1894 1895 1896 1897 1898 1899 1900 1960 1961 1962 1963 1964 1965 1968 1969 1970 1987
germany,1871,2025,nominal,start,0.8,,,,,,30,75,8,92,34,42,45.7,0.0,0.0,1871 1872 1873 1874 1875 1876 1877 1878 1879 1880 1881 1882 1883 1884 1885 1886 1887 1888 1889 1890 1891 1892 1893 1894 1895 1896 1897 1898 1899 1900 1901 1902 1960 1961 1962 1963 1964 1965 1966 1968 1969 1970 1971 1972 1973 1986 1987 1990 1994 1996
germany,1871,2025,nominal,start,0.8,,,,,,30,75,9,92,34,25,27.2,0.0,0.0,1871 1872 1873 1874 1875 1876 1877 1878 1879 1880 1881 1882 1883 1884 1885 1886 1887 1888 1889 1890 1891 1892 1893 1894 1895 1896 1897 1898 1899 1900 1901 1902 1903 1904 1905 1906 1907 1959 1960 1961 1962 1963 1964 1965 1966 1967 1968 1969 1970 1971 1972 1973 1974 1976 1977 1978 1979 1986 1987 1989 1990 1991 1992 1993 1994 1995 1996
germany,1871,2025,nominal,start,0.8,,,,,,30,75,10,92,34,19,20.7,0.0,0.0,1871 1872 1873 1874 1875 1876 1877 1878 1879 1880 1881 1882 1883 1884 1885 1886 1887 1888 1889 1890 1891 1892 1893 1894 1895 1896 1897 1898 1899 1900 1901 1902 1903 1904 1905 1906 1907 1908 1955 1956 1959 1960 1961 1962 1963 1964 1965 1966 1967 1968 1969 1970 1971 1972 1973 1974 1975 1976 1977 1978 1979 1985 1986 1987 1988 1989 1990 1991 1992 1993 1994 1995 1996
germany,1871,2025,nominal,start,0.8,,,,,,30,75,11,92,34,12,13.0,0.0,0.0,1871 1872 1873 1874 1875 1876 1877 1878 1879 1880 1881 1882 1883 1884 1885 1886 1887 1888 1889 1890 1891 1892 1893 1894 1895 1896 1897 1898 1899 1900 1901 1902 1903 1904 1905 1906 1907 1908 1909 1910 1911 1955 1956 1957 1959 1960 1961 1962 1963 1964 1965 1966 1967 1968 1969 1970 1971 1972 1973 1974 1975 1976 1977 1978 1979 1980 1981 1984 1985 1986 1987 1988 1989 1990 1991 1992 1993 1994 1995 1996
germany,1871,2025,nominal,start,0.8,,,,,,30,75,12,92,34,8,8.7,0.0,0.0,1871 1872 1873 1874 1875 1876 1877 1878 1879 1880 1881 1882 1883 1884 1885 1886 1887 1888 1889 1890 1891 1892 1893 1894 1895 1896 1897 1898 1899 1900 1901 1902 1903 1904 1905 1906 1907 1908 1909 1910 1911 1912 1955 1956 1957 1958 1959 1960 1961 1962 1963 1964 1965 1966 1967 1968 1969 1970 1971 1972 1973 1974 1975 1976 1977 1978 1979 1980 1981 1982 1983 1984 1985 1986 1987 1988 1989 1990 1991 1992 1993 1994 1995 1996
germany,1871,2025,nominal,start,0.8,,,,,,30,50,3,92,34,92,100.0,6324.0,1301.0,
germany,1871,2025,nominal,start,0.8,,,,,,30,50,4,92,34,92,100.0,4726.0,776.0,
germany,1871,2025,nominal,start,0.8,,,,,,30,50,5,92,34,92,100.0,3490.0,133.0,
germany,1871,2025,nominal,start,0.8,,,,,,30,50,6,92,34,70,76.1,1770.0,0.0,1872 1873 1874 1881 1882 1883 1884 1885 1886 1887 1888 1889 1890 1891 1892 1893 1895 1896 1897 1898 1961 1962
germany,1871,2025,nominal,start,0.8,,,,,,30,50,7,92,34,53,57.6,605.0,0.0,1871 1872 1873 1874 1875 1876 1877 1878 1879 1880 1881 1882 1883 1884 1885 1886 1887 1888 1889 1890 1891 1892 1893 1894 1895 1896 1897 1898 1899 1900 1960 1961 1962 1963 1964 1965 1969 1970 1994
germany,1871,2025,nominal,start,0.8,,,,,,30,50,8,92,34,37,40.2,0.0,0.0,1871 1872 1873 1874 1875 1876 1877 1878 1879 1880 1881 1882 1883 1884 1885 1886 1887 1888 1889 1890 1891 1892 1893 1894 1895 1896 1897 1898 1899 1900 1901 1902 1903 1904 1905 1906 1960 1961 1962 1963 1964 1965 1966 1968 1969 1970 1971 1972 1973 1986 1987 1990 1994 1995 1996
germany,1871,2025,nominal,start,0.8,,,,,,30,50,9,92,34,22,23.9,0.0,0.0,1871 1872 1873 1874 1875 1876 1877 1878 1879 1880 1881 1882 1883 1884 1885 1886 1887 1888 1889 1890 1891 1892 1893 1894 1895 1896 1897 1898 1899 1900 1901 1902 1903 1904 1905 1906 1907 1955 1956 1959 1960 1961 1962 1963 1964 1965 1966 1967 1968 1969 1970 1971 1972 1973 1974 1976 1977 1978 1979 1986 1987 1988 1989 1990 1991 1992 1993 1994 1995 1996
germany,1871,2025,nominal,start,0.8,,,,,,30,50,10,92,34,15,16.3,0.0,0.0,1871 1872 1873 1874 1875 1876 1877 1878 1879 1880 1881 1882 1883 1884 1885 1886 1887 1888 1889 1890 1891 1892 1893 1894 1895 1896 1897 1898 1899 1900 1901 1902 1903 1904 1905 1906 1907 1908 1909 1955 1956 1957 1959 1960 1961 1962 1963 1964 1965 1966 1967 1968 1969 1970 1971 1972 1973 1974 1975 1976 1977 1978 1979 1980 1984 1985 1986 1987 1988 1989 1990 1991 1992 1993 1994 1995 1996
germany,1871,2025,nominal,start,0.8,,,,,,30,50,11,92,34,9,9.8,0.0,0.0,1871 1872 1873 1874 1875 1876 1877 1878 1879 1880 1881 1882 1883 1884 1885 1886 1887 1888 1889 1890 1891 1892 1893 1894 1895 1896 1897 1898 1899 1900 1901 1902 1903 1904 1905 1906 1907 1908 1909 1910 1911 1955 1956 1957 1958 1959 1960 1961 1962 1963 1964 1965 1966 1967 1968 1969 1970 1971 1972 1973 1974 1975 1976 1977 1978 1979 1980 1981 1982 1983 1984 1985 1986 1987 1988 1989 1990 1991 1992 1993 1994 1995 1996
germany,1871,2025,nominal,start,0.8,,,,,,30,50,12,92,34,5,5.4,0.0,0.0,1871 1872 1873 1874 1875 1876 1877 1878 1879 1880 1881 1882 1883 1884 1885 1886 1887 1888 1889 1890 1891 1892 1893 1894 1895 1896 1897 1898 1899 1900 1901 1902 1903 1904 1905 1906 1907 1908 1909 1910 1911 1912 1952 1953 1954 1955 1956 1957 1958 1959 1960 1961 1962 1963 1964 1965 1966 1967 1968 1969 1970 1971 1972 1973 1974 1975 1976 1977 1978 1979 1980 1981 1982 1983 1984 1985 1986 1987 1988 1989 1990 1991 1992 1993 1994 1995 1996
germany,1871,2025,nominal,start,0.8,,,,,,30,25,3,92,34,92,100.0,4758.0,969.0,
germany,1871,2025,nominal,start,0.8,,,,,,30,25,4,92,34,92,100.0,3713.0,485.0,
germany,1871,2025,nominal,start,0.8,,,,,,30,25,5,92,34,91,98.9,2595.0,0.0,1890
germany,1871,2025,nominal,start,0.8,,,,,,30,25,6,92,34,67,72.8,1161.0,0.0,1872 1873 1874 1875 1876 1880 1881 1882 1883 1884 1885 1886 1887 1888 1889 1890 1891 1892 1893 1894 1895 1896 1897 1898 1899
germany,1871,2025,nominal,start,0.8,,,,,,30,25,7,92,34,48,52.2,83.0,0.0,1871 1872 1873 1874 1875 1876 1877 1878 1879 1880 1881 1882 1883 1884 1885 1886 1887 1888 1889 1890 1891 1892 1893 1894 1895 1896 1897 1898 1899 1900 1901 1902 1903 1960 1961 1962 1963 1964 1965 1969 1970 1987 1994 1996
germany,1871,2025,nominal,start,0.8,,,,,,30,25,8,92,34,22,23.9,0.0,0.0,1871 1872 1873 1874 1875 1876 1877 1878 1879 1880 1881 1882 1883 1884 1885 1886 1887 1888 1889 1890 1891 1892 1893 1894 1895 1896 1897 1898 1899 1900 1901 1902 1903 1904 1905 1906 1907 1955 1956 1957 1959 1960 1961 1962 1963 1964 1965 1966 1967 1968 1969 1970 1971 1972 1973 1976 1977 1978 1979 1986 1987 1988 1989 1990 1991 1992 1993 1994 1995 1996
germany,1871,2025,nominal,start,0.8,,,,,,30,25,9,92,34,11,12.0,0.0,0.0,1871 1872 1873 1874 1875 1876 1877 1878 1879 1880 1881 1882 1883 1884 1885 1886 1887 1888 1889 1890 1891 1892 1893 1894 1895 1896 1897 1898 1899 1900 1901 1902 1903 1904 1905 1906 1907 1908 1952 1953 1954 1955 1956 1957 1958 1959 1960 1961 1962 1963 1964 1965 1966 1967 1968 1969 1970 1971 1972 1973 1974 1975 1976 1977 1978 1979 1980 1983 1984 1985 1986 1987 1988 1989 1990 1991 1992 1993 1994 1995 1996
germany,1871,2025,nominal,start,0.8,,,,,,30,25,10,92,34,6,6.5,0.0,0.0,1871 1872 1873 1874 1875 1876 1877 1878 1879 1880 1881 1882 1883 1884 1885 1886 1887 1888 1889 1890 1891 1892 1893 1894 1895 1896 1897 1898 1899 1900 1901 1902 1903 1904 1905 1906 1907 1908 1909 1910 1950 1952 1953 1954 1955 1956 1957 1958 1959 1960 1961 1962 1963 1964 1965 1966 1967 1968 1969 1970 1971 1972 1973 1974 1975 1976 1977 1978 1979 1980 1981 1982 1983 1984 1985 1986 1987 1988 1989 1990 1991 1992 1993 1994 1995 1996
germany,1871,2025,nominal,start,0.8,,,,,,30,25,11,92,34,4,4.3,0.0,0.0,1871 1872 1873 1874 1875 1876 1877 1878 1879 1880 1881 1882 1883 1884 1885 1886 1887 1888 1889 1890 1891 1892 1893 1894 1895 1896 1897 1898 1899 1900 1901 1902 1903 1904 1905 1906 1907 1908 1909 1910 1911 1950 1951 1952 1953 1954 1955 1956 1957 1958 1959 1960 1961 1962 1963 1964 1965 1966 1967 1968 1969 1970 1971 1972 1973 1974 1975 1976 1977 1978 1979 1980 1981 1982 1983 1984 1985 1986 1987 1988 1989 1990 1991 1992 1993 1994 1995 1996
germany,1871,2025,nominal,start,0.8,,,,,,30,25,12,92,34,2,2.2,0.0,0.0,1871 1872 1873 1874 1875 1876 1877 1878 1879 1880 1881 1882 1883 1884 1885 1886 1887 1888 1889 1890 1891 1892 1893 1894 1895 1896 1897 1898 1899 1900 1901 1902 1903 1904 1905 1906 1907 1908 1909 1910 1911 1912 1949 1950 1951 1952 1953 1954 1955 1956 1957 1958 1959 1960 1961 1962 1963 1964 1965 1966 1967 1968 1969 1970 1971 1972 1973 1974 1975 1976 1977 1978 1979 1980 1981 1982 1983 1984 1985 1986 1987 1988 1989 1990 1991 1992 1993 1994 1995 1996
germany,1871,2025,nominal,start,0.8,,,,,,30,0,3,92,34,92,100.0,2142.0,676.0,
germany,1871,2025,nominal,start,0.8,,,,,,30,0,4,92,34,92,100.0,1490.0,234.0,
germany,1871,2025,nominal,start,0.8,,,,,,30,0,5,92,34,74,80.4,657.0,0.0,1882 1883 1884 1885 1886 1887 1888 1889 1890 1891 1892 1893 1894 1895 1896 1897 1898 1899
germany,1871,2025,nominal,start,0.8,,,,,,30,0,6,92,34,45,48.9,0.0,0.0,1872 1873 1874 1875 1876 1877 1878 1879 1880 1881 1882 1883 1884 1885 1886 1887 1888 1889 1890 1891 1892 1893 1894 1895 1896 1897 1898 1899 1900 1901 1902 1903 1904 1905 1906 1907 1908 1909 1949 1950 1951 1952 1953 1955 1956 1994 1996
germany,1871,2025,nominal,start,0.8,,,,,,30,0,7,92,34,16,17.4,0.0,0.0,1871 1872 1873 1874 1875 1876 1877 1878 1879 1880 1881 1882 1883 1884 1885 1886 1887 1888 1889 1890 1891 1892 1893 1894 1895 1896 1897 1898 1899 1900 1901 1902 1903 1904 1905 1906 1907 1908 1909 1910 1911 1912 1913 1949 1950 1951 1952 1953 1954 1955 1956 1957 1958 1959 1960 1961 1962 1963 1964 1965 1966 1968 1969 1978 1979 1985 1986 1987 1988 1989 1990 1992 1993 1994 1995 1996
germany,1871,2025,nominal,start,0.8,,,,,,30,0,8,92,34,0,0.0,0.0,0.0,1871 1872 1873 1874 1875 1876 1877 1878 1879 1880 1881 1882 1883 1884 1885 1886 1887 1888 1889 1890 1891 1892 1893 1894 1895 1896 1897 1898 1899 1900 1901 1902 1903 1904 1905 1906 1907 1908 1909 1910 1911 1912 1913 1914 1949 1950 1951 1952 1953 1954 1955 1956 1957 1958 1959 1960 1961 1962 1963 1964 1965 1966 1967 1968 1969 1970 1971 1972 1973 1974 1975 1976 1977 1978 1979 1980 1981 1982 1983 1984 1985 1986 1987 1988 1989 1990 1991 1992 1993 1994 1995 1996
germany,1871,2025,nominal,start,0.8,,,,,,30,0,9,92,34,0,0.0,0.0,0.0,1871 1872 1873 1874 1875 1876 1877 1878 1879 1880 1881 1882 1883 1884 1885 1886 1887 1888 1889 1890 1891 1892 1893 1894 1895 1896 1897 1898 1899 1900 1901 1902 1903 1904 1905 1906 1907 1908 1909 1910 1911 1912 1913 1914 1949 1950 1951 1952 1953 1954 1955 1956 1957 1958 1959 1960 1961 1962 1963 1964 1965 1966 1967 1968 1969 1970 1971 1972 1973 1974 1975 1976 1977 1978 1979 1980 1981 1982 1983 1984 1985 1986 1987 1988 1989 1990 1991 1992 1993 1994 1995 1996
germany,1871,2025,nominal,start,0.8,,,,,,30,0,10,92,34,0,0.0,0.0,0.0,1871 1872 1873 1874 1875 1876 1877 1878 1879 1880 1881 1882 1883 1884 1885 1886 1887 1888 1889 1890 1891 1892 1893 1894 1895 1896 1897 1898 1899 1900 1901 1902 1903 1904 1905 1906 1907 1908 1909 1910 1911 1912 1913 1914 1949 1950 1951 1952 1953 1954 1955 1956 1957 1958 1959 1960 1961 1962 1963 1964 1965 1966 1967 1968 1969 1970 1971 1972 1973 1974 1975 1976 1977 1978 1979 1980 1981 1982 1983 1984 1985 1986 1987 1988 1989 1990 1991 1992 1993 1994 1995 1996
germany,1871,2025,nominal,start,0.8,,,,,,30,0,11,92,34,0,0.0,0.0,0.0,1871 1872 1873 1874 1875 1876 1877 1878 1879 1880 1881 1882 1883 1884 1885 1886 1887 1888 1889 1890 1891 1892 1893 1894 1895 1896 1897 1898 1899 1900 1901 1902 1903 1904 1905 1906 1907 1908 1909 1910 1911 1912 1913 1914 1949 1950 1951 1952 1953 1954 1955 1956 1957 1958 1959 1960 1961 1962 1963 1964 1965 1966 1967 1968 1969 1970 1971 1972 1973 1974 1975 1976 1977 1978 1979 1980 1981 1982 1983 1984 1985 1986 1987 1988 1989 1990 1991 1992 1993 1994 1995 1996
germany,1871,2025,nominal,start,0.8,,,,,,30,0,12,92,34,0,0.0,0.0,0.0,1871 1872 1873 1874 1875 1876 1877 1878 1879 1880 1881 1882 1883 1884 1885 1886 1887 1888 1889 1890 1891 1892 1893 1894 1895 1896 1897 1898 1899 1900 1901 1902 1903 1904 1905 1906 1907 1908 1909 1910 1911 1912 1913 1914 1949 1950 1951 1952 1953 1954 1955 1956 1957 1958 1959 1960 1961 1962 1963 1964 1965 1966 1967 1968 1969 1970 1971 1972 1973 1974 1975 1976 1977 1978 1979 1980 1981 1982 1983 1984 1985 1986 1987 1988 1989 1990 1991 1992 1993 1994 1995 1996
germany,1871,2025,nominal,start,0.8,,,,,,35,100,3,121,0,111,91.7,9586.0,0.0,1924 1925 1927 1928 1929 1930 1942 1943 1944 1945
germany,1871,2025,nominal,start,0.8,,,,,,35,100,4,121,0,102,84.3,7427.0,0.0,1924 1925 1927 1928 1929 1930 1931 1937 1938 1940 1941 1942 1943 1944 1945 1946 1947 1948 1961
germany,1871,2025,nominal,start,0.8,,,,,,35,100,5,121,0,98,81.0,5544.0,0.0,1924 1925 1926 1927 1928 1929 1930 1931 1936 1937 1938 1939 1940 1941 1942 1943 1944 1945 1946 1947 1948 1961 1962
germany,1871,2025,nominal,start,0.8,,,,,,35,100,6,121,0,86,71.1,3576.0,0.0,1872 1873 1882 1890 1924 1925 1926 1927 1928 1929 1930 1931 1933 1934 1935 1936 1937 1938 1939 1940 1941 1942 1943 1944 1945 1946 1947 1948 1960 1961 1962 1963 1964 1965 1970
germany,1871,2025,nominal,start,0.8,,,,,,35,100,7,121,0,63,52.1,820.0,0.0,1872 1873 1874 1875 1880 1881 1882 1883 1884 1885 1886 1887 1888 1889 1890 1891 1896 1897 1898 1899 1924 1925 1926 1927 1928 1929 1930 1931 1932 1933 1934 1935 1936 1937 1938 1939 1940 1941 1942 1943 1944 1945 1946 1947 1948 1960 1961 1962 1963 1964 1965 1966 1968 1969 1970 1973 1986 1987
germany,1871,2025,nominal,start,0.8,,,,,,35,100,8,121,0,51,42.1,0.0,0.0,1871 1872 1873 1874 1875 1876 1877 1880 1881 1882 1883 1884 1885 1886 1887 1888 1889 1890 1891 1892 1893 1894 1895 1896 1897 1898 1899 1900 1924 1925 1926 1927 1928 1929 1930 1931 1932 1933 1934 1935 1936 1937 1938 1939 1940 1941 1942 1943 1944 1945 1946 1947 1948 1960 1961 1962 1963 1964 1965 1966 1968 1969 1970 1971 1972 1973 1976 1986 1987 1990
germany,1871,2025,nominal,start,0.8,,,,,,35,100,9,121,0,35,28.9,0.0,0.0,1871 1872 1873 1874 1875 1876 1877 1878 1879 1880 1881 1882 1883 1884 1885 1886 1887 1888 1889 1890 1891 1892 1893 1894 1895 1896 1897 1898 1899 1900 1901 1902 1903 1904 1905 1906 1924 1925 1926 1927 1928 1929 1930 1931 1932 1933 1934 1935 1936 1937 1938 1939 1940 1941 1942 1943 1944 1945 1946 1947 1948 1959 1960 1961 1962 1963 1964 1965 1966 1967 1968 1969 1970 1971 1972 1973 1974 1976 1977 1978 1979 1986 1987 1989 1990 1991
germany,1871,2025,nominal,start,0.8,,,,,,35,100,10,121,0,27,22.3,0.0,0.0,1871 1872 1873 1874 1875 1876 1877 1878 1879 1880 1881 1882 1883 1884 1885 1886 1887 1888 1889 1890 1891 1892 1893 1894 1895 1896 1897 1898 1899 1900 1901 1902 1903 1904 1905 1906 1907 1908 1924 1925 1926 1927 1928 1929 1930 1931 1932 1933 1934 1935 1936 1937 1938 1939 1940 1941 1942 1943 1944 1945 1946 1947 1948 1955 1956 1959 1960 1961 1962 1963 1964 1965 1966 1967 1968 1969 1970 1971 1972 1973 1974 1975 1976 1977 1978 1979 1984 1985 1986 1987 1988 1989 1990 1991
germany,1871,2025,nominal,start,0.8,,,,,,35,100,11,121,0,24,19.8,0.0,0.0,1871 1872 1873 1874 1875 1876 1877 1878 1879 1880 1881 1882 1883 1884 1885 1886 1887 1888 1889 1890 1891 1892 1893 1894 1895 1896 1897 1898 1899 1900 1901 1902 1903 1904 1905 1906 1907 1908 1909 1910 1924 1925 1926 1927 1928 1929 1930 1931 1932 1933 1934 1935 1936 1937 1938 1939 1940 1941 1942 1943 1944 1945 1946 1947 1948 1955 1956 1959 1960 1961 1962 1963 1964 1965 1966 1967 1968 1969 1970 1971 1972 1973 1974 1975 1976 1977 1978 1979 1980 1984 1985 1986 1987 1988 1989 1990 1991
germany,1871,2025,nominal,start,0.8,,,,,,35,100,12,121,0,21,17.4,0.0,0.0,1871 1872 1873 1874 1875 1876 1877 1878 1879 1880 1881 1882 1883 1884 1885 1886 1887 1888 1889 1890 1891 1892 1893 1894 1895 1896 1897 1898 1899 1900 1901 1902 1903 1904 1905 1906 1907 1908 1909 1910 1911 1924 1925 1926 1927 1928 1929 1930 1931 1932 1933 1934 1935 1936 1937 1938 1939 1940 1941 1942 1943 1944 1945 1946 1947 1948 1955 1956 1957 1959 1960 1961 1962 1963 1964 1965 1966 1967 1968 1969 1970 1971 1972 1973 1974 1975 1976 1977 1978 1979 1980 1981 1984 1985 1986 1987 1988 1989 1990 1991
germany,1871,2025,nominal,start,0.8,,,,,,35,75,3,82,39,82,100.0,10586.0,2077.0,
germany,1871,2025,nominal,start,0.8,,,,,,35,75,4,82,39,82,100.0,8237.0,1125.0,
germany,1871,2025,nominal,start,0.8,,,,,,35,75,5,82,39,80,97.6,6228.0,0.0,1961 1962
germany,1871,2025,nominal,start,0.8,,,,,,35,75,6,82,39,63,76.8,3939.0,0.0,1872 1873 1874 1881 1882 1883 1884 1885 1886 1887 1889 1890 1891 1960 1961 1962 1964 1965 1970
germany,1871,2025,nominal,start,0.8,,,,,,35,75,7,82,39,43,52.4,330.0,0.0,1871 1872 1873 1874 1875 1876 1880 1881 1882 1883 1884 1885 1886 1887 1888 1889 1890 1891 1892 1893 1894 1895 1896 1897 1898 1899 1900 1960 1961 1962 1963 1964 1965 1966 1968 1969 1970 1986 1987
germany,1871,2025,nominal,start,0.8,,,,,,35,75,8,82,39,34,41.5,0.0,0.0,1871 1872 1873 1874 1875 1876 1877 1878 1879 1880 1881 1882 1883 1884 1885 1886 1887 1888 1889 1890 1891 1892 1893 1894 1895 1896 1897 1898 1899 1900 1901 1902 1960 1961 1962 1963 1964 1965 1966 1968 1969 1970 1971 1972 1973 1986 1987 1990
germany,1871,2025,nominal,start,0.8,,,,,,35,75,9,82,39,20,24.4,0.0,0.0,1871 1872 1873 1874 1875 1876 1877 1878 1879 1880 1881 1882 1883 1884 1885 1886 1887 1888 1889 1890 1891 1892 1893 1894 1895 1896 1897 1898 1899 1900 1901 1902 1903 1904 1905 1906 1907 1959 1960 1961 1962 1963 1964 1965 1966 1967 1968 1969 1970 1971 1972 1973 1974 1976 1977 1978 1979 1986 1987 1989 1990 1991
germany,1871,2025,nominal,start,0.8,,,,,,35,75,10,82,39,12,14.6,0.0,0.0,1871 1872 1873 1874 1875 1876 1877 1878 1879 1880 1881 1882 1883 1884 1885 1886 1887 1888 1889 1890 1891 1892 1893 1894 1895 1896 1897 1898 1899 1900 1901 1902 1903 1904 1905 1906 1907 1908 1955 1956 1959 1960 1961 1962 1963 1964 1965 1966 1967 1968 1969 1970 1971 1972 1973 1974 1975 1976 1977 1978 1979 1980 1984 1985 1986 1987 1988 1989 1990 1991
germany,1871,2025,nominal,start,0.8,,,,,,35,75,11,82,39,9,11.0,0.0,0.0,1871 1872 1873 1874 1875 1876 1877 1878 1879 1880 1881 1882 1883 1884 1885 1886 1887 1888 1889 1890 1891 1892 1893 1894 1895 1896 1897 1898 1899 1900 1901 1902 1903 1904 1905 1906 1907 1908 1909 1955 1956 1957 1959 1960 1961 1962 1963 1964 1965 1966 1967 1968 1969 1970 1971 1972 1973 1974 1975 1976 1977 1978 1979 1980 1981 1984 1985 1986 1987 1988 1989 1990 1991
germany,1871,2025,nominal,start,0.8,,,,,,35,75,12,82,39,6,7.3,0.0,0.0,1871 1872 1873 1874 1875 1876 1877 1878 1879 1880 1881 1882 1883 1884 1885 1886 1887 1888 1889 1890 1891 1892 1893 1894 1895 1896 1897 1898 1899 1900 1901 1902 1903 1904 1905 1906 1907 1908 1909 1955 1956 1957 1958 1959 1960 1961 1962 1963 1964 1965 1966 1967 1968 1969 1970 1971 1972 1973 1974 1975 1976 1977 1978 1979 1980 1981 1982 1983 1984 1985 1986 1987 1988 1989 1990 1991
germany,1871,2025,nominal,start,0.8,,,,,,35,50,3,82,39,82,100.0,8861.0,1588.0,
germany,1871,2025,nominal,start,0.8,,,,,,35,50,4,82,39,82,100.0,6891.0,894.0,
germany,1871,2025,nominal,start,0.8,,,,,,35,50,5,82,39,82,100.0,4958.0,155.0,
germany,1871,2025,nominal,start,0.8,,,,,,35,50,6,82,39,57,69.5,2102.0,0.0,1872 1873 1874 1875 1880 1881 1882 1883 1884 1885 1886 1887 1888 1889 1890 1891 1892 1893 1895 1896 1897 1898 1960 1961 1962
germany,1871,2025,nominal,start,0.8,,,,,,35,50,7,82,39,41,50.0,3.0,0.0,1871 1872 1873 1874 1875 1876 1877 1878 1879 1880 1881 1882 1883 1884 1885 1886 1887 1888 1889 1890 1891 1892 1893 1894 1895 1896 1897 1898 1899 1900 1960 1961 1962 1963 1964 1965 1966 1968 1969 1970 1987
germany,1871,2025,nominal,start,0.8,,,,,,35,50,8,82,39,24,29.3,0.0,0.0,1871 1872 1873 1874 1875 1876 1877 1878 1879 1880 1881 1882 1883 1884 1885 1886 1887 1888 1889 1890 1891 1892 1893 1894 1895 1896 1897 1898 1899 1900 1901 1902 1903 1904 1905 1906 1956 1959 1960 1961 1962 1963 1964 1965 1966 1968 1969 1970 1971 1972 1973 1976 1978 1986 1987 1989 1990 1991
germany,1871,2025,nominal,start,0.8,,,,,,35,50,9,82,39,15,18.3,0.0,0.0,1871 1872 1873 1874 1875 1876 1877 1878 1879 1880 1881 1882 1883 1884 1885 1886 1887 1888 1889 1890 1891 1892 1893 1894 1895 1896 1897 1898 1899 1900 1901 1902 1903 1904 1905 1906 1907 1955 1956 1959 1960 1961 1962 1963 1964 1965 1966 1967 1968 1969 1970 1971 1972 1973 1974 1975 1976 1977 1978 1979 1985 1986 1987 1988 1989 1990 1991
germany,1871,2025,nominal,start,0.8,,,,,,35,50,10,82,39,7,8.5,0.0,0.0,1871 1872 1873 1874 1875 1876 1877 1878 1879 1880 1881 1882 1883 1884 1885 1886 1887 1888 1889 1890 1891 1892 1893 1894 1895 1896 1897 1898 1899 1900 1901 1902 1903 1904 1905 1906 1907 1908 1909 1955 1956 1957 1958 1959 1960 1961 1962 1963 1964 1965 1966 1967 1968 1969 1970 1971 1972 1973 1974 1975 1976 1977 1978 1979 1980 1981 1983 1984 1985 1986 1987 1988 1989 1990 1991
germany,1871,2025,nominal,start,0.8,,,,,,35,50,11,82,39,3,3.7,0.0,0.0,1871 1872 1873 1874 1875 1876 1877 1878 1879 1880 1881 1882 1883 1884 1885 1886 1887 1888 1889 1890 1891 1892 1893 1894 1895 1896 1897 1898 1899 1900 1901 1902 1903 1904 1905 1906 1907 1908 1909 1952 1953 1954 1955 1956 1957 1958 1959 1960 1961 1962 1963 1964 1965 1966 1967 1968 1969 1970 1971 1972 1973 1974 1975 1976 1977 1978 1979 1980 1981 1982 1983 1984 1985 1986 1987 1988 1989 1990 1991
germany,1871,2025,nominal,start,0.8,,,,,,35,50,12,82,39,3,3.7,0.0,0.0,1871 1872 1873 1874 1875 1876 1877 1878 1879 1880 1881 1882 1883 1884 1885 1886 1887 1888 1889 1890 1891 1892 1893 1894 1895 1896 1897 1898 1899 1900 1901 1902 1903 1904 1905 1906 1907 1908 1909 1952 1953 1954 1955 1956 1957 1958 1959 1960 1961 1962 1963 1964 1965 1966 1967 1968 1969 1970 1971 1972 1973 1974 1975 1976 1977 1978 1979 1980 1981 1982 1983 1984 1985 1986 1987 1988 1989 1990 1991
germany,1871,2025,nominal,start,0.8,,,,,,35,25,3,82,39,82,100.0,6637.0,1155.0,
germany,1871,2025,nominal,start,0.8,,,,,,35,25,4,82,39,82,100.0,5124.0,531.0,
germany,1871,2025,nominal,start,0.8,,,,,,35,25,5,82,39,72,87.8,3207.0,0.0,1882 1883 1884 1885 1886 1887 1888 1889 1890 1891
germany,1871,2025,nominal,start,0.8,,,,,,35,25,6,82,39,51,62.2,995.0,0.0,1871 1872 1873 1874 1875 1876 1877 1878 1879 1880 1881 1882 1883 1884 1885 1886 1887 1888 1889 1890 1891 1892 1893 1894 1895 1896 1897 1898 1899 1961 1962
germany,1871,2025,nominal,start,0.8,,,,,,35,25,7,82,39,34,41.5,0.0,0.0,1871 1872 1873 1874 1875 1876 1877 1878 1879 1880 1881 1882 1883 1884 1885 1886 1887 1888 1889 1890 1891 1892 1893 1894 1895 1896 1897 1898 1899 1900 1901 1902 1903 1955 1956 1960 1961 1962 1963 1964 1965 1966 1968 1969 1970 1986 1987 1990
germany,1871,2025,nominal,start,0.8,,,,,,35,25,8,82,39,16,19.5,0.0,0.0,1871 1872 1873 1874 1875 1876 1877 1878 1879 1880 1881 1882 1883 1884 1885 1886 1887 1888 1889 1890 1891 1892 1893 1894 1895 1896 1897 1898 1899 1900 1901 1902 1903 1904 1905 1906 1907 1955 1956 1957 1959 1960 1961 1962 1963 1964 1965 1966 1967 1968 1969 1970 1971 1972 1973 1976 1977 1978 1979 1985 1986 1987 1988 1989 1990 1991
germany,1871,2025,nominal,start,0.8,,,,,,35,25,9,82,39,4,4.9,0.0,0.0,1871 1872 1873 1874 1875 1876 1877 1878 1879 1880 1881 1882 1883 1884 1885 1886 1887 1888 1889 1890 1891 1892 1893 1894 1895 1896 1897 1898 1899 1900 1901 1902 1903 1904 1905 1906 1907 1908 1950 1952 1953 1954 1955 1956 1957 1958 1959 1960 1961 1962 1963 1964 1965 1966 1967 1968 1969 1970 1971 1972 1973 1974 1975 1976 1977 1978 1979 1980 1981 1983 1984 1985 1986 1987 1988 1989 1990 1991
germany,1871,2025,nominal,start,0.8,,,,,,35,25,10,82,39,1,1.2,0.0,0.0,1871 1872 1873 1874 1875 1876 1877 1878 1879 1880 1881 1882 1883 1884 1885 1886 1887 1888 1889 1890 1891 1892 1893 1894 1895 1896 1897 1898 1899 1900 1901 1902 1903 1904 1905 1906 1907 1908 1909 1950 1951 1952 1953 1954 1955 1956 1957 1958 1959 1960 1961 1962 1963 1964 1965 1966 1967 1968 1969 1970 1971 1972 1973 1974 1975 1976 1977 1978 1979 1980 1981 1982 1983 1984 1985 1986 1987 1988 1989 1990 1991
germany,1871,2025,nominal,start,0.8,,,,,,35,25,11,82,39,0,0.0,0.0,0.0,1871 1872 1873 1874 1875 1876 1877 1878 1879 1880 1881 1882 1883 1884 1885 1886 1887 1888 1889 1890 1891 1892 1893 1894 1895 1896 1897 1898 1899 1900 1901 1902 1903 1904 1905 1906 1907 1908 1909 1949 1950 1951 1952 1953 1954 1955 1956 1957 1958 1959 1960 1961 1962 1963 1964 1965 1966 1967 1968 1969 1970 1971 1972 1973 1974 1975 1976 1977 1978 1979 1980 1981 1982 1983 1984 1985 1986 1987 1988 1989 1990 1991
germany,1871,2025,nominal,start,0.8,,,,,,35,25,12,82,39,0,0.0,0.0,0.0,1871 1872 1873 1874 1875 1876 1877 1878 1879 1880 1881 1882 1883 1884 1885 1886 1887 1888 1889 1890 1891 1892 1893 1894 1895 1896 1897 1898 1899 1900 1901 1902 1903 1904 1905 1906 1907 1908 1909 1949 1950 1951 1952 1953 1954 1955 1956 1957 1958 1959 1960 1961 1962 1963 1964 1965 1966 1967 1968 1969 1970 1971 1972 1973 1974 1975 1976 1977 1978 1979 1980 1981 1982 1983 1984 1985 1986 1987 1988 1989 1990 1991
germany,1871,2025,nominal,start,0.8,,,,,,35,0,3,82,39,82,100.0,2563.0,769.0,
germany,1871,2025,nominal,start,0.8,,,,,,35,0,4,82,39,82,100.0,1509.0,137.0,
germany,1871,2025,nominal,start,0.8,,,,,,35,0,5,82,39,51,62.2,555.0,0.0,1874 1875 1876 1877 1878 1879 1880 1881 1882 1883 1884 1885 1886 1887 1888 1889 1890 1891 1892 1893 1894 1895 1896 1897 1898 1899 1900 1901 1902 1903 1904
germany,1871,2025,nominal,start,0.8,,,,,,35,0,6,82,39,35,42.7,0.0,0.0,1871 1872 1873 1874 1875 1876 1877 1878 1879 1880 1881 1882 1883 1884 1885 1886 1887 1888 1889 1890 1891 1892 1893 1894 1895 1896 1897 1898 1899 1900 1901 1902 1903 1904 1905 1906 1907 1908 1909 1949 1950 1951 1952 1953 1954 1955 1956
germany,1871,2025,nominal,start,0.8,,,,,,35,0,7,82,39,7,8.5,0.0,0.0,1871 1872 1873 1874 1875 1876 1877 1878 1879 1880 1881 1882 1883 1884 1885 1886 1887 1888 1889 1890 1891 1892 1893 1894 1895 1896 1897 1898 1899 1900 1901 1902 1903 1904 1905 1906 1907 1908 1909 1949 1950 1951 1952 1953 1954 1955 1956 1957 1958 1959 1960 1961 1962 1963 1964 1965 1966 1968 1969 1970 1971 1972 1977 1978 1979 1980 1983 1984 1985 1986 1987 1988 1989 1990 1991
germany,1871,2025,nominal,start,0.8,,,,,,35,0,8,82,39,0,0.0,0.0,0.0,1871 1872 1873 1874 1875 1876 1877 1878 1879 1880 1881 1882 1883 1884 1885 1886 1887 1888 1889 1890 1891 1892 1893 1894 1895 1896 1897 1898 1899 1900 1901 1902 1903 1904 1905 1906 1907 1908 1909 1949 1950 1951 1952 1953 1954 1955 1956 1957 1958 1959 1960 1961 1962 1963 1964 1965 1966 1967 1968 1969 1970 1971 1972 1973 1974 1975 1976 1977 1978 1979 1980 1981 1982 1983 1984 1985 1986 1987 1988 1989 1990 1991
germany,1871,2025,nominal,start,0.8,,,,,,35,0,9,82,39,0,0.0,0.0,0.0,1871 1872 1873 1874 1875 1876 1877 1878 1879 1880 1881 1882 1883 1884 1885 1886 1887 1888 1889 1890 1891 1892 1893 1894 1895 1896 1897 1898 1899 1900 1901 1902 1903 1904 1905 1906 1907 1908 1909 1949 1950 1951 1952 1953 1954 1955 1956 1957 1958 1959 1960 1961 1962 1963 1964 1965 1966 1967 1968 1969 1970 1971 1972 1973 1974 1975 1976 1977 1978 1979 1980 1981 1982 1983 1984 1985 1986 1987 1988 1989 1990 1991
germany,1871,2025,nominal,start,0.8,,,,,,35,0,10,82,39,0,0.0,0.0,0.0,1871 1872 1873 1874 1875 1876 1877 1878 1879 1880 1881 1882 1883 1884 1885 1886 1887 1888 1889 1890 1891 1892 1893 1894 1895 1896 1897 1898 1899 1900 1901 1902 1903 1904 1905 1906 1907 1908 1909 1949 1950 1951 1952 1953 1954 1955 1956 1957 1958 1959 1960 1961 1962 1963 1964 1965 1966 1967 1968 1969 1970 1971 1972 1973 1974 1975 1976 1977 1978 1979 1980 1981 1982 1983 1984 1985 1986 1987 1988 1989 1990 1991
germany,1871,2025,nominal,start,0.8,,,,,,35,0,11,82,39,0,0.0,0.0,0.0,1871 1872 1873 1874 1875 1876 1877 1878 1879 1880 1881 1882 1883 1884 1885 1886 1887 1888 1889 1890 1891 1892 1893 1894 1895 1896 1897 1898 1899 1900 1901 1902 1903 1904 1905 1906 1907 1908 1909 1949 1950 1951 1952 1953 1954 1955 1956 1957 1958 1959 1960 1961 1962 1963 1964 1965 1966 1967 1968 1969 1970 1971 1972 1973 1974 1975 1976 1977 1978 1979 1980 1981 1982 1983 1984 1985 1986 1987 1988 1989 1990 1991
germany,1871,2025,nominal,start,0.8,,,,,,35,0,12,82,39,0,0.0,0.0,0.0,1871 1872 1873 1874 1875 1876 1877 1878 1879 1880 1881 1882 1883 1884 1885 1886 1887 1888 1889 1890 1891 1892 1893 1894 1895 1896 1897 1898 1899 1900 1901 1902 1903 1904 1905 1906 1907 1908 1909 1949 1950 1951 1952 1953 1954 1955 1956 1957 1958 1959 1960 1961 1962 1963 1964 1965 1966 1967 1968 1969 1970 1971 1972 1973 1974 1975 1976 1977 1978 1979 1980 1981 1982 1983 1984 1985 1986 1987 1988 1989 1990 1991
germany,1871,2025,nominal,start,0.8,,,,,,40,100,3,116,0,106,91.4,16832.0,0.0,1924 1925 1927 1928 1929 1930 1942 1943 1944 1945
germany,1871,2025,nominal,start,0.8,,,,,,40,100,4,116,0,97,83.6,14278.0,0.0,1924 1925 1927 1928 1929 1930 1931 1937 1938 1940 1941 1942 1943 1944 1945 1946 1947 1948 1961
germany,1871,2025,nominal,start,0.8,,,,,,40,100,5,116,0,92,79.3,10988.0,0.0,1873 1924 1925 1926 1927 1928 1929 1930 1931 1936 1937 1938 1939 1940 1941 1942 1943 1944 1945 1946 1947 1948 1961 1962
germany,1871,2025,nominal,start,0.8,,,,,,40,100,6,116,0,77,66.4,7227.0,0.0,1872 1873 1874 1882 1884 1885 1890 1924 1925 1926 1927 1928 1929 1930 1931 1933 1934 1935 1936 1937 1938 1939 1940 1941 1942 1943 1944 1945 1946 1947 1948 1960 1961 1962 1963 1964 1965 1969 1970
germany,1871,2025,nominal,start,0.8,,,,,,40,100,7,116,0,58,50.0,303.0,0.0,1871 1872 1873 1874 1875 1880 1881 1882 1883 1884 1885 1886 1887 1888 1889 1890 1891 1896 1897 1898 1899 1924 1925 1926 1927 1928 1929 1930 1931 1932 1933 1934 1935 1936 1937 1938 1939 1940 1941 1942 1943 1944 1945 1946 1947 1948 1960 1961 1962 1963 1964 1965 1966 1968 1969 1970 1973 1986
germany,1871,2025,nominal,start,0.8,,,,,,40,100,8,116,0,47,40.5,0.0,0.0,1871 1872 1873 1874 1875 1876 1877 1879 1880 1881 1882 1883 1884 1885 1886 1887 1888 1889 1890 1891 1892 1893 1894 1895 1896 1897 1898 1899 1900 1924 1925 1926 1927 1928 1929 1930 1931 1932 1933 1934 1935 1936 1937 1938 1939 1940 1941 1942 1943 1944 1945 1946 1947 1948 1960 1961 1962 1963 1964 1965 1966 1968 1969 1970 1971 1972 1973 1976 1986
germany,1871,2025,nominal,start,0.8,,,,,,40,100,9,116,0,34,29.3,0.0,0.0,1871 1872 1873 1874 1875 1876 1877 1878 1879 1880 1881 1882 1883 1884 1885 1886 1887 1888 1889 1890 1891 1892 1893 1894 1895 1896 1897 1898 1899 1900 1901 1902 1903 1904 1905 1906 1924 1925 1926 1927 1928 1929 1930 1931 1932 1933 1934 1935 1936 1937 1938 1939 1940 1941 1942 1943 1944 1945 1946 1947 1948 1959 1960 1961 1962 1963 1964 1965 1966 1967 1968 1969 1970 1971 1972 1973 1974 1976 1977 1978 1979 1986
germany,1871,2025,nominal,start,0.8,,,,,,40,100,10,116,0,27,23.3,0.0,0.0,1871 1872 1873 1874 1875 1876 1877 1878 1879 1880 1881 1882 1883 1884 1885 1886 1887 1888 1889 1890 1891 1892 1893 1894 1895 1896 1897 1898 1899 1900 1901 1902 1903 1904 1905 1906 1907 1908 1924 1925 1926 1927 1928 1929 1930 1931 1932 1933 1934 1935 1936 1937 1938 1939 1940 1941 1942 1943 1944 1945 1946 1947 1948 1955 1956 1959 1960 1961 1962 1963 1964 1965 1966 1967 1968 1969 1970 1971 1972 1973 1974 1975 1976 1977 1978 1979 1984 1985 1986
germany,1871,2025,nominal,start,0.8,,,,,,40,100,11,116,0,23,19.8,0.0,0.0,1871 1872 1873 1874 1875 1876 1877 1878 1879 1880 1881 1882 1883 1884 1885 1886 1887 1888 1889 1890 1891 1892 1893 1894 1895 1896 1897 1898 1899 1900 1901 1902 1903 1904 1905 1906 1907 1908 1909 1910 1924 1925 1926 1927 1928 1929 1930 1931 1932 1933 1934 1935 1936 1937 1938 1939 1940 1941 1942 1943 1944 1945 1946 1947 1948 1955 1956 1959 1960 1961 1962 1963 1964 1965 1966 1967 1968 1969 1970 1971 1972 1973 1974 1975 1976 1977 1978 1979 1980 1981 1984 1985 1986
germany,1871,2025,nominal,start,0.8,,,,,,40,100,12,116,0,18,15.5,0.0,0.0,1871 1872 1873 1874 1875 1876 1877 1878 1879 1880 1881 1882 1883 1884 1885 1886 1887 1888 1889 1890 1891 1892 1893 1894 1895 1896 1897 1898 1899 1900 1901 1902 1903 1904 1905 1906 1907 1908 1909 1910 1911 1924 1925 1926 1927 1928 1929 1930 1931 1932 1933 1934 1935 1936 1937 1938 1939 1940 1941 1942 1943 1944 1945 1946 1947 1948 1955 1956 1957 1958 1959 1960 1961 1962 1963 1964 1965 1966 1967 1968 1969 1970 1971 1972 1973 1974 1975 1976 1977 1978 1979 1980 1981 1982 1983 1984 1985 1986
germany,1871,2025,nominal,start,0.8,,,,,,40,75,3,72,44,72,100.0,16897.0,2627.0,
germany,1871,2025,nominal,start,0.8,,,,,,40,75,4,72,44,72,100.0,13844.0,1304.0,
germany,1871,2025,nominal,start,0.8,,,,,,40,75,5,72,44,69,95.8,11161.0,0.0,1873 1961 1962
germany,1871,2025,nominal,start,0.8,,,,,,40,75,6,72,44,51,70.8,5595.0,0.0,1872 1873 1874 1875 1880 1881 1882 1883 1884 1885 1886 1887 1889 1890 1891 1960 1961 1962 1964 1965 1970
germany,1871,2025,nominal,start,0.8,,,,,,40,75,7,72,44,33,45.8,0.0,0.0,1871 1872 1873 1874 1875 1876 1877 1880 1881 1882 1883 1884 1885 1886 1887 1888 1889 1890 1891 1892 1893 1894 1895 1896 1897 1898 1899 1900 1960 1961 1962 1963 1964 1965 1966 1968 1969 1970 1986
germany,1871,2025,nominal,start,0.8,,,,,,40,75,8,72,44,25,34.7,0.0,0.0,1871 1872 1873 1874 1875 1876 1877 1878 1879 1880 1881 1882 1883 1884 1885 1886 1887 1888 1889 1890 1891 1892 1893 1894 1895 1896 1897 1898 1899 1900 1901 1902 1960 1961 1962 1963 1964 1965 1966 1968 1969 1970 1971 1972 1973 1976 1986
germany,1871,2025,nominal,start,0.8,,,,,,40,75,9,72,44,14,19.4,0.0,0.0,1871 1872 1873 1874 1875 1876 1877 1878 1879 1880 1881 1882 1883 1884 1885 1886 1887 1888 1889 1890 1891 1892 1893 1894 1895 1896 1897 1898 1899 1900 1901 1902 1903 1904 1955 1956 1959 1960 1961 1962 1963 1964 1965 1966 1967 1968 1969 1970 1971 1972 1973 1974 1975 1976 1977 1978 1979 1986
germany,1871,2025,nominal,start,0.8,,,,,,40,75,10,72,44,11,15.3,0.0,0.0,1871 1872 1873 1874 1875 1876 1877 1878 1879 1880 1881 1882 1883 1884 1885 1886 1887 1888 1889 1890 1891 1892 1893 1894 1895 1896 1897 1898 1899 1900 1901 1902 1903 1904 1955 1956 1959 1960 1961 1962 1963 1964 1965 1966 1967 1968 1969 1970 1971 1972 1973 1974 1975 1976 1977 1978 1979 1980 1984 1985 1986
germany,1871,2025,nominal,start,0.8,,,,,,40,75,11,72,44,7,9.7,0.0,0.0,1871 1872 1873 1874 1875 1876 1877 1878 1879 1880 1881 1882 1883 1884 1885 1886 1887 1888 1889 1890 1891 1892 1893 1894 1895 1896 1897 1898 1899 1900 1901 1902 1903 1904 1955 1956 1957 1958 1959 1960 1961 1962 1963 1964 1965 1966 1967 1968 1969 1970 1971 1972 1973 1974 1975 1976 1977 1978 1979 1980 1981 1983 1984 1985 1986
germany,1871,2025,nominal,start,0.8,,,,,,40,75,12,72,44,6,8.3,0.0,0.0,1871 1872 1873 1874 1875 1876 1877 1878 1879 1880 1881 1882 1883 1884 1885 1886 1887 1888 1889 1890 1891 1892 1893 1894 1895 1896 1897 1898 1899 1900 1901 1902 1903 1904 1955 1956 1957 1958 1959 1960 1961 1962 1963 1964 1965 1966 1967 1968 1969 1970 1971 1972 1973 1974 1975 1976 1977 1978 1979 1980 1981 1982 1983 1984 1985 1986
germany,1871,2025,nominal,start,0.8,,,,,,40,50,3,72,44,72,100.0,12775.0,2070.0,
germany,1871,2025,nominal,start,0.8,,,,,,40,50,4,72,44,72,100.0,10464.0,1006.0,
germany,1871,2025,nominal,start,0.8,,,,,,40,50,5,72,44,70,97.2,7761.0,0.0,1873 1882
germany,1871,2025,nominal,start,0.8,,,,,,40,50,6,72,44,44,61.1,1592.0,0.0,1872 1873 1874 1875 1876 1877 1880 1881 1882 1883 1884 1885 1886 1887 1888 1889 1890 1891 1892 1893 1895 1896 1897 1898 1960 1961 1962 1965
germany,1871,2025,nominal,start,0.8,,,,,,40,50,7,72,44,31,43.1,0.0,0.0,1871 1872 1873 1874 1875 1876 1877 1878 1879 1880 1881 1882 1883 1884 1885 1886 1887 1888 1889 1890 1891 1892 1893 1894 1895 1896 1897 1898 1899 1900 1960 1961 1962 1963 1964 1965 1966 1968 1969 1970 1986
germany,1871,2025,nominal,start,0.8,,,,,,40,50,8,72,44,17,23.6,0.0,0.0,1871 1872 1873 1874 1875 1876 1877 1878 1879 1880 1881 1882 1883 1884 1885 1886 1887 1888 1889 1890 1891 1892 1893 1894 1895 1896 1897 1898 1899 1900 1901 1902 1903 1904 1955 1956 1959 1960 1961 1962 1963 1964 1965 1966 1967 1968 1969 1970 1971 1972 1973 1976 1978 1979 1986
germany,1871,2025,nominal,start,0.8,,,,,,40,50,9,72,44,10,13.9,0.0,0.0,1871 1872 1873 1874 1875 1876 1877 1878 1879 1880 1881 1882 1883 1884 1885 1886 1887 1888 1889 1890 1891 1892 1893 1894 1895 1896 1897 1898 1899 1900 1901 1902 1903 1904 1955 1956 1957 1959 1960 1961 1962 1963 1964 1965 1966 1967 1968 1969 1970 1971 1972 1973 1974 1975 1976 1977 1978 1979 1980 1984 1985 1986
germany,1871,2025,nominal,start,0.8,,,,,,40,50,10,72,44,7,9.7,0.0,0.0,1871 1872 1873 1874 1875 1876 1877 1878 1879 1880 1881 1882 1883 1884 1885 1886 1887 1888 1889 1890 1891 1892 1893 1894 1895 1896 1897 1898 1899 1900 1901 1902 1903 1904 1955 1956 1957 1958 1959 1960 1961 1962 1963 1964 1965 1966 1967 1968 1969 1970 1971 1972 1973 1974 1975 1976 1977 1978 1979 1980 1981 1983 1984 1985 1986
germany,1871,2025,nominal,start,0.8,,,,,,40,50,11,72,44,3,4.2,0.0,0.0,1871 1872 1873 1874 1875 1876 1877 1878 1879 1880 1881 1882 1883 1884 1885 1886 1887 1888 1889 1890 1891 1892 1893 1894 1895 1896 1897 1898 1899 1900 1901 1902 1903 1904 1952 1953 1954 1955 1956 1957 1958 1959 1960 1961 1962 1963 1964 1965 1966 1967 1968 1969 1970 1971 1972 1973 1974 1975 1976 1977 1978 1979 1980 1981 1982 1983 1984 1985 1986
germany,1871,2025,nominal,start,0.8,,,,,,40,50,12,72,44,3,4.2,0.0,0.0,1871 1872 1873 1874 1875 1876 1877 1878 1879 1880 1881 1882 1883 1884 1885 1886 1887 1888 1889 1890 1891 1892 1893 1894 1895 1896 1897 1898 1899 1900 1901 1902 1903 1904 1952 1953 1954 1955 1956 1957 1958 1959 1960 1961 1962 1963 1964 1965 1966 1967 1968 1969 1970 1971 1972 1973 1974 1975 1976 1977 1978 1979 1980 1981 1982 1983 1984 1985 1986
germany,1871,2025,nominal,start,0.8,,,,,,40,25,3,72,44,72,100.0,8418.0,1569.0,
germany,1871,2025,nominal,start,0.8,,,,,,40,25,4,72,44,72,100.0,6422.0,714.0,
germany,1871,2025,nominal,start,0.8,,,,,,40,25,5,72,44,56,77.8,3626.0,0.0,1872 1873 1874 1875 1880 1881 1882 1883 1884 1885 1886 1887 1888 1889 1890 1891
germany,1871,2025,nominal,start,0.8,,,,,,40,25,6,72,44,40,55.6,660.0,0.0,1871 1872 1873 1874 1875 1876 1877 1878 1879 1880 1881 1882 1883 1884 1885 1886 1887 1888 1889 1890 1891 1892 1893 1894 1895 1896 1897 1898 1899 1960 1961 1962
germany,1871,2025,nominal,start,0.8,,,,,,40,25,7,72,44,25,34.7,0.0,0.0,1871 1872 1873 1874 1875 1876 1877 1878 1879 1880 1881 1882 1883 1884 1885 1886 1887 1888 1889 1890 1891 1892 1893 1894 1895 1896 1897 1898 1899 1900 1901 1902 1903 1955 1956 1959 1960 1961 1962 1963 1964 1965 1966 1968 1969 1970 1986
germany,1871,2025,nominal,start,0.8,,,,,,40,25,8,72,44,6,8.3,0.0,0.0,1871 1872 1873 1874 1875 1876 1877 1878 1879 1880 1881 1882 1883 1884 1885 1886 1887 1888 1889 1890 1891 1892 1893 1894 1895 1896 1897 1898 1899 1900 1901 1902 1903 1904 1952 1953 1954 1955 1956 1957 1958 1959 1960 1961 1962 1963 1964 1965 1966 1967 1968 1969 1970 1971 1972 1973 1974 1975 1976 1977 1978 1979 1980 1984 1985 1986
germany,1871,2025,nominal,start,0.8,,,,,,40,25,9,72,44,2,2.8,0.0,0.0,1871 1872 1873 1874 1875 1876 1877 1878 1879 1880 1881 1882 1883 1884 1885 1886 1887 1888 1889 1890 1891 1892 1893 1894 1895 1896 1897 1898 1899 1900 1901 1902 1903 1904 1950 1952 1953 1954 1955 1956 1957 1958 1959 1960 1961 1962 1963 1964 1965 1966 1967 1968 1969 1970 1971 1972 1973 1974 1975 1976 1977 1978 1979 1980 1981 1982 1983 1984 1985 1986
germany,1871,2025,nominal,start,0.8,,,,,,40,25,10,72,44,1,1.4,0.0,0.0,1871 1872 1873 1874 1875 1876 1877 1878 1879 1880 1881 1882 1883 1884 1885 1886 1887 1888 1889 1890 1891 1892 1893 1894 1895 1896 1897 1898 1899 1900 1901 1902 1903 1904 1950 1951 1952 1953 1954 1955 1956 1957 1958 1959 1960 1961 1962 1963 1964 1965 1966 1967 1968 1969 1970 1971 1972 1973 1974 1975 1976 1977 1978 1979 1980 1981 1982 1983 1984 1985 1986
germany,1871,2025,nominal,start,0.8,,,,,,40,25,11,72,44,0,0.0,0.0,0.0,1871 1872 1873 1874 1875 1876 1877 1878 1879 1880 1881 1882 1883 1884 1885 1886 1887 1888 1889 1890 1891 1892 1893 1894 1895 1896 1897 1898 1899 1900 1901 1902 1903 1904 1949 1950 1951 1952 1953 1954 1955 1956 1957 1958 1959 1960 1961 1962 1963 1964 1965 1966 1967 1968 1969 1970 1971 1972 1973 1974 1975 1976 1977 1978 1979 1980 1981 1982 1983 1984 1985 1986
germany,1871,2025,nominal,start,0.8,,,,,,40,25,12,72,44,0,0.0,0.0,0.0,1871 1872 1873 1874 1875 1876 1877 1878 1879 1880 1881 1882 1883 1884 1885 1886 1887 1888 1889 1890 1891 1892 1893 1894 1895 1896 1897 1898 1899 1900 1901 1902 1903 1904 1949 1950 1951 1952 1953 1954 1955 1956 1957 1958 1959 1960 1961 1962 1963 1964 1965 1966 1967 1968 1969 1970 1971 1972 1973 1974 1975 1976 1977 1978 1979 1980 1981 1982 1983 1984 1985 1986
germany,1871,2025,nominal,start,0.8,,,,,,40,0,3,72,44,72,100.0,2764.0,903.0,
germany,1871,2025,nominal,start,0.8,,,,,,40,0,4,72,44,69,95.8,1635.0,0.0,1887 1889 1890
germany,1871,2025,nominal,start,0.8,,,,,,40,0,5,72,44,39,54.2,320.0,0.0,1872 1873 1874 1875 1876 1877 1878 1879 1880 1881 1882 1883 1884 1885 1886 1887 1888 1889 1890 1891 1892 1893 1894 1895 1896 1897 1898 1899 1900 1901 1902 1903 1904
germany,1871,2025,nominal,start,0.8,,,,,,40,0,6,72,44,24,33.3,0.0,0.0,1871 1872 1873 1874 1875 1876 1877 1878 1879 1880 1881 1882 1883 1884 1885 1886 1887 1888 1889 1890 1891 1892 1893 1894 1895 1896 1897 1898 1899 1900 1901 1902 1903 1904 1949 1950 1951 1952 1953 1954 1955 1956 1957 1959 1960 1962 1963 1986
germany,1871,2025,nominal,start,0.8,,,,,,40,0,7,72,44,3,4.2,0.0,0.0,1871 1872 1873 1874 1875 1876 1877 1878 1879 1880 1881 1882 1883 1884 1885 1886 1887 1888 1889 1890 1891 1892 1893 1894 1895 1896 1897 1898 1899 1900 1901 1902 1903 1904 1949 1950 1951 1952 1953 1954 1955 1956 1957 1958 1959 1960 1961 1962 1963 1964 1965 1966 1967 1968 1969 1970 1971 1972 1973 1976 1977 1978 1979 1980 1981 1983 1984 1985 1986
germany,1871,2025,nominal,start,0.8,,,,,,40,0,8,72,44,0,0.0,0.0,0.0,1871 1872 1873 1874 1875 1876 1877 1878 1879 1880 1881 1882 1883 1884 1885 1886 1887 1888 1889 1890 1891 1892 1893 1894 1895 1896 1897 1898 1899 1900 1901 1902 1903 1904 1949 1950 1951 1952 1953 1954 1955 1956 1957 1958 1959 1960 1961 1962 1963 1964 1965 1966 1967 1968 1969 1970 1971 1972 1973 1974 1975 1976 1977 1978 1979 1980 1981 1982 1983 1984 1985 1986
germany,1871,2025,nominal,start,0.8,,,,,,40,0,9,72,44,0,0.0,0.0,0.0,1871 1872 1873 1874 1875 1876 1877 1878 1879 1880 1881 1882 1883 1884 1885 1886 1887 1888 1889 1890 1891 1892 1893 1894 1895 1896 1897 1898 1899 1900 1901 1902 1903 1904 1949 1950 1951 1952 1953 1954 1955 1956 1957 1958 1959 1960 1961 1962 1963 1964 1965 1966 1967 1968 1969 1970 1971 1972 1973 1974 1975 1976 1977 1978 1979 1980 1981 1982 1983 1984 1985 1986
germany,1871,2025,nominal,start,0.8,,,,,,40,0,10,72,44,0,0.0,0.0,0.0,1871 1872 1873 1874 1875 1876 1877 1878 1879 1880 1881 1882 1883 1884 1885 1886 1887 1888 1889 1890 1891 1892 1893 1894 1895 1896 1897 1898 1899 1900 1901 1902 1903 1904 1949 1950 1951 1952 1953 1954 1955 1956 1957 1958 1959 1960 1961 1962 1963 1964 1965 1966 1967 1968 1969 1970 1971 1972 1973 1974 1975 1976 1977 1978 1979 1980 1981 1982 1983 1984 1985 1986
germany,1871,2025,nominal,start,0.8,,,,,,40,0,11,72,44,0,0.0,0.0,0.0,1871 1872 1873 1874 1875 1876 1877 1878 1879 1880 1881 1882 1883 1884 1885 1886 1887 1888 1889 1890 1891 1892 1893 1894 1895 1896 1897 1898 1899 1900 1901 1902 1903 1904 1949 1950 1951 1952 1953 1954 1955 1956 1957 1958 1959 1960 1961 1962 1963 1964 1965 1966 1967 1968 1969 1970 1971 1972 1973 1974 1975 1976 1977 1978 1979 1980 1981 1982 1983 1984 1985 1986
germany,1871,2025,nominal,start,0.8,,,,,,40,0,12,72,44,0,0.0,0.0,0.0,1871 1872 1873 1874 1875 1876 1877 1878 1879 1880 1881 1882 1883 1884 1885 1886 1887 1888 1889 1890 1891 1892 1893 1894 1895 1896 1897 1898 1899 1900 1901 1902 1903 1904 1949 1950 1951 1952 1953 1954 1955 1956 1957 1958 1959 1960 1961 1962 1963 1964 1965 1966 1967 1968 1969 1970 1971 1972 1973 1974 1975 1976 1977 1978 1979 1980 1981 1982 1983 1984 1985 1986
germany,1871,2025,nominal,start,0.8,,,,,,45,100,3,111,0,100,90.1,34990.0,0.0,1924 1925 1927 1928 1929 1930 1941 1942 1943 1944 1945
germany,1871,2025,nominal,start,0.8,,,,,,45,100,4,111,0,92,82.9,28328.0,0.0,1924 1925 1927 1928 1929 1930 1931 1937 1938 1940 1941 1942 1943 1944 1945 1946 1947 1948 1961
germany,1871,2025,nominal,start,0.8,,,,,,45,100,5,111,0,86,77.5,24043.0,0.0,1873 1924 1925 1926 1927 1928 1929 1930 1931 1936 1937 1938 1939 1940 1941 1942 1943 1944 1945 1946 1947 1948 1960 1961 1962
germany,1871,2025,nominal,start,0.8,,,,,,45,100,6,111,0,72,64.9,10420.0,0.0,1872 1873 1874 1882 1884 1885 1890 1924 1925 1926 1927 1928 1929 1930 1931 1933 1934 1935 1936 1937 1938 1939 1940 1941 1942 1943 1944 1945 1946 1947 1948 1960 1961 1962 1963 1964 1965 1969 1970
germany,1871,2025,nominal,start,0.8,,,,,,45,100,7,111,0,54,48.6,0.0,0.0,1871 1872 1873 1874 1875 1880 1881 1882 1883 1884 1885 1886 1887 1888 1889 1890 1891 1896 1897 1898 1899 1924 1925 1926 1927 1928 1929 1930 1931 1932 1933 1934 1935 1936 1937 1938 1939 1940 1941 1942 1943 1944 1945 1946 1947 1948 1960 1961 1962 1963 1964 1965 1966 1968 1969 1970 1973
germany,1871,2025,nominal,start,0.8,,,,,,45,100,8,111,0,42,37.8,0.0,0.0,1871 1872 1873 1874 1875 1876 1877 1878 1879 1880 1881 1882 1883 1884 1885 1886 1887 1888 1889 1890 1891 1892 1893 1894 1895 1896 1897 1898 1899 1900 1924 1925 1926 1927 1928 1929 1930 1931 1932 1933 1934 1935 1936 1937 1938 1939 1940 1941 1942 1943 1944 1945 1946 1947 1948 1960 1961 1962 1963 1964 1965 1966 1968 1969 1970 1971 1972 1973 1976
germany,1871,2025,nominal,start,0.8,,,,,,45,100,9,111,0,30,27.0,0.0,0.0,1871 1872 1873 1874 1875 1876 1877 1878 1879 1880 1881 1882 1883 1884 1885 1886 1887 1888 1889 1890 1891 1892 1893 1894 1895 1896 1897 1898 1899 1900 1901 1902 1903 1904 1905 1906 1924 1925 1926 1927 1928 1929 1930 1931 1932 1933 1934 1935 1936 1937 1938 1939 1940 1941 1942 1943 1944 1945 1946 1947 1948 1959 1960 1961 1962 1963 1964 1965 1966 1967 1968 1969 1970 1971 1972 1973 1974 1976 1977 1978 1979
germany,1871,2025,nominal,start,0.8,,,,,,45,100,10,111,0,24,21.6,0.0,0.0,1871 1872 1873 1874 1875 1876 1877 1878 1879 1880 1881 1882 1883 1884 1885 1886 1887 1888 1889 1890 1891 1892 1893 1894 1895 1896 1897 1898 1899 1900 1901 1902 1903 1904 1905 1906 1907 1908 1924 1925 1926 1927 1928 1929 1930 1931 1932 1933 1934 1935 1936 1937 1938 1939 1940 1941 1942 1943 1944 1945 1946 1947 1948 1955 1956 1959 1960 1961 1962 1963 1964 1965 1966 1967 1968 1969 1970 1971 1972 1973 1974 1975 1976 1977 1978 1979 1980
germany,1871,2025,nominal,start,0.8,,,,,,45,100,11,111,0,21,18.9,0.0,0.0,1871 1872 1873 1874 1875 1876 1877 1878 1879 1880 1881 1882 1883 1884 1885 1886 1887 1888 1889 1890 1891 1892 1893 1894 1895 1896 1897 1898 1899 1900 1901 1902 1903 1904 1905 1906 1907 1908 1909 1910 1924 1925 1926 1927 1928 1929 1930 1931 1932 1933 1934 1935 1936 1937 1938 1939 1940 1941 1942 1943 1944 1945 1946 1947 1948 1955 1956 1959 1960 1961 1962 1963 1964 1965 1966 1967 1968 1969 1970 1971 1972 1973 1974 1975 1976 1977 1978 1979 1980 1981
germany,1871,2025,nominal,start,0.8,,,,,,45,100,12,111,0,18,16.2,0.0,0.0,1871 1872 1873 1874 1875 1876 1877 1878 1879 1880 1881 1882 1883 1884 1885 1886 1887 1888 1889 1890 1891 1892 1893 1894 1895 1896 1897 1898 1899 1900 1901 1902 1903 1904 1905 1906 1907 1908 1909 1910 1911 1924 1925 1926 1927 1928 1929 1930 1931 1932 1933 1934 1935 1936 1937 1938 1939 1940 1941 1942 1943 1944 1945 1946 1947 1948 1955 1956 1957 1958 1959 1960 1961 1962 1963 1964 1965 1966 1967 1968 1969 1970 1971 1972 1973 1974 1975 1976 1977 1978 1979 1980 1981
germany,1871,2025,nominal,start,0.8,,,,,,45,75,3,62,49,62,100.0,29138.0,3398.0,
germany,1871,2025,nominal,start,0.8,,,,,,45,75,4,62,49,62,100.0,24534.0,1522.0,
germany,1871,2025,nominal,start,0.8,,,,,,45,75,5,62,49,59,95.2,19886.0,0.0,1873 1961 1962
germany,1871,2025,nominal,start,0.8,,,,,,45,75,6,62,49,40,64.5,5519.0,0.0,1872 1873 1874 1875 1880 1881 1882 1883 1884 1885 1886 1887 1889 1890 1891 1960 1961 1962 1963 1964 1965 1970
germany,1871,2025,nominal,start,0.8,,,,,,45,75,7,62,49,22,35.5,0.0,0.0,1871 1872 1873 1874 1875 1876 1877 1878 1879 1880 1881 1882 1883 1884 1885 1886 1887 1888 1889 1890 1891 1892 1893 1894 1895 1896 1897 1898 1899 1960 1961 1962 1963 1964 1965 1966 1968 1969 1970 1973
germany,1871,2025,nominal,start,0.8,,,,,,45,75,8,62,49,18,29.0,0.0,0.0,1871 1872 1873 1874 1875 1876 1877 1878 1879 1880 1881 1882 1883 1884 1885 1886 1887 1888 1889 1890 1891 1892 1893 1894 1895 1896 1897 1898 1899 1960 1961 1962 1963 1964 1965 1966 1967 1968 1969 1970 1971 1972 1973 1976
germany,1871,2025,nominal,start,0.8,,,,,,45,75,9,62,49,10,16.1,0.0,0.0,1871 1872 1873 1874 1875 1876 1877 1878 1879 1880 1881 1882 1883 1884 1885 1886 1887 1888 1889 1890 1891 1892 1893 1894 1895 1896 1897 1898 1899 1955 1956 1959 1960 1961 1962 1963 1964 1965 1966 1967 1968 1969 1970 1971 1972 1973 1974 1975 1976 1977 1978 1979
germany,1871,2025,nominal,start,0.8,,,,,,45,75,10,62,49,9,14.5,0.0,0.0,1871 1872 1873 1874 1875 1876 1877 1878 1879 1880 1881 1882 1883 1884 1885 1886 1887 1888 1889 1890 1891 1892 1893 1894 1895 1896 1897 1898 1899 1955 1956 1959 1960 1961 1962 1963 1964 1965 1966 1967 1968 1969 1970 1971 1972 1973 1974 1975 1976 1977 1978 1979 1980
germany,1871,2025,nominal,start,0.8,,,,,,45,75,11,62,49,6,9.7,0.0,0.0,1871 1872 1873 1874 1875 1876 1877 1878 1879 1880 1881 1882 1883 1884 1885 1886 1887 1888 1889 1890 1891 1892 1893 1894 1895 1896 1897 1898 1899 1955 1956 1957 1958 1959 1960 1961 1962 1963 1964 1965 1966 1967 1968 1969 1970 1971 1972 1973 1974 1975 1976 1977 1978 1979 1980 1981
germany,1871,2025,nominal,start,0.8,,,,,,45,75,12,62,49,6,9.7,0.0,0.0,1871 1872 1873 1874 1875 1876 1877 1878 1879 1880 1881 1882 1883 1884 1885 1886 1887 1888 1889 1890 1891 1892 1893 1894 1895 1896 1897 1898 1899 1955 1956 1957 1958 1959 1960 1961 1962 1963 1964 1965 1966 1967 1968 1969 1970 1971 1972 1973 1974 1975 1976 1977 1978 1979 1980 1981
germany,1871,2025,nominal,start,0.8,,,,,,45,50,3,62,49,62,100.0,21081.0,2518.0,
germany,1871,2025,nominal,start,0.8,,,,,,45,50,4,62,49,62,100.0,17133.0,1065.0,
germany,1871,2025,nominal,start,0.8,,,,,,45,50,5,62,49,59,95.2,11641.0,0.0,1872 1873 1882
germany,1871,2025,nominal,start,0.8,,,,,,45,50,6,62,49,30,48.4,0.0,0.0,1871 1872 1873 1874 1875 1876 1877 1878 1879 1880 1881 1882 1883 1884 1885 1886 1887 1888 1889 1890 1891 1892 1893 1895 1896 1897 1898 1960 1961 1962 1964 1965
germany,1871,2025,nominal,start,0.8,,,,,,45,50,7,62,49,23,37.1,0.0,0.0,1871 1872 1873 1874 1875 1876 1877 1878 1879 1880 1881 1882 1883 1884 1885 1886 1887 1888 1889 1890 1891 1892 1893 1894 1895 1896 1897 1898 1899 1960 1961 1962 1963 1964 1965 1966 1968 1969 1970
germany,1871,2025,nominal,start,0.8,,,,,,45,50,8,62,49,12,19.4,0.0,0.0,1871 1872 1873 1874 1875 1876 1877 1878 1879 1880 1881 1882 1883 1884 1885 1886 1887 1888 1889 1890 1891 1892 1893 1894 1895 1896 1897 1898 1899 1955 1956 1959 1960 1961 1962 1963 1964 1965 1966 1967 1968 1969 1970 1971 1972 1973 1976 1977 1978 1979
germany,1871,2025,nominal,start,0.8,,,,,,45,50,9,62,49,8,12.9,0.0,0.0,1871 1872 1873 1874 1875 1876 1877 1878 1879 1880 1881 1882 1883 1884 1885 1886 1887 1888 1889 1890 1891 1892 1893 1894 1895 1896 1897 1898 1899 1955 1956 1957 1959 1960 1961 1962 1963 1964 1965 1966 1967 1968 1969 1970 1971 1972 1973 1974 1975 1976 1977 1978 1979 1980
germany,1871,2025,nominal,start,0.8,,,,,,45,50,10,62,49,6,9.7,0.0,0.0,1871 1872 1873 1874 1875 1876 1877 1878 1879 1880 1881 1882 1883 1884 1885 1886 1887 1888 1889 1890 1891 1892 1893 1894 1895 1896 1897 1898 1899 1955 1956 1957 1958 1959 1960 1961 1962 1963 1964 1965 1966 1967 1968 1969 1970 1971 1972 1973 1974 1975 1976 1977 1978 1979 1980 1981
germany,1871,2025,nominal,start,0.8,,,,,,45,50,11,62,49,3,4.8,0.0,0.0,1871 1872 1873 1874 1875 1876 1877 1878 1879 1880 1881 1882 1883 1884 1885 1886 1887 1888 1889 1890 1891 1892 1893 1894 1895 1896 1897 1898 1899 1952 1953 1954 1955 1956 1957 1958 1959 1960 1961 1962 1963 1964 1965 1966 1967 1968 1969 1970 1971 1972 1973 1974 1975 1976 1977 1978 1979 1980 1981
germany,1871,2025,nominal,start,0.8,,,,,,45,50,12,62,49,3,4.8,0.0,0.0,1871 1872 1873 1874 1875 1876 1877 1878 1879 1880 1881 1882 1883 1884 1885 1886 1887 1888 1889 1890 1891 1892 1893 1894 1895 1896 1897 1898 1899 1952 1953 1954 1955 1956 1957 1958 1959 1960 1961 1962 1963 1964 1965 1966 1967 1968 1969 1970 1971 1972 1973 1974 1975 1976 1977 1978 1979 1980 1981
germany,1871,2025,nominal,start,0.8,,,,,,45,25,3,62,49,62,100.0,12829.0,1735.0,
germany,1871,2025,nominal,start,0.8,,,,,,45,25,4,62,49,62,100.0,9450.0,652.0,
germany,1871,2025,nominal,start,0.8,,,,,,45,25,5,62,49,44,71.0,4236.0,0.0,1872 1873 1874 1875 1876 1877 1880 1881 1882 1883 1884 1885 1886 1887 1888 1889 1890 1891
germany,1871,2025,nominal,start,0.8,,,,,,45,25,6,62,49,28,45.2,0.0,0.0,1871 1872 1873 1874 1875 1876 1877 1878 1879 1880 1881 1882 1883 1884 1885 1886 1887 1888 1889 1890 1891 1892 1893 1894 1895 1896 1897 1898 1899 1960 1961 1962 1964 1965
germany,1871,2025,nominal,start,0.8,,,,,,45,25,7,62,49,15,24.2,0.0,0.0,1871 1872 1873 1874 1875 1876 1877 1878 1879 1880 1881 1882 1883 1884 1885 1886 1887 1888 1889 1890 1891 1892 1893 1894 1895 1896 1897 1898 1899 1955 1956 1959 1960 1961 1962 1963 1964 1965 1966 1968 1969 1970 1971 1972 1973 1978 1979
germany,1871,2025,nominal,start,0.8,,,,,,45,25,8,62,49,4,6.5,0.0,0.0,1871 1872 1873 1874 1875 1876 1877 1878 1879 1880 1881 1882 1883 1884 1885 1886 1887 1888 1889 1890 1891 1892 1893 1894 1895 1896 1897 1898 1899 1952 1953 1954 1955 1956 1957 1958 1959 1960 1961 1962 1963 1964 1965 1966 1967 1968 1969 1970 1971 1972 1973 1974 1975 1976 1977 1978 1979 1980
germany,1871,2025,nominal,start,0.8,,,,,,45,25,9,62,49,2,3.2,0.0,0.0,1871 1872 1873 1874 1875 1876 1877 1878 1879 1880 1881 1882 1883 1884 1885 1886 1887 1888 1889 1890 1891 1892 1893 1894 1895 1896 1897 1898 1899 1950 1952 1953 1954 1955 1956 1957 1958 1959 1960 1961 1962 1963 1964 1965 1966 1967 1968 1969 1970 1971 1972 1973 1974 1975 1976 1977 1978 1979 1980 1981
germany,1871,2025,nominal,start,0.8,,,,,,45,25,10,62,49,1,1.6,0.0,0.0,1871 1872 1873 1874 1875 1876 1877 1878 1879 1880 1881 1882 1883 1884 1885 1886 1887 1888 1889 1890 1891 1892 1893 1894 1895 1896 1897 1898 1899 1950 1951 1952 1953 1954 1955 1956 1957 1958 1959 1960 1961 1962 1963 1964 1965 1966 1967 1968 1969 1970 1971 1972 1973 1974 1975 1976 1977 1978 1979 1980 1981
germany,1871,2025,nominal,start,0.8,,,,,,45,25,11,62,49,0,0.0,0.0,0.0,1871 1872 1873 1874 1875 1876 1877 1878 1879 1880 1881 1882 1883 1884 1885 1886 1887 1888 1889 1890 1891 1892 1893 1894 1895 1896 1897 1898 1899 1949 1950 1951 1952 1953 1954 1955 1956 1957 1958 1959 1960 1961 1962 1963 1964 1965 1966 1967 1968 1969 1970 1971 1972 1973 1974 1975 1976 1977 1978 1979 1980 1981
germany,1871,2025,nominal,start,0.8,,,,,,45,25,12,62,49,0,0.0,0.0,0.0,1871 1872 1873 1874 1875 1876 1877 1878 1879 1880 1881 1882 1883 1884 1885 1886 1887 1888 1889 1890 1891 1892 1893 1894 1895 1896 1897 1898 1899 1949 1950 1951 1952 1953 1954 1955 1956 1957 1958 1959 1960 1961 1962 1963 1964 1965 1966 1967 1968 1969 1970 1971 1972 1973 1974 1975 1976 1977 1978 1979 1980 1981
germany,1871,2025,nominal,start,0.8,,,,,,45,0,3,62,49,62,100.0,3274.0,1037.0,
germany,1871,2025,nominal,start,0.8,,,,,,45,0,4,62,49,48,77.4,2189.0,0.0,1881 1882 1883 1884 1885 1886 1887 1888 1889 1890 1891 1895 1896 1897
germany,1871,2025,nominal,start,0.8,,,,,,45,0,5,62,49,32,51.6,153.0,0.0,1871 1872 1873 1874 1875 1876 1877 1878 1879 1880 1881 1882 1883 1884 1885 1886 1887 1888 1889 1890 1891 1892 1893 1894 1895 1896 1897 1898 1899 1950
germany,1871,2025,nominal,start,0.8,,,,,,45,0,6,62,49,16,25.8,0.0,0.0,1871 1872 1873 1874 1875 1876 1877 1878 1879 1880 1881 1882 1883 1884 1885 1886 1887 1888 1889 1890 1891 1892 1893 1894 1895 1896 1897 1898 1899 1949 1950 1951 1952 1953 1954 1955 1956 1957 1959 1960 1961 1962 1963 1964 1965 1978
germany,1871,2025,nominal,start,0.8,,,,,,45,0,7,62,49,0,0.0,0.0,0.0,1871 1872 1873 1874 1875 1876 1877 1878 1879 1880 1881 1882 1883 1884 1885 1886 1887 1888 1889 1890 1891 1892 1893 1894 1895 1896 1897 1898 1899 1949 1950 1951 1952 1953 1954 1955 1956 1957 1958 1959 1960 1961 1962 1963 1964 1965 1966 1967 1968 1969 1970 1971 1972 1973 1974 1975 1976 1977 1978 1979 1980 1981
germany,1871,2025,nominal,start,0.8,,,,,,45,0,8,62,49,0,0.0,0.0,0.0,1871 1872 1873 1874 1875 1876 1877 1878 1879 1880 1881 1882 1883 1884 1885 1886 1887 1888 1889 1890 1891 1892 1893 1894 1895 1896 1897 1898 1899 1949 1950 1951 1952 1953 1954 1955 1956 1957 1958 1959 1960 1961 1962 1963 1964 1965 1966 1967 1968 1969 1970 1971 1972 1973 1974 1975 1976 1977 1978 1979 1980 1981
germany,1871,2025,nominal,start,0.8,,,,,,45,0,9,62,49,0,0.0,0.0,0.0,1871 1872 1873 1874 1875 1876 1877 1878 1879 1880 1881 1882 1883 1884 1885 1886 1887 1888 1889 1890 1891 1892 1893 1894 1895 1896 1897 1898 1899 1949 1950 1951 1952 1953 1954 1955 1956 1957 1958 1959 1960 1961 1962 1963 1964 1965 1966 1967 1968 1969 1970 1971 1972 1973 1974 1975 1976 1977 1978 1979 1980 1981
germany,1871,2025,nominal,start,0.8,,,,,,45,0,10,62,49,0,0.0,0.0,0.0,1871 1872 1873 1874 1875 1876 1877 1878 1879 1880 1881 1882 1883 1884 1885 1886 1887 1888 1889 1890 1891 1892 1893 1894 1895 1896 1897 1898 1899 1949 1950 1951 1952 1953 1954 1955 1956 1957 1958 1959 1960 1961 1962 1963 1964 1965 1966 1967 1968 1969 1970 1971 1972 1973 1974 1975 1976 1977 1978 1979 1980 1981
germany,1871,2025,nominal,start,0.8,,,,,,45,0,11,62,49,0,0.0,0.0,0.0,1871 1872 1873 1874 1875 1876 1877 1878 1879 1880 1881 1882 1883 1884 1885 1886 1887 1888 1889 1890 1891 1892 1893 1894 1895 1896 1897 1898 1899 1949 1950 1951 1952 1953 1954 1955 1956 1957 1958 1959 1960 1961 1962 1963 1964 1965 1966 1967 1968 1969 1970 1971 1972 1973 1974 1975 1976 1977 1978 1979 1980 1981
germany,1871,2025,nominal,start,0.8,,,,,,45,0,12,62,49,0,0.0,0.0,0.0,1871 1872 1873 1874 1875 1876 1877 1878 1879 1880 1881 1882 1883 1884 1885 1886 1887 1888 1889 1890 1891 1892 1893 1894 1895 1896 1897 1898 1899 1949 1950 1951 1952 1953 1954 1955 1956 1957 1958 1959 1960 1961 1962 1963 1964 1965 1966 1967 1968 1969 1970 1971 1972 1973 1974 1975 1976 1977 1978 1979 1980 1981
germany,1871,2025,nominal,start,0.8,,,,,,50,100,3,106,0,95,89.6,387819.0,0.0,1924 1925 1927 1928 1929 1930 1941 1942 1943 1944 1945
germany,1871,2025,nominal,start,0.8,,,,,,50,100,4,106,0,87,82.1,263224.0,0.0,1924 1925 1927 1928 1929 1930 1931 1937 1938 1940 1941 1942 1943 1944 1945 1946 1947 1948 1961
germany,1871,2025,nominal,start,0.8,,,,,,50,100,5,106,0,80,75.5,226146.0,0.0,1873 1924 1925 1926 1927 1928 1929 1930 1931 1935 1936 1937 1938 1939 1940 1941 1942 1943 1944 1945 1946 1947 1948 1960 1961 1962
germany,1871,2025,nominal,start,0.8,,,,,,50,100,6,106,0,67,63.2,29164.0,0.0,1872 1873 1874 1882 1884 1885 1890 1924 1925 1926 1927 1928 1929 1930 1931 1933 1934 1935 1936 1937 1938 1939 1940 1941 1942 1943 1944 1945 1946 1947 1948 1960 1961 1962 1963 1964 1965 1969 1970
germany,1871,2025,nominal,start,0.8,,,,,,50,100,7,106,0,49,46.2,0.0,0.0,1871 1872 1873 1874 1875 1880 1881 1882 1883 1884 1885 1886 1887 1888 1889 1890 1891 1896 1897 1898 1899 1924 1925 1926 1927 1928 1929 1930 1931 1932 1933 1934 1935 1936 1937 1938 1939 1940 1941 1942 1943 1944 1945 1946 1947 1948 1960 1961 1962 1963 1964 1965 1966 1968 1969 1970 1973
germany,1871,2025,nominal,start,0.8,,,,,,50,100,8,106,0,36,34.0,0.0,0.0,1871 1872 1873 1874 1875 1876 1877 1878 1879 1880 1881 1882 1883 1884 1885 1886 1887 1888 1889 1890 1891 1892 1893 1894 1895 1896 1897 1898 1899 1900 1924 1925 1926 1927 1928 1929 1930 1931 1932 1933 1934 1935 1936 1937 1938 1939 1940 1941 1942 1943 1944 1945 1946 1947 1948 1960 1961 1962 1963 1964 1965 1966 1967 1968 1969 1970 1971 1972 1973 1976
germany,1871,2025,nominal,start,0.8,,,,,,50,100,9,106,0,27,25.5,0.0,0.0,1871 1872 1873 1874 1875 1876 1877 1878 1879 1880 1881 1882 1883 1884 1885 1886 1887 1888 1889 1890 1891 1892 1893 1894 1895 1896 1897 1898 1899 1900 1901 1902 1903 1904 1905 1906 1924 1925 1926 1927 1928 1929 1930 1931 1932 1933 1934 1935 1936 1937 1938 1939 1940 1941 1942 1943 1944 1945 1946 1947 1948 1959 1960 1961 1962 1963 1964 1965 1966 1967 1968 1969 1970 1971 1972 1973 1974 1975 1976
germany,1871,2025,nominal,start,0.8,,,,,,50,100,10,106,0,23,21.7,0.0,0.0,1871 1872 1873 1874 1875 1876 1877 1878 1879 1880 1881 1882 1883 1884 1885 1886 1887 1888 1889 1890 1891 1892 1893 1894 1895 1896 1897 1898 1899 1900 1901 1902 1903 1904 1905 1906 1907 1908 1924 1925 1926 1927 1928 1929 1930 1931 1932 1933 1934 1935 1936 1937 1938 1939 1940 1941 1942 1943 1944 1945 1946 1947 1948 1955 1956 1959 1960 1961 1962 1963 1964 1965 1966 1967 1968 1969 1970 1971 1972 1973 1974 1975 1976
germany,1871,2025,nominal,start,0.8,,,,,,50,100,11,106,0,21,19.8,0.0,0.0,1871 1872 1873 1874 1875 1876 1877 1878 1879 1880 1881 1882 1883 1884 1885 1886 1887 1888 1889 1890 1891 1892 1893 1894 1895 1896 1897 1898 1899 1900 1901 1902 1903 1904 1905 1906 1907 1908 1909 1910 1924 1925 1926 1927 1928 1929 1930 1931 1932 1933 1934 1935 1936 1937 1938 1939 1940 1941 1942 1943 1944 1945 1946 1947 1948 1955 1956 1959 1960 1961 1962 1963 1964 1965 1966 1967 1968 1969 1970 1971 1972 1973 1974 1975 1976
germany,1871,2025,nominal,start,0.8,,,,,,50,100,12,106,0,18,17.0,0.0,0.0,1871 1872 1873 1874 1875 1876 1877 1878 1879 1880 1881 1882 1883 1884 1885 1886 1887 1888 1889 1890 1891 1892 1893 1894 1895 1896 1897 1898 1899 1900 1901 1902 1903 1904 1905 1906 1907 1908 1909 1910 1911 1924 1925 1926 1927 1928 1929 1930 1931 1932 1933 1934 1935 1936 1937 1938 1939 1940 1941 1942 1943 1944 1945 1946 1947 1948 1955 1956 1957 1958 1959 1960 1961 1962 1963 1964 1965 1966 1967 1968 1969 1970 1971 1972 1973 1974 1975 1976
germany,1871,2025,nominal,start,0.8,,,,,,50,75,3,52,54,52,100.0,74145.0,7284.0,
germany,1871,2025,nominal,start,0.8,,,,,,50,75,4,52,54,52,100.0,66595.0,2070.0,
germany,1871,2025,nominal,start,0.8,,,,,,50,75,5,52,54,48,92.3,45227.0,0.0,1872 1873 1961 1962
germany,1871,2025,nominal,start,0.8,,,,,,50,75,6,52,54,30,57.7,3468.0,0.0,1872 1873 1874 1875 1880 1881 1882 1883 1884 1885 1886 1887 1889 1890 1891 1960 1961 1962 1963 1964 1965 1970
germany,1871,2025,nominal,start,0.8,,,,,,50,75,7,52,54,17,32.7,0.0,0.0,1871 1872 1873 1874 1875 1876 1877 1878 1879 1880 1881 1882 1883 1884 1885 1886 1887 1888 1889 1890 1891 1892 1893 1894 1960 1961 1962 1963 1964 1965 1966 1968 1969 1970 1973
germany,1871,2025,nominal,start,0.8,,,,,,50,75,8,52,54,12,23.1,0.0,0.0,1871 1872 1873 1874 1875 1876 1877 1878 1879 1880 1881 1882 1883 1884 1885 1886 1887 1888 1889 1890 1891 1892 1893 1894 1959 1960 1961 1962 1963 1964 1965 1966 1967 1968 1969 1970 1971 1972 1973 1976
germany,1871,2025,nominal,start,0.8,,,,,,50,75,9,52,54,8,15.4,0.0,0.0,1871 1872 1873 1874 1875 1876 1877 1878 1879 1880 1881 1882 1883 1884 1885 1886 1887 1888 1889 1890 1891 1892 1893 1894 1955 1956 1959 1960 1961 1962 1963 1964 1965 1966 1967 1968 1969 1970 1971 1972 1973 1974 1975 1976
germany,1871,2025,nominal,start,0.8,,,,,,50,75,10,52,54,8,15.4,0.0,0.0,1871 1872 1873 1874 1875 1876 1877 1878 1879 1880 1881 1882 1883 1884 1885 1886 1887 1888 1889 1890 1891 1892 1893 1894 1955 1956 1959 1960 1961 1962 1963 1964 1965 1966 1967 1968 1969 1970 1971 1972 1973 1974 1975 1976
germany,1871,2025,nominal,start,0.8,,,,,,50,75,11,52,54,6,11.5,0.0,0.0,1871 1872 1873 1874 1875 1876 1877 1878 1879 1880 1881 1882 1883 1884 1885 1886 1887 1888 1889 1890 1891 1892 1893 1894 1955 1956 1957 1958 1959 1960 1961 1962 1963 1964 1965 1966 1967 1968 1969 1970 1971 1972 1973 1974 1975 1976
germany,1871,2025,nominal,start,0.8,,,,,,50,75,12,52,54,6,11.5,0.0,0.0,1871 1872 1873 1874 1875 1876 1877 1878 1879 1880 1881 1882 1883 1884 1885 1886 1887 1888 1889 1890 1891 1892 1893 1894 1955 1956 1957 1958 1959 1960 1961 1962 1963 1964 1965 1966 1967 1968 1969 1970 1971 1972 1973 1974 1975 1976
germany,1871,2025,nominal,start,0.8,,,,,,50,50,3,52,54,52,100.0,44218.0,6994.0,
germany,1871,2025,nominal,start,0.8,,,,,,50,50,4,52,54,52,100.0,32478.0,3500.0,
germany,1871,2025,nominal,start,0.8,,,,,,50,50,5,52,54,47,90.4,22823.0,0.0,1872 1873 1874 1882 1961
germany,1871,2025,nominal,start,0.8,,,,,,50,50,6,52,54,23,44.2,0.0,0.0,1871 1872 1873 1874 1875 1876 1877 1878 1879 1880 1881 1882 1883 1884 1885 1886 1887 1888 1889 1890 1891 1892 1893 1960 1961 1962 1963 1964 1965
germany,1871,2025,nominal,start,0.8,,,,,,50,50,7,52,54,17,32.7,0.0,0.0,1871 1872 1873 1874 1875 1876 1877 1878 1879 1880 1881 1882 1883 1884 1885 1886 1887 1888 1889 1890 1891 1892 1893 1894 1960 1961 1962 1963 1964 1965 1966 1968 1969 1970 1973
germany,1871,2025,nominal,start,0.8,,,,,,50,50,8,52,54,9,17.3,0.0,0.0,1871 1872 1873 1874 1875 1876 1877 1878 1879 1880 1881 1882 1883 1884 1885 1886 1887 1888 1889 1890 1891 1892 1893 1894 1955 1956 1959 1960 1961 1962 1963 1964 1965 1966 1967 1968 1969 1970 1971 1972 1973 1974 1976
germany,1871,2025,nominal,start,0.8,,,,,,50,50,9,52,54,7,13.5,0.0,0.0,1871 1872 1873 1874 1875 1876 1877 1878 1879 1880 1881 1882 1883 1884 1885 1886 1887 1888 1889 1890 1891 1892 1893 1894 1955 1956 1957 1959 1960 1961 1962 1963 1964 1965 1966 1967 1968 1969 1970 1971 1972 1973 1974 1975 1976
germany,1871,2025,nominal,start,0.8,,,,,,50,50,10,52,54,6,11.5,0.0,0.0,1871 1872 1873 1874 1875 1876 1877 1878 1879 1880 1881 1882 1883 1884 1885 1886 1887 1888 1889 1890 1891 1892 1893 1894 1955 1956 1957 1958 1959 1960 1961 1962 1963 1964 1965 1966 1967 1968 1969 1970 1971 1972 1973 1974 1975 1976
germany,1871,2025,nominal,start,0.8,,,,,,50,50,11,52,54,3,5.8,0.0,0.0,1871 1872 1873 1874 1875 1876 1877 1878 1879 1880 1881 1882 1883 1884 1885 1886 1887 1888 1889 1890 1891 1892 1893 1894 1952 1953 1954 1955 1956 1957 1958 1959 1960 1961 1962 1963 1964 1965 1966 1967 1968 1969 1970 1971 1972 1973 1974 1975 1976
germany,1871,2025,nominal,start,0.8,,,,,,50,50,12,52,54,3,5.8,0.0,0.0,1871 1872 1873 1874 1875 1876 1877 1878 1879 1880 1881 1882 1883 1884 1885 1886 1887 1888 1889 1890 1891 1892 1893 1894 1952 1953 1954 1955 1956 1957 1958 1959 1960 1961 1962 1963 1964 1965 1966 1967 1968 1969 1970 1971 1972 1973 1974 1975 1976
germany,1871,2025,nominal,start,0.8,,,,,,50,25,3,52,54,52,100.0,21313.0,3810.0,
germany,1871,2025,nominal,start,0.8,,,,,,50,25,4,52,54,52,100.0,16000.0,1397.0,
germany,1871,2025,nominal,start,0.8,,,,,,50,25,5,52,54,34,65.4,4093.0,0.0,1872 1873 1874 1875 1876 1877 1880 1881 1882 1883 1884 1885 1886 1887 1888 1889 1890 1891
germany,1871,2025,nominal,start,0.8,,,,,,50,25,6,52,54,22,42.3,0.0,0.0,1871 1872 1873 1874 1875 1876 1877 1878 1879 1880 1881 1882 1883 1884 1885 1886 1887 1888 1889 1890 1891 1892 1893 1894 1960 1961 1962 1963 1964 1965
germany,1871,2025,nominal,start,0.8,,,,,,50,25,7,52,54,11,21.2,0.0,0.0,1871 1872 1873 1874 1875 1876 1877 1878 1879 1880 1881 1882 1883 1884 1885 1886 1887 1888 1889 1890 1891 1892 1893 1894 1955 1956 1959 1960 1961 1962 1963 1964 1965 1966 1968 1969 1970 1971 1972 1973 1976
germany,1871,2025,nominal,start,0.8,,,,,,50,25,8,52,54,3,5.8,0.0,0.0,1871 1872 1873 1874 1875 1876 1877 1878 1879 1880 1881 1882 1883 1884 1885 1886 1887 1888 1889 1890 1891 1892 1893 1894 1952 1953 1954 1955 1956 1957 1958 1959 1960 1961 1962 1963 1964 1965 1966 1967 1968 1969 1970 1971 1972 1973 1974 1975 1976
germany,1871,2025,nominal,start,0.8,,,,,,50,25,9,52,54,2,3.8,0.0,0.0,1871 1872 1873 1874 1875 1876 1877 1878 1879 1880 1881 1882 1883 1884 1885 1886 1887 1888 1889 1890 1891 1892 1893 1894 1950 1952 1953 1954 1955 1956 1957 1958 1959 1960 1961 1962 1963 1964 1965 1966 1967 1968 1969 1970 1971 1972 1973 1974 1975 1976
germany,1871,2025,nominal,start,0.8,,,,,,50,25,10,52,54,1,1.9,0.0,0.0,1871 1872 1873 1874 1875 1876 1877 1878 1879 1880 1881 1882 1883 1884 1885 1886 1887 1888 1889 1890 1891 1892 1893 1894 1950 1951 1952 1953 1954 1955 1956 1957 1958 1959 1960 1961 1962 1963 1964 1965 1966 1967 1968 1969 1970 1971 1972 1973 1974 1975 1976
germany,1871,2025,nominal,start,0.8,,,,,,50,25,11,52,54,0,0.0,0.0,0.0,1871 1872 1873 1874 1875 1876 1877 1878 1879 1880 1881 1882 1883 1884 1885 1886 1887 1888 1889 1890 1891 1892 1893 1894 1949 1950 1951 1952 1953 1954 1955 1956 1957 1958 1959 1960 1961 1962 1963 1964 1965 1966 1967 1968 1969 1970 1971 1972 1973 1974 1975 1976
germany,1871,2025,nominal,start,0.8,,,,,,50,25,12,52,54,0,0.0,0.0,0.0,1871 1872 1873 1874 1875 1876 1877 1878 1879 1880 1881 1882 1883 1884 1885 1886 1887 1888 1889 1890 1891 1892 1893 1894 1949 1950 1951 1952 1953 1954 1955 1956 1957 1958 1959 1960 1961 1962 1963 1964 1965 1966 1967 1968 1969 1970 1971 1972 1973 1974 1975 1976
germany,1871,2025,nominal,start,0.8,,,,,,50,0,3,52,54,52,100.0,5074.0,1275.0,
germany,1871,2025,nominal,start,0.8,,,,,,50,0,4,52,54,35,67.3,3061.0,0.0,1876 1879 1880 1881 1882 1883 1884 1885 1886 1887 1888 1889 1890 1891 1892 1893 1894
germany,1871,2025,nominal,start,0.8,,,,,,50,0,5,52,54,25,48.1,0.0,0.0,1871 1872 1873 1874 1875 1876 1877 1878 1879 1880 1881 1882 1883 1884 1885 1886 1887 1888 1889 1890 1891 1892 1893 1894 1949 1950 1951
germany,1871,2025,nominal,start,0.8,,,,,,50,0,6,52,54,11,21.2,0.0,0.0,1871 1872 1873 1874 1875 1876 1877 1878 1879 1880 1881 1882 1883 1884 1885 1886 1887 1888 1889 1890 1891 1892 1893 1894 1949 1950 1951 1952 1953 1954 1955 1956 1957 1959 1960 1961 1962 1963 1964 1965 1969
germany,1871,2025,nominal,start,0.8,,,,,,50,0,7,52,54,0,0.0,0.0,0.0,1871 1872 1873 1874 1875 1876 1877 1878 1879 1880 1881 1882 1883 1884 1885 1886 1887 1888 1889 1890 1891 1892 1893 1894 1949 1950 1951 1952 1953 1954 1955 1956 1957 1958 1959 1960 1961 1962 1963 1964 1965 1966 1967 1968 1969 1970 1971 1972 1973 1974 1975 1976
germany,1871,2025,nominal,start,0.8,,,,,,50,0,8,52,54,0,0.0,0.0,0.0,1871 1872 1873 1874 1875 1876 1877 1878 1879 1880 1881 1882 1883 1884 1885 1886 1887 1888 1889 1890 1891 1892 1893 1894 1949 1950 1951 1952 1953 1954 1955 1956 1957 1958 1959 1960 1961 1962 1963 1964 1965 1966 1967 1968 1969 1970 1971 1972 1973 1974 1975 1976
germany,1871,2025,nominal,start,0.8,,,,,,50,0,9,52,54,0,0.0,0.0,0.0,1871 1872 1873 1874 1875 1876 1877 1878 1879 1880 1881 1882 1883 1884 1885 1886 1887 1888 1889 1890 1891 1892 1893 1894 1949 1950 1951 1952 1953 1954 1955 1956 1957 1958 1959 1960 1961 1962 1963 1964 1965 1966 1967 1968 1969 1970 1971 1972 1973 1974 1975 1976
germany,1871,2025,nominal,start,0.8,,,,,,50,0,10,52,54,0,0.0,0.0,0.0,1871 1872 1873 1874 1875 1876 1877 1878 1879 1880 1881 1882 1883 1884 1885 1886 1887 1888 1889 1890 1891 1892 1893 1894 1949 1950 1951 1952 1953 1954 1955 1956 1957 1958 1959 1960 1961 1962 1963 1964 1965 1966 1967 1968 1969 1970 1971 1972 1973 1974 1975 1976
germany,1871,2025,nominal,start,0.8,,,,,,50,0,11,52,54,0,0.0,0.0,0.0,1871 1872 1873 1874 1875 1876 1877 1878 1879 1880 1881 1882 1883 1884 1885 1886 1887 1888 1889 1890 1891 1892 1893 1894 1949 1950 1951 1952 1953 1954 1955 1956 1957 1958 1959 1960 1961 1962 1963 1964 1965 1966 1967 1968 1969 1970 1971 1972 1973 1974 1975 1976
germany,1871,2025,nominal,start,0.8,,,,,,50,0,12,52,54,0,0.0,0.0,0.0,1871 1872 1873 1874 1875 1876 1877 1878 1879 1880 1881 1882 1883 1884 1885 1886 1887 1888 1889 1890 1891 1892 1893 1894 1949 1950 1951 1952 1953 1954 1955 1956 1957 1958 1959 1960 1961 1962 1963 1964 1965 1966 1967 1968 1969 1970 1971 1972 1973 1974 1975 1976
germany,1871,2025,nominal,start,0.8,,,,,,60,100,3,96,0,85,88.5,693229966213524.0,0.0,1924 1925 1927 1928 1929 1930 1941 1942 1943 1944 1945
germany,1871,2025,nominal,start,0.8,,,,,,60,100,4,96,0,77,80.2,333908097665015.0,0.0,1924 1925 1927 1928 1929 1930 1931 1937 1938 1940 1941 1942 1943 1944 1945 1946 1947 1948 1961
germany,1871,2025,nominal,start,0.8,,,,,,60,100,5,96,0,70,72.9,90482395041105.0,0.0,1873 1924 1925 1926 1927 1928 1929 1930 1931 1935 1936 1937 1938 1939 1940 1941 1942 1943 1944 1945 1946 1947 1948 1960 1961 1962
germany,1871,2025,nominal,start,0.8,,,,,,60,100,6,96,0,59,61.5,321508.0,0.0,1872 1873 1874 1882 1884 1885 1890 1924 1925 1926 1927 1928 1929 1930 1931 1933 1934 1935 1936 1937 1938 1939 1940 1941 1942 1943 1944 1945 1946 1947 1948 1960 1961 1962 1963 1964 1965
germany,1871,2025,nominal,start,0.8,,,,,,60,100,7,96,0,43,44.8,0.0,0.0,1871 1872 1873 1874 1875 1880 1881 1882 1883 1884 1885 1886 1887 1888 1889 1890 1891 1896 1897 1898 1899 1924 1925 1926 1927 1928 1929 1930 1931 1932 1933 1934 1935 1936 1937 1938 1939 1940 1941 1942 1943 1944 1945 1946 1947 1948 1960 1961 1962 1963 1964 1965 1966
germany,1871,2025,nominal,start,0.8,,,,,,60,100,8,96,0,34,35.4,0.0,0.0,1871 1872 1873 1874 1875 1876 1877 1878 1879 1880 1881 1882 1883 1884 1885 1886 1887 1888 1889 1890 1891 1892 1893 1894 1895 1896 1897 1898 1899 1900 1924 1925 1926 1927 1928 1929 1930 1931 1932 1933 1934 1935 1936 1937 1938 1939 1940 1941 1942 1943 1944 1945 1946 1947 1948 1960 1961 1962 1963 1964 1965 1966
germany,1871,2025,nominal,start,0.8,,,,,,60,100,9,96,0,27,28.1,0.0,0.0,1871 1872 1873 1874 1875 1876 1877 1878 1879 1880 1881 1882 1883 1884 1885 1886 1887 1888 1889 1890 1891 1892 1893 1894 1895 1896 1897 1898 1899 1900 1901 1902 1903 1904 1905 1906 1924 1925 1926 1927 1928 1929 1930 1931 1932 1933 1934 1935 1936 1937 1938 1939 1940 1941 1942 1943 1944 1945 1946 1947 1948 1959 1960 1961 1962 1963 1964 1965 1966
germany,1871,2025,nominal,start,0.8,,,,,,60,100,10,96,0,23,24.0,0.0,0.0,1871 1872 1873 1874 1875 1876 1877 1878 1879 1880 1881 1882 1883 1884 1885 1886 1887 1888 1889 1890 1891 1892 1893 1894 1895 1896 1897 1898 1899 1900 1901 1902 1903 1904 1905 1906 1907 1908 1924 1925 1926 1927 1928 1929 1930 1931 1932 1933 1934 1935 1936 1937 1938 1939 1940 1941 1942 1943 1944 1945 1946 1947 1948 1955 1956 1959 1960 1961 1962 1963 1964 1965 1966
germany,1871,2025,nominal,start,0.8,,,,,,60,100,11,96,0,20,20.8,0.0,0.0,1871 1872 1873 1874 1875 1876 1877 1878 1879 1880 1881 1882 1883 1884 1885 1886 1887 1888 1889 1890 1891 1892 1893 1894 1895 1896 1897 1898 1899 1900 1901 1902 1903 1904 1905 1906 1907 1908 1909 1910 1924 1925 1926 1927 1928 1929 1930 1931 1932 1933 1934 1935 1936 1937 1938 1939 1940 1941 1942 1943 1944 1945 1946 1947 1948 1955 1956 1957 1959 1960 1961 1962 1963 1964 1965 1966
germany,1871,2025,nominal,start,0.8,,,,,,60,100,12,96,0,18,18.8,0.0,0.0,1871 1872 1873 1874 1875 1876 1877 1878 1879 1880 1881 1882 1883 1884 1885 1886 1887 1888 1889 1890 1891 1892 1893 1894 1895 1896 1897 1898 1899 1900 1901 1902 1903 1904 1905 1906 1907 1908 1909 1910 1911 1924 1925 1926 1927 1928 1929 1930 1931 1932 1933 1934 1935 1936 1937 1938 1939 1940 1941 1942 1943 1944 1945 1946 1947 1948 1955 1956 1957 1958 1959 1960 1961 1962 1963 1964 1965 1966
germany,1871,2025,nominal,start,0.8,,,,,,60,75,3,32,64,32,100.0,252112.0,13013.0,
germany,1871,2025,nominal,start,0.8,,,,,,60,75,4,32,64,32,100.0,234988.0,3252.0,
germany,1871,2025,nominal,start,0.8,,,,,,60,75,5,32,64,28,87.5,101765.0,0.0,1872 1873 1961 1962
germany,1871,2025,nominal,start,0.8,,,,,,60,75,6,32,64,17,53.1,10888.0,0.0,1872 1873 1874 1875 1880 1881 1882 1883 1884 1960 1961 1962 1963 1964 1965
germany,1871,2025,nominal,start,0.8,,,,,,60,75,7,32,64,11,34.4,0.0,0.0,1871 1872 1873 1874 1875 1876 1877 1878 1879 1880 1881 1882 1883 1884 1960 1961 1962 1963 1964 1965 1966
germany,1871,2025,nominal,start,0.8,,,,,,60,75,8,32,64,10,31.2,0.0,0.0,1871 1872 1873 1874 1875 1876 1877 1878 1879 1880 1881 1882 1883 1884 1959 1960 1961 1962 1963 1964 1965 1966
germany,1871,2025,nominal,start,0.8,,,,,,60,75,9,32,64,8,25.0,0.0,0.0,1871 1872 1873 1874 1875 1876 1877 1878 1879 1880 1881 1882 1883 1884 1955 1956 1959 1960 1961 1962 1963 1964 1965 1966
germany,1871,2025,nominal,start,0.8,,,,,,60,75,10,32,64,7,21.9,0.0,0.0,1871 1872 1873 1874 1875 1876 1877 1878 1879 1880 1881 1882 1883 1884 1955 1956 1957 1959 1960 1961 1962 1963 1964 1965 1966
germany,1871,2025,nominal,start,0.8,,,,,,60,75,11,32,64,6,18.8,0.0,0.0,1871 1872 1873 1874 1875 1876 1877 1878 1879 1880 1881 1882 1883 1884 1955 1956 1957 1958 1959 1960 1961 1962 1963 1964 1965 1966
germany,1871,2025,nominal,start,0.8,,,,,,60,75,12,32,64,6,18.8,0.0,0.0,1871 1872 1873 1874 1875 1876 1877 1878 1879 1880 1881 1882 1883 1884 1955 1956 1957 1958 1959 1960 1961 1962 1963 1964 1965 1966
germany,1871,2025,nominal,start,0.8,,,,,,60,50,3,32,64,32,100.0,127975.0,15494.0,
germany,1871,2025,nominal,start,0.8,,,,,,60,50,4,32,64,32,100.0,115273.0,7273.0,
germany,1871,2025,nominal,start,0.8,,,,,,60,50,5,32,64,27,84.4,46712.0,0.0,1872 1873 1874 1882 1961
germany,1871,2025,nominal,start,0.8,,,,,,60,50,6,32,64,12,37.5,0.0,0.0,1871 1872 1873 1874 1875 1876 1877 1878 1879 1880 1881 1882 1883 1884 1960 1961 1962 1963 1964 1965
germany,1871,2025,nominal,start,0.8,,,,,,60,50,7,32,64,11,34.4,0.0,0.0,1871 1872 1873 1874 1875 1876 1877 1878 1879 1880 1881 1882 1883 1884 1960 1961 1962 1963 1964 1965 1966
germany,1871,2025,nominal,start,0.8,,,,,,60,50,8,32,64,8,25.0,0.0,0.0,1871 1872 1873 1874 1875 1876 1877 1878 1879 1880 1881 1882 1883 1884 1955 1956 1959 1960 1961 1962 1963 1964 1965 1966
germany,1871,2025,nominal,start,0.8,,,,,,60,50,9,32,64,7,21.9,0.0,0.0,1871 1872 1873 1874 1875 1876 1877 1878 1879 1880 1881 1882 1883 1884 1955 1956 1957 1959 1960 1961 1962 1963 1964 1965 1966
germany,1871,2025,nominal,start,0.8,,,,,,60,50,10,32,64,6,18.8,0.0,0.0,1871 1872 1873 1874 1875 1876 1877 1878 1879 1880 1881 1882 1883 1884 1955 1956 1957 1958 1959 1960 1961 1962 1963 1964 1965 1966
germany,1871,2025,nominal,start,0.8,,,,,,60,50,11,32,64,3,9.4,0.0,0.0,1871 1872 1873 1874 1875 1876 1877 1878 1879 1880 1881 1882 1883 1884 1952 1953 1954 1955 1956 1957 1958 1959 1960 1961 1962 1963 1964 1965 1966
germany,1871,2025,nominal,start,0.8,,,,,,60,50,12,32,64,3,9.4,0.0,0.0,1871 1872 1873 1874 1875 1876 1877 1878 1879 1880 1881 1882 1883 1884 1952 1953 1954 1955 1956 1957 1958 1959 1960 1961 1962 1963 1964 1965 1966
germany,1871,2025,nominal,start,0.8,,,,,,60,25,3,32,64,32,100.0,47056.0,12337.0,
germany,1871,2025,nominal,start,0.8,,,,,,60,25,4,32,64,32,100.0,38671.0,7812.0,
germany,1871,2025,nominal,start,0.8,,,,,,60,25,5,32,64,21,65.6,3587.0,0.0,1872 1873 1874 1875 1876 1877 1880 1881 1882 1883 1884
germany,1871,2025,nominal,start,0.8,,,,,,60,25,6,32,64,12,37.5,0.0,0.0,1871 1872 1873 1874 1875 1876 1877 1878 1879 1880 1881 1882 1883 1884 1960 1961 1962 1963 1964 1965
germany,1871,2025,nominal,start,0.8,,,,,,60,25,7,32,64,8,25.0,0.0,0.0,1871 1872 1873 1874 1875 1876 1877 1878 1879 1880 1881 1882 1883 1884 1955 1956 1959 1960 1961 1962 1963 1964 1965 1966
germany,1871,2025,nominal,start,0.8,,,,,,60,25,8,32,64,3,9.4,0.0,0.0,1871 1872 1873 1874 1875 1876 1877 1878 1879 1880 1881 1882 1883 1884 1952 1953 1954 1955 1956 1957 1958 1959 1960 1961 1962 1963 1964 1965 1966
germany,1871,2025,nominal,start,0.8,,,,,,60,25,9,32,64,1,3.1,0.0,0.0,1871 1872 1873 1874 1875 1876 1877 1878 1879 1880 1881 1882 1883 1884 1950 1951 1952 1953 1954 1955 1956 1957 1958 1959 1960 1961 1962 1963 1964 1965 1966
germany,1871,2025,nominal,start,0.8,,,,,,60,25,10,32,64,1,3.1,0.0,0.0,1871 1872 1873 1874 1875 1876 1877 1878 1879 1880 1881 1882 1883 1884 1950 1951 1952 1953 1954 1955 1956 1957 1958 1959 1960 1961 1962 1963 1964 1965 1966
germany,1871,2025,nominal,start,0.8,,,,,,60,25,11,32,64,0,0.0,0.0,0.0,1871 1872 1873 1874 1875 1876 1877 1878 1879 1880 1881 1882 1883 1884 1949 1950 1951 1952 1953 1954 1955 1956 1957 1958 1959 1960 1961 1962 1963 1964 1965 1966
germany,1871,2025,nominal,start,0.8,,,,,,60,25,12,32,64,0,0.0,0.0,0.0,1871 1872 1873 1874 1875 1876 1877 1878 1879 1880 1881 1882 1883 1884 1949 1950 1951 1952 1953 1954 1955 1956 1957 1958 1959 1960 1961 1962 1963 1964 1965 1966
germany,1871,2025,nominal,start,0.8,,,,,,60,0,3,32,64,32,100.0,7012.0,2177.0,
germany,1871,2025,nominal,start,0.8,,,,,,60,0,4,32,64,19,59.4,4101.0,0.0,1872 1873 1874 1875 1876 1877 1878 1879 1880 1881 1882 1883 1884
germany,1871,2025,nominal,start,0.8,,,,,,60,0,5,32,64,12,37.5,0.0,0.0,1871 1872 1873 1874 1875 1876 1877 1878 1879 1880 1881 1882 1883 1884 1949 1950 1951 1952 1953 1956
germany,1871,2025,nominal,start,0.8,,,,,,60,0,6,32,64,0,0.0,0.0,0.0,1871 1872 1873 1874 1875 1876 1877 1878 1879 1880 1881 1882 1883 1884 1949 1950 1951 1952 1953 1954 1955 1956 1957 1958 1959 1960 1961 1962 1963 1964 1965 1966
germany,1871,2025,nominal,start,0.8,,,,,,60,0,7,32,64,0,0.0,0.0,0.0,1871 1872 1873 1874 1875 1876 1877 1878 1879 1880 1881 1882 1883 1884 1949 1950 1951 1952 1953 1954 1955 1956 1957 1958 1959 1960 1961 1962 1963 1964 1965 1966
germany,1871,2025,nominal,start,0.8,,,,,,60,0,8,32,64,0,0.0,0.0,0.0,1871 1872 1873 1874 1875 1876 1877 1878 1879 1880 1881 1882 1883 1884 1949 1950 1951 1952 1953 1954 1955 1956 1957 1958 1959 1960 1961 1962 1963 1964 1965 1966
germany,1871,2025,nominal,start,0.8,,,,,,60,0,9,32,64,0,0.0,0.0,0.0,1871 1872 1873 1874 1875 1876 1877 1878 1879 1880 1881 1882 1883 1884 1949 1950 1951 1952 1953 1954 1955 1956 1957 1958 1959 1960 1961 1962 1963 1964 1965 1966
germany,1871,2025,nominal,start,0.8,,,,,,60,0,10,32,64,0,0.0,0.0,0.0,1871 1872 1873 1874 1875 1876 1877 1878 1879 1880 1881 1882 1883 1884 1949 1950 1951 1952 1953 1954 1955 1956 1957 1958 1959 1960 1961 1962 1963 1964 1965 1966
germany,1871,2025,nominal,start,0.8,,,,,,60,0,11,32,64,0,0.0,0.0,0.0,1871 1872 1873 1874 1875 1876 1877 1878 1879 1880 1881 1882 1883 1884 1949 1950 1951 1952 1953 1954 1955 1956 1957 1958 1959 1960 1961 1962 1963 1964 1965 1966
germany,1871,2025,nominal,start,0.8,,,,,,60,0,12,32,64,0,0.0,0.0,0.0,1871 1872 1873 1874 1875 1876 1877 1878 1879 1880 1881 1882 1883 1884 1949 1950 1951 1952 1953 1954 1955 1956 1957 1958 1959 1960 1961 1962 1963 1964 1965 1966
