market,sample_start,sample_end,model,timing,fees_pct,cut_pct,cut_below_pct,early_cut_pct,early_cut_below_pct,early_years,period,stock_pct,rate_pct,n_windows,n_skipped,n_success,success_pct,median_terminal_per_1000,min_terminal_per_1000,failed_starts
japan,1886,2025,inflation_adjusted,start,0.8,,,,,,15,100,3,110,16,110,100.0,2242.0,47.0,
japan,1886,2025,inflation_adjusted,start,0.8,,,,,,15,100,4,110,16,108,98.2,1976.0,0.0,1990 1991
japan,1886,2025,inflation_adjusted,start,0.8,,,,,,15,100,5,110,16,103,93.6,1620.0,0.0,1897 1917 1988 1989 1990 1991 1992
japan,1886,2025,inflation_adjusted,start,0.8,,,,,,15,100,6,110,16,94,85.5,1067.0,0.0,1896 1897 1917 1988 1989 1990 1991 1992 1994 1995 1997 1998 2000 2001 2007 2008
japan,1886,2025,inflation_adjusted,start,0.8,,,,,,15,100,7,110,16,84,76.4,672.0,0.0,1895 1896 1897 1907 1917 1918 1973 1974 1988 1989 1990 1991 1992 1993 1994 1995 1996 1997 1998 1999 2000 2001 2002 2006 2007 2008
japan,1886,2025,inflation_adjusted,start,0.8,,,,,,15,100,8,110,16,72,65.5,367.0,0.0,1893 1894 1895 1896 1897 1898 1907 1911 1917 1918 1919 1920 1927 1929 1962 1973 1974 1987 1988 1989 1990 1991 1992 1993 1994 1995 1996 1997 1998 1999 2000 2001 2002 2005 2006 2007 2008 2009
japan,1886,2025,inflation_adjusted,start,0.8,,,,,,15,100,9,110,16,59,53.6,44.0,0.0,1890 1893 1894 1895 1896 1897 1898 1900 1907 1908 1911 1916 1917 1918 1919 1920 1921 1927 1928 1929 1930 1961 1962 1963 1964 1973 1974 1975 1987 1988 1989 1990 1991 1992 1993 1994 1995 1996 1997 1998 1999 2000 2001 2002 2003 2004 2005 2006 2007 2008 2009
japan,1886,2025,inflation_adjusted,start,0.8,,,,,,15,100,10,110,16,45,40.9,0.0,0.0,1887 1890 1893 1894 1895 1896 1897 1898 1900 1907 1908 1910 1911 1912 1913 1916 1917 1918 1919 1920 1921 1922 1923 1924 1925 1926 1927 1928 1929 1930 1960 1961 1962 1963 1964 1970 1971 1972 1973 1974 1975 1986 1987 1988 1989 1990 1991 1992 1993 1994 1995 1996 1997 1998 1999 2000 2001 2002 2003 2004 2005 2006 2007 2008 2009
japan,1886,2025,inflation_adjusted,start,0.8,,,,,,15,100,11,110,16,33,30.0,0.0,0.0,1887 1888 1889 1890 1893 1894 1895 1896 1897 1898 1900 1906 1907 1908 1910 1911 1912 1913 1914 1916 1917 1918 1919 1920 1921 1922 1923 1924 1925 1926 1927 1928 1929 1930 1960 1961 1962 1963 1964 1965 1967 1968 1969 1970 1971 1972 1973 1974 1975 1976 1977 1985 1986 1987 1988 1989 1990 1991 1992 1993 1994 1995 1996 1997 1998 1999 2000 2001 2002 2003 2004 2005 2006 2007 2008 2009 2010
japan,1886,2025,inflation_adjusted,start,0.8,,,,,,15,100,12,110,16,23,20.9,0.0,0.0,1887 1888 1889 1890 1891 1892 1893 1894 1895 1896 1897 1898 1899 1900 1906 1907 1908 1910 1911 1912 1913 1914 1915 1916 1917 1918 1919 1920 1921 1922 1923 1924 1925 1926 1927 1928 1929 1930 1931 1960 1961 1962 1963 1964 1965 1966 1967 1968 1969 1970 1971 1972 1973 1974 1975 1976 1977 1978 1979 1980 1985 1986 1987 1988 1989 1990 1991 1992 1993 1994 1995 1996 1997 1998 1999 2000 2001 2002 2003 2004 2005 2006 2007 2008 2009 2010 2011
japan,1886,2025,inflation_adjusted,start,0.8,,,,,,15,75,3,110,16,110,100.0,2208.0,243.0,
japan,1886,2025,inflation_adjusted,start,0.8,,,,,,15,75,4,110,16,110,100.0,1890.0,88.0,
japan,1886,2025,inflation_adjusted,start,0.8,,,,,,15,75,5,110,16,108,98.2,1436.0,0.0,1917 1990
japan,1886,2025,inflation_adjusted,start,0.8,,,,,,15,75,6,110,16,101,91.8,989.0,0.0,1897 1917 1988 1989 1990 1991 1992 1997 2001
japan,1886,2025,inflation_adjusted,start,0.8,,,,,,15,75,7,110,16,88,80.0,664.0,0.0,1895 1896 1897 1907 1917 1918 1973 1974 1988 1989 1990 1991 1992 1994 1995 1996 1997 1998 2000 2001 2007 2008
japan,1886,2025,inflation_adjusted,start,0.8,,,,,,15,75,8,110,16,72,65.5,326.0,0.0,1893 1894 1895 1896 1897 1898 1907 1911 1916 1917 1918 1919 1961 1962 1963 1973 1974 1987 1988 1989 1990 1991 1992 1993 1994 1995 1996 1997 1998 1999 2000 2001 2002 2005 2006 2007 2008 2009
japan,1886,2025,inflation_adjusted,start,0.8,,,,,,15,75,9,110,16,56,50.9,11.0,0.0,1887 1890 1893 1894 1895 1896 1897 1898 1900 1907 1908 1910 1911 1912 1916 1917 1918 1919 1920 1927 1929 1961 1962 1963 1964 1970 1971 1972 1973 1974 1975 1987 1988 1989 1990 1991 1992 1993 1994 1995 1996 1997 1998 1999 2000 2001 2002 2003 2004 2005 2006 2007 2008 2009
japan,1886,2025,inflation_adjusted,start,0.8,,,,,,15,75,10,110,16,40,36.4,0.0,0.0,1887 1889 1890 1893 1894 1895 1896 1897 1898 1900 1907 1908 1910 1911 1912 1913 1914 1915 1916 1917 1918 1919 1920 1921 1922 1926 1927 1928 1929 1930 1960 1961 1962 1963 1964 1965 1967 1968 1969 1970 1971 1972 1973 1974 1975 1976 1986 1987 1988 1989 1990 1991 1992 1993 1994 1995 1996 1997 1998 1999 2000 2001 2002 2003 2004 2005 2006 2007 2008 2009
japan,1886,2025,inflation_adjusted,start,0.8,,,,,,15,75,11,110,16,25,22.7,0.0,0.0,1887 1888 1889 1890 1892 1893 1894 1895 1896 1897 1898 1899 1900 1906 1907 1908 1910 1911 1912 1913 1914 1915 1916 1917 1918 1919 1920 1921 1922 1923 1924 1925 1926 1927 1928 1929 1930 1931 1960 1961 1962 1963 1964 1965 1966 1967 1968 1969 1970 1971 1972 1973 1974 1975 1976 1977 1978 1979 1985 1986 1987 1988 1989 1990 1991 1992 1993 1994 1995 1996 1997 1998 1999 2000 2001 2002 2003 2004 2005 2006 2007 2008 2009 2010 2011
japan,1886,2025,inflation_adjusted,start,0.8,,,,,,15,75,12,110,16,14,12.7,0.0,0.0,1887 1888 1889 1890 1891 1892 1893 1894 1895 1896 1897 1898 1899 1900 1901 1903 1904 1906 1907 1908 1909 1910 1911 1912 1913 1914 1915 1916 1917 1918 1919 1920 1921 1922 1923 1924 1925 1926 1927 1928 1929 1930 1931 1948 1958 1959 1960 1961 1962 1963 1964 1965 1966 1967 1968 1969 1970 1971 1972 1973 1974 1975 1976 1977 1978 1979 1980 1982 1984 1985 1986 1987 1988 1989 1990 1991 1992 1993 1994 1995 1996 1997 1998 1999 2000 2001 2002 2003 2004 2005 2006 2007 2008 2009 2010 2011
japan,1886,2025,inflation_adjusted,start,0.8,,,,,,15,50,3,110,16,110,100.0,1785.0,521.0,
japan,1886,2025,inflation_adjusted,start,0.8,,,,,,15,50,4,110,16,110,100.0,1469.0,274.0,
japan,1886,2025,inflation_adjusted,start,0.8,,,,,,15,50,5,110,16,109,99.1,1150.0,0.0,1917
japan,1886,2025,inflation_adjusted,start,0.8,,,,,,15,50,6,110,16,107,97.3,832.0,0.0,1897 1917 1990
japan,1886,2025,inflation_adjusted,start,0.8,,,,,,15,50,7,110,16,90,81.8,488.0,0.0,1895 1896 1897 1911 1916 1917 1918 1973 1974 1988 1989 1990 1991 1992 1997 1998 2000 2001 2007 2008
japan,1886,2025,inflation_adjusted,start,0.8,,,,,,15,50,8,110,16,67,60.9,170.0,0.0,1893 1894 1895 1896 1897 1898 1907 1910 1911 1912 1916 1917 1918 1919 1961 1962 1963 1964 1970 1971 1972 1973 1974 1988 1989 1990 1991 1992 1993 1994 1995 1996 1997 1998 1999 2000 2001 2002 2003 2005 2006 2007 2008
japan,1886,2025,inflation_adjusted,start,0.8,,,,,,15,50,9,110,16,47,42.7,0.0,0.0,1887 1890 1893 1894 1895 1896 1897 1898 1900 1907 1908 1910 1911 1912 1913 1914 1915 1916 1917 1918 1919 1920 1929 1948 1960 1961 1962 1963 1964 1965 1966 1967 1968 1969 1970 1971 1972 1973 1974 1975 1987 1988 1989 1990 1991 1992 1993 1994 1995 1996 1997 1998 1999 2000 2001 2002 2003 2004 2005 2006 2007 2008 2009
japan,1886,2025,inflation_adjusted,start,0.8,,,,,,15,50,10,110,16,29,26.4,0.0,0.0,1887 1888 1889 1890 1892 1893 1894 1895 1896 1897 1898 1899 1900 1906 1907 1908 1909 1910 1911 1912 1913 1914 1915 1916 1917 1918 1919 1920 1921 1927 1928 1929 1930 1931 1948 1960 1961 1962 1963 1964 1965 1966 1967 1968 1969 1970 1971 1972 1973 1974 1975 1976 1977 1978 1979 1986 1987 1988 1989 1990 1991 1992 1993 1994 1995 1996 1997 1998 1999 2000 2001 2002 2003 2004 2005 2006 2007 2008 2009 2010 2011
japan,1886,2025,inflation_adjusted,start,0.8,,,,,,15,50,11,110,16,14,12.7,0.0,0.0,1887 1888 1889 1890 1891 1892 1893 1894 1895 1896 1897 1898 1899 1900 1901 1903 1904 1906 1907 1908 1909 1910 1911 1912 1913 1914 1915 1916 1917 1918 1919 1920 1921 1922 1923 1924 1925 1926 1927 1928 1929 1930 1931 1948 1954 1957 1958 1959 1960 1961 1962 1963 1964 1965 1966 1967 1968 1969 1970 1971 1972 1973 1974 1975 1976 1977 1978 1979 1980 1985 1986 1987 1988 1989 1990 1991 1992 1993 1994 1995 1996 1997 1998 1999 2000 2001 2002 2003 2004 2005 2006 2007 2008 2009 2010 2011
japan,1886,2025,inflation_adjusted,start,0.8,,,,,,15,50,12,110,16,8,7.3,0.0,0.0,1887 1888 1889 1890 1891 1892 1893 1894 1895 1896 1897 1898 1899 1900 1901 1902 1903 1904 1905 1906 1907 1908 1909 1910 1911 1912 1913 1914 1915 1916 1917 1918 1919 1920 1921 1922 1923 1924 1925 1926 1927 1928 1929 1930 1931 1948 1954 1957 1958 1959 1960 1961 1962 1963 1964 1965 1966 1967 1968 1969 1970 1971 1972 1973 1974 1975 1976 1977 1978 1979 1980 1981 1982 1983 1984 1985 1986 1987 1988 1989 1990 1991 1992 1993 1994 1995 1996 1997 1998 1999 2000 2001 2002 2003 2004 2005 2006 2007 2008 2009 2010 2011
japan,1886,2025,inflation_adjusted,start,0.8,,,,,,15,25,3,110,16,110,100.0,1549.0,660.0,
japan,1886,2025,inflation_adjusted,start,0.8,,,,,,15,25,4,110,16,110,100.0,1232.0,285.0,
japan,1886,2025,inflation_adjusted,start,0.8,,,,,,15,25,5,110,16,109,99.1,914.0,0.0,1917
japan,1886,2025,inflation_adjusted,start,0.8,,,,,,15,25,6,110,16,104,94.5,527.0,0.0,1911 1916 1917 1918 1948 1973
japan,1886,2025,inflation_adjusted,start,0.8,,,,,,15,25,7,110,16,85,77.3,258.0,0.0,1893 1894 1895 1896 1897 1907 1910 1911 1912 1913 1915 1916 1917 1918 1948 1962 1963 1967 1968 1969 1970 1971 1972 1973 1974
japan,1886,2025,inflation_adjusted,start,0.8,,,,,,15,25,8,110,16,57,51.8,28.0,0.0,1892 1893 1894 1895 1896 1897 1898 1900 1907 1908 1910 1911 1912 1913 1914 1915 1916 1917 1918 1919 1948 1960 1961 1962 1963 1964 1965 1966 1967 1968 1969 1970 1971 1972 1973 1974 1975 1988 1989 1990 1994 1996 1997 1998 1999 2000 2001 2002 2003 2005 2006 2007 2008
japan,1886,2025,inflation_adjusted,start,0.8,,,,,,15,25,9,110,16,32,29.1,0.0,0.0,1887 1888 1889 1890 1892 1893 1894 1895 1896 1897 1898 1899 1900 1903 1906 1907 1908 1909 1910 1911 1912 1913 1914 1915 1916 1917 1918 1919 1931 1948 1957 1958 1959 1960 1961 1962 1963 1964 1965 1966 1967 1968 1969 1970 1971 1972 1973 1974 1975 1976 1978 1979 1986 1987 1988 1989 1990 1991 1992 1993 1994 1995 1996 1997 1998 1999 2000 2001 2002 2003 2004 2005 2006 2007 2008 2009 2010 2011
japan,1886,2025,inflation_adjusted,start,0.8,,,,,,15,25,10,110,16,15,13.6,0.0,0.0,1887 1888 1889 1890 1891 1892 1893 1894 1895 1896 1897 1898 1899 1900 1901 1902 1903 1904 1905 1906 1907 1908 1909 1910 1911 1912 1913 1914 1915 1916 1917 1918 1919 1920 1928 1929 1930 1931 1948 1949 1950 1953 1954 1956 1957 1958 1959 1960 1961 1962 1963 1964 1965 1966 1967 1968 1969 1970 1971 1972 1973 1974 1975 1976 1977 1978 1979 1980 1985 1986 1987 1988 1989 1990 1991 1992 1993 1994 1995 1996 1997 1998 1999 2000 2001 2002 2003 2004 2005 2006 2007 2008 2009 2010 2011
japan,1886,2025,inflation_adjusted,start,0.8,,,,,,15,25,11,110,16,2,1.8,0.0,0.0,1887 1888 1889 1890 1891 1892 1893 1894 1895 1896 1897 1898 1899 1900 1901 1902 1903 1904 1905 1906 1907 1908 1909 1910 1911 1912 1913 1914 1915 1916 1917 1918 1919 1920 1921 1922 1923 1924 1926 1927 1928 1929 1930 1931 1948 1949 1950 1951 1952 1953 1954 1955 1956 1957 1958 1959 1960 1961 1962 1963 1964 1965 1966 1967 1968 1969 1970 1971 1972 1973 1974 1975 1976 1977 1978 1979 1980 1981 1982 1983 1984 1985 1986 1987 1988 1989 1990 1991 1992 1993 1994 1995 1996 1997 1998 1999 2000 2001 2002 2003 2004 2005 2006 2007 2008 2009 2010 2011
japan,1886,2025,inflation_adjusted,start,0.8,,,,,,15,25,12,110,16,0,0.0,0.0,0.0,1886 1887 1888 1889 1890 1891 1892 1893 1894 1895 1896 1897 1898 1899 1900 1901 1902 1903 1904 1905 1906 1907 1908 1909 1910 1911 1912 1913 1914 1915 1916 1917 1918 1919 1920 1921 1922 1923 1924 1925 1926 1927 1928 1929 1930 1931 1948 1949 1950 1951 1952 1953 1954 1955 1956 1957 1958 1959 1960 1961 1962 1963 1964 1965 1966 1967 1968 1969 1970 1971 1972 1973 1974 1975 1976 1977 1978 1979 1980 1981 1982 1983 1984 1985 1986 1987 1988 1989 1990 1991 1992 1993 1994 1995 1996 1997 1998 1999 2000 2001 2002 2003 2004 2005 2006 2007 2008 2009 2010 2011
japan,1886,2025,inflation_adjusted,start,0.8,,,,,,15,0,3,126,0,111,88.1,1116.0,0.0,1933 1934 1935 1936 1937 1938 1939 1940 1941 1942 1943 1944 1945 1946 1947
japan,1886,2025,inflation_adjusted,start,0.8,,,,,,15,0,4,126,0,109,86.5,800.0,0.0,1932 1933 1934 1935 1936 1937 1938 1939 1940 1941 1942 1943 1944 1945 1946 1947 1948
japan,1886,2025,inflation_adjusted,start,0.8,,,,,,15,0,5,126,0,106,84.1,541.0,0.0,1911 1916 1917 1932 1933 1934 1935 1936 1937 1938 1939 1940 1941 1942 1943 1944 1945 1946 1947 1948
japan,1886,2025,inflation_adjusted,start,0.8,,,,,,15,0,6,126,0,88,69.8,314.0,0.0,1893 1894 1895 1896 1910 1911 1912 1913 1914 1915 1916 1917 1918 1932 1933 1934 1935 1936 1937 1938 1939 1940 1941 1942 1943 1944 1945 1946 1947 1948 1949 1967 1968 1969 1970 1971 1972 1973
japan,1886,2025,inflation_adjusted,start,0.8,,,,,,15,0,7,126,0,74,58.7,106.0,0.0,1892 1893 1894 1895 1896 1897 1900 1907 1909 1910 1911 1912 1913 1914 1915 1916 1917 1918 1932 1933 1934 1935 1936 1937 1938 1939 1940 1941 1942 1943 1944 1945 1946 1947 1948 1949 1951 1960 1961 1962 1963 1964 1965 1966 1967 1968 1969 1970 1971 1972 1973 1974
japan,1886,2025,inflation_adjusted,start,0.8,,,,,,15,0,8,126,0,34,27.0,0.0,0.0,1887 1888 1889 1890 1891 1892 1893 1894 1895 1896 1897 1898 1899 1900 1901 1902 1903 1904 1905 1906 1907 1908 1909 1910 1911 1912 1913 1914 1915 1916 1917 1918 1919 1931 1932 1933 1934 1935 1936 1937 1938 1939 1940 1941 1942 1943 1944 1945 1946 1947 1948 1949 1950 1951 1952 1953 1954 1956 1957 1958 1959 1960 1961 1962 1963 1964 1965 1966 1967 1968 1969 1970 1971 1972 1973 1974 1975 1978 1979 1998 1999 2000 2001 2002 2003 2004 2005 2006 2008 2009 2010 2011
japan,1886,2025,inflation_adjusted,start,0.8,,,,,,15,0,9,126,0,22,17.5,0.0,0.0,1887 1888 1889 1890 1891 1892 1893 1894 1895 1896 1897 1898 1899 1900 1901 1902 1903 1904 1905 1906 1907 1908 1909 1910 1911 1912 1913 1914 1915 1916 1917 1918 1919 1931 1932 1933 1934 1935 1936 1937 1938 1939 1940 1941 1942 1943 1944 1945 1946 1947 1948 1949 1950 1951 1952 1953 1954 1955 1956 1957 1958 1959 1960 1961 1962 1963 1964 1965 1966 1967 1968 1969 1970 1971 1972 1973 1974 1975 1976 1977 1978 1979 1985 1986 1987 1988 1989 1994 1996 1997 1998 1999 2000 2001 2002 2003 2004 2005 2006 2007 2008 2009 2010 2011
japan,1886,2025,inflation_adjusted,start,0.8,,,,,,15,0,10,126,0,10,7.9,0.0,0.0,1886 1887 1888 1889 1890 1891 1892 1893 1894 1895 1896 1897 1898 1899 1900 1901 1902 1903 1904 1905 1906 1907 1908 1909 1910 1911 1912 1913 1914 1915 1916 1917 1918 1919 1929 1930 1931 1932 1933 1934 1935 1936 1937 1938 1939 1940 1941 1942 1943 1944 1945 1946 1947 1948 1949 1950 1951 1952 1953 1954 1955 1956 1957 1958 1959 1960 1961 1962 1963 1964 1965 1966 1967 1968 1969 1970 1971 1972 1973 1974 1975 1976 1977 1978 1979 1980 1981 1982 1983 1984 1985 1986 1987 1988 1989 1990 1992 1993 1994 1995 1996 1997 1998 1999 2000 2001 2002 2003 2004 2005 2006 2007 2008 2009 2010 2011
japan,1886,2025,inflation_adjusted,start,0.8,,,,,,15,0,11,126,0,4,3.2,0.0,0.0,1886 1887 1888 1889 1890 1891 1892 1893 1894 1895 1896 1897 1898 1899 1900 1901 1902 1903 1904 1905 1906 1907 1908 1909 1910 1911 1912 1913 1914 1915 1916 1917 1918 1919 1920 1922 1923 1927 1928 1929 1930 1931 1932 1933 1934 1935 1936 1937 1938 1939 1940 1941 1942 1943 1944 1945 1946 1947 1948 1949 1950 1951 1952 1953 1954 1955 1956 1957 1958 1959 1960 1961 1962 1963 1964 1965 1966 1967 1968 1969 1970 1971 1972 1973 1974 1975 1976 1977 1978 1979 1980 1981 1982 1983 1984 1985 1986 1987 1988 1989 1990 1991 1992 1993 1994 1995 1996 1997 1998 1999 2000 2001 2002 2003 2004 2005 2006 2007 2008 2009 2010 2011
japan,1886,2025,inflation_adjusted,start,0.8,,,,,,15,0,12,126,0,0,0.0,0.0,0.0,1886 1887 1888 1889 1890 1891 1892 1893 1894 1895 1896 1897 1898 1899 1900 1901 1902 1903 1904 1905 1906 1907 1908 1909 1910 1911 1912 1913 1914 1915 1916 1917 1918 1919 1920 1921 1922 1923 1924 1925 1926 1927 1928 1929 1930 1931 1932 1933 1934 1935 1936 1937 1938 1939 1940 1941 1942 1943 1944 1945 1946 1947 1948 1949 1950 1951 1952 1953 1954 1955 1956 1957 1958 1959 1960 1961 1962 1963 1964 1965 1966 1967 1968 1969 1970 1971 1972 1973 1974 1975 1976 1977 1978 1979 1980 1981 1982 1983 1984 1985 1986 1987 1988 1989 1990 1991 1992 1993 1994 1995 1996 1997 1998 1999 2000 2001 2002 2003 2004 2005 2006 2007 2008 2009 2010 2011
japan,1886,2025,inflation_adjusted,start,0.8,,,,,,20,100,3,100,21,98,98.0,2749.0,0.0,1990 1991
japan,1886,2025,inflation_adjusted,start,0.8,,,,,,20,100,4,100,21,90,90.0,2100.0,0.0,1897 1917 1988 1989 1990 1991 1992 1994 1995 1997
japan,1886,2025,inflation_adjusted,start,0.8,,,,,,20,100,5,100,21,83,83.0,1405.0,0.0,1896 1897 1917 1987 1988 1989 1990 1991 1992 1993 1994 1995 1996 1997 1998 2000 2001
japan,1886,2025,inflation_adjusted,start,0.8,,,,,,20,100,6,100,21,76,76.0,821.0,0.0,1895 1896 1897 1907 1917 1918 1974 1987 1988 1989 1990 1991 1992 1993 1994 1995 1996 1997 1998 1999 2000 2001 2002 2006
japan,1886,2025,inflation_adjusted,start,0.8,,,,,,20,100,7,100,21,59,59.0,310.0,0.0,1893 1894 1895 1896 1897 1898 1907 1908 1911 1916 1917 1918 1919 1920 1921 1961 1962 1963 1964 1973 1974 1986 1987 1988 1989 1990 1991 1992 1993 1994 1995 1996 1997 1998 1999 2000 2001 2002 2003 2005 2006
japan,1886,2025,inflation_adjusted,start,0.8,,,,,,20,100,8,100,21,45,45.0,0.0,0.0,1887 1890 1893 1894 1895 1896 1897 1898 1900 1907 1908 1910 1911 1912 1913 1916 1917 1918 1919 1920 1921 1922 1924 1925 1926 1961 1962 1963 1964 1970 1973 1974 1975 1985 1986 1987 1988 1989 1990 1991 1992 1993 1994 1995 1996 1997 1998 1999 2000 2001 2002 2003 2004 2005 2006
japan,1886,2025,inflation_adjusted,start,0.8,,,,,,20,100,9,100,21,32,32.0,0.0,0.0,1887 1888 1889 1890 1893 1894 1895 1896 1897 1898 1900 1906 1907 1908 1910 1911 1912 1913 1914 1915 1916 1917 1918 1919 1920 1921 1922 1923 1924 1925 1926 1960 1961 1962 1963 1964 1965 1967 1970 1971 1972 1973 1974 1975 1976 1984 1985 1986 1987 1988 1989 1990 1991 1992 1993 1994 1995 1996 1997 1998 1999 2000 2001 2002 2003 2004 2005 2006
japan,1886,2025,inflation_adjusted,start,0.8,,,,,,20,100,10,100,21,22,22.0,0.0,0.0,1887 1888 1889 1890 1893 1894 1895 1896 1897 1898 1899 1900 1906 1907 1908 1910 1911 1912 1913 1914 1915 1916 1917 1918 1919 1920 1921 1922 1923 1924 1925 1926 1960 1961 1962 1963 1964 1965 1966 1967 1968 1969 1970 1971 1972 1973 1974 1975 1976 1977 1978 1979 1980 1981 1982 1984 1985 1986 1987 1988 1989 1990 1991 1992 1993 1994 1995 1996 1997 1998 1999 2000 2001 2002 2003 2004 2005 2006
japan,1886,2025,inflation_adjusted,start,0.8,,,,,,20,100,11,100,21,15,15.0,0.0,0.0,1887 1888 1889 1890 1891 1892 1893 1894 1895 1896 1897 1898 1899 1900 1901 1903 1904 1906 1907 1908 1909 1910 1911 1912 1913 1914 1915 1916 1917 1918 1919 1920 1921 1922 1923 1924 1925 1926 1960 1961 1962 1963 1964 1965 1966 1967 1968 1969 1970 1971 1972 1973 1974 1975 1976 1977 1978 1979 1980 1981 1982 1983 1984 1985 1986 1987 1988 1989 1990 1991 1992 1993 1994 1995 1996 1997 1998 1999 2000 2001 2002 2003 2004 2005 2006
japan,1886,2025,inflation_adjusted,start,0.8,,,,,,20,100,12,100,21,11,11.0,0.0,0.0,1887 1888 1889 1890 1891 1892 1893 1894 1895 1896 1897 1898 1899 1900 1901 1903 1904 1905 1906 1907 1908 1909 1910 1911 1912 1913 1914 1915 1916 1917 1918 1919 1920 1921 1922 1923 1924 1925 1926 1957 1958 1959 1960 1961 1962 1963 1964 1965 1966 1967 1968 1969 1970 1971 1972 1973 1974 1975 1976 1977 1978 1979 1980 1981 1982 1983 1984 1985 1986 1987 1988 1989 1990 1991 1992 1993 1994 1995 1996 1997 1998 1999 2000 2001 2002 2003 2004 2005 2006
japan,1886,2025,inflation_adjusted,start,0.8,,,,,,20,75,3,100,21,100,100.0,2476.0,89.0,
japan,1886,2025,inflation_adjusted,start,0.8,,,,,,20,75,4,100,21,97,97.0,1896.0,0.0,1989 1990 1991
japan,1886,2025,inflation_adjusted,start,0.8,,,,,,20,75,5,100,21,89,89.0,1289.0,0.0,1897 1917 1988 1989 1990 1991 1992 1994 1995 1997 2001
japan,1886,2025,inflation_adjusted,start,0.8,,,,,,20,75,6,100,21,74,74.0,764.0,0.0,1895 1896 1897 1907 1911 1917 1918 1962 1973 1974 1987 1988 1989 1990 1991 1992 1993 1994 1995 1996 1997 1998 1999 2000 2001 2002
japan,1886,2025,inflation_adjusted,start,0.8,,,,,,20,75,7,100,21,60,60.0,272.0,0.0,1893 1894 1895 1896 1897 1898 1907 1908 1911 1916 1917 1918 1919 1920 1961 1962 1963 1964 1973 1974 1986 1987 1988 1989 1990 1991 1992 1993 1994 1995 1996 1997 1998 1999 2000 2001 2002 2003 2005 2006
japan,1886,2025,inflation_adjusted,start,0.8,,,,,,20,75,8,100,21,39,39.0,0.0,0.0,1887 1890 1893 1894 1895 1896 1897 1898 1900 1907 1908 1910 1911 1912 1913 1914 1915 1916 1917 1918 1919 1920 1921 1926 1960 1961 1962 1963 1964 1965 1967 1968 1969 1970 1971 1972 1973 1974 1975 1985 1986 1987 1988 1989 1990 1991 1992 1993 1994 1995 1996 1997 1998 1999 2000 2001 2002 2003 2004 2005 2006
japan,1886,2025,inflation_adjusted,start,0.8,,,,,,20,75,9,100,21,25,25.0,0.0,0.0,1887 1888 1889 1890 1893 1894 1895 1896 1897 1898 1900 1906 1907 1908 1909 1910 1911 1912 1913 1914 1915 1916 1917 1918 1919 1920 1921 1922 1923 1924 1925 1926 1960 1961 1962 1963 1964 1965 1966 1967 1968 1969 1970 1971 1972 1973 1974 1975 1976 1977 1978 1979 1984 1985 1986 1987 1988 1989 1990 1991 1992 1993 1994 1995 1996 1997 1998 1999 2000 2001 2002 2003 2004 2005 2006
japan,1886,2025,inflation_adjusted,start,0.8,,,,,,20,75,10,100,21,13,13.0,0.0,0.0,1887 1888 1889 1890 1891 1892 1893 1894 1895 1896 1897 1898 1899 1900 1901 1903 1904 1906 1907 1908 1909 1910 1911 1912 1913 1914 1915 1916 1917 1918 1919 1920 1921 1922 1923 1924 1925 1926 1958 1959 1960 1961 1962 1963 1964 1965 1966 1967 1968 1969 1970 1971 1972 1973 1974 1975 1976 1977 1978 1979 1980 1981 1982 1983 1984 1985 1986 1987 1988 1989 1990 1991 1992 1993 1994 1995 1996 1997 1998 1999 2000 2001 2002 2003 2004 2005 2006
japan,1886,2025,inflation_adjusted,start,0.8,,,,,,20,75,11,100,21,9,9.0,0.0,0.0,1887 1888 1889 1890 1891 1892 1893 1894 1895 1896 1897 1898 1899 1900 1901 1903 1904 1905 1906 1907 1908 1909 1910 1911 1912 1913 1914 1915 1916 1917 1918 1919 1920 1921 1922 1923 1924 1925 1926 1948 1954 1957 1958 1959 1960 1961 1962 1963 1964 1965 1966 1967 1968 1969 1970 1971 1972 1973 1974 1975 1976 1977 1978 1979 1980 1981 1982 1983 1984 1985 1986 1987 1988 1989 1990 1991 1992 1993 1994 1995 1996 1997 1998 1999 2000 2001 2002 2003 2004 2005 2006
japan,1886,2025,inflation_adjusted,start,0.8,,,,,,20,75,12,100,21,8,8.0,0.0,0.0,1887 1888 1889 1890 1891 1892 1893 1894 1895 1896 1897 1898 1899 1900 1901 1902 1903 1904 1905 1906 1907 1908 1909 1910 1911 1912 1913 1914 1915 1916 1917 1918 1919 1920 1921 1922 1923 1924 1925 1926 1948 1954 1957 1958 1959 1960 1961 1962 1963 1964 1965 1966 1967 1968 1969 1970 1971 1972 1973 1974 1975 1976 1977 1978 1979 1980 1981 1982 1983 1984 1985 1986 1987 1988 1989 1990 1991 1992 1993 1994 1995 1996 1997 1998 1999 2000 2001 2002 2003 2004 2005 2006
japan,1886,2025,inflation_adjusted,start,0.8,,,,,,20,50,3,100,21,100,100.0,2216.0,359.0,
japan,1886,2025,inflation_adjusted,start,0.8,,,,,,20,50,4,100,21,100,100.0,1646.0,56.0,
japan,1886,2025,inflation_adjusted,start,0.8,,,,,,20,50,5,100,21,96,96.0,1152.0,0.0,1897 1917 1989 1990
japan,1886,2025,inflation_adjusted,start,0.8,,,,,,20,50,6,100,21,72,72.0,578.0,0.0,1893 1894 1895 1896 1897 1907 1911 1916 1917 1918 1961 1962 1963 1964 1973 1974 1988 1989 1990 1991 1992 1994 1995 1996 1997 1998 2000 2001
japan,1886,2025,inflation_adjusted,start,0.8,,,,,,20,50,7,100,21,46,46.0,0.0,0.0,1887 1893 1894 1895 1896 1897 1898 1900 1907 1908 1910 1911 1912 1913 1914 1915 1916 1917 1918 1919 1960 1961 1962 1963 1964 1965 1966 1967 1968 1969 1970 1971 1972 1973 1974 1987 1988 1989 1990 1991 1992 1993 1994 1995 1996 1997 1998 1999 2000 2001 2002 2003 2005 2006
japan,1886,2025,inflation_adjusted,start,0.8,,,,,,20,50,8,100,21,33,33.0,0.0,0.0,1887 1888 1889 1890 1892 1893 1894 1895 1896 1897 1898 1900 1906 1907 1908 1909 1910 1911 1912 1913 1914 1915 1916 1917 1918 1919 1920 1948 1960 1961 1962 1963 1964 1965 1966 1967 1968 1969 1970 1971 1972 1973 1974 1975 1976 1985 1986 1987 1988 1989 1990 1991 1992 1993 1994 1995 1996 1997 1998 1999 2000 2001 2002 2003 2004 2005 2006
japan,1886,2025,inflation_adjusted,start,0.8,,,,,,20,50,9,100,21,13,13.0,0.0,0.0,1887 1888 1889 1890 1891 1892 1893 1894 1895 1896 1897 1898 1899 1900 1901 1903 1904 1905 1906 1907 1908 1909 1910 1911 1912 1913 1914 1915 1916 1917 1918 1919 1920 1921 1922 1923 1924 1925 1926 1948 1957 1958 1959 1960 1961 1962 1963 1964 1965 1966 1967 1968 1969 1970 1971 1972 1973 1974 1975 1976 1977 1978 1979 1980 1984 1985 1986 1987 1988 1989 1990 1991 1992 1993 1994 1995 1996 1997 1998 1999 2000 2001 2002 2003 2004 2005 2006
japan,1886,2025,inflation_adjusted,start,0.8,,,,,,20,50,10,100,21,8,8.0,0.0,0.0,1887 1888 1889 1890 1891 1892 1893 1894 1895 1896 1897 1898 1899 1900 1901 1902 1903 1904 1905 1906 1907 1908 1909 1910 1911 1912 1913 1914 1915 1916 1917 1918 1919 1920 1921 1922 1923 1924 1925 1926 1948 1954 1957 1958 1959 1960 1961 1962 1963 1964 1965 1966 1967 1968 1969 1970 1971 1972 1973 1974 1975 1976 1977 1978 1979 1980 1981 1982 1983 1984 1985 1986 1987 1988 1989 1990 1991 1992 1993 1994 1995 1996 1997 1998 1999 2000 2001 2002 2003 2004 2005 2006
japan,1886,2025,inflation_adjusted,start,0.8,,,,,,20,50,11,100,21,4,4.0,0.0,0.0,1887 1888 1889 1890 1891 1892 1893 1894 1895 1896 1897 1898 1899 1900 1901 1902 1903 1904 1905 1906 1907 1908 1909 1910 1911 1912 1913 1914 1915 1916 1917 1918 1919 1920 1921 1922 1923 1924 1925 1926 1948 1950 1953 1954 1955 1956 1957 1958 1959 1960 1961 1962 1963 1964 1965 1966 1967 1968 1969 1970 1971 1972 1973 1974 1975 1976 1977 1978 1979 1980 1981 1982 1983 1984 1985 1986 1987 1988 1989 1990 1991 1992 1993 1994 1995 1996 1997 1998 1999 2000 2001 2002 2003 2004 2005 2006
japan,1886,2025,inflation_adjusted,start,0.8,,,,,,20,50,12,100,21,1,1.0,0.0,0.0,1886 1887 1888 1889 1890 1891 1892 1893 1894 1895 1896 1897 1898 1899 1900 1901 1902 1903 1904 1905 1906 1907 1908 1909 1910 1911 1912 1913 1914 1915 1916 1917 1918 1919 1920 1921 1922 1923 1924 1925 1926 1948 1949 1950 1951 1953 1954 1955 1956 1957 1958 1959 1960 1961 1962 1963 1964 1965 1966 1967 1968 1969 1970 1971 1972 1973 1974 1975 1976 1977 1978 1979 1980 1981 1982 1983 1984 1985 1986 1987 1988 1989 1990 1991 1992 1993 1994 1995 1996 1997 1998 1999 2000 2001 2002 2003 2004 2005 2006
japan,1886,2025,inflation_adjusted,start,0.8,,,,,,20,25,3,100,21,100,100.0,1805.0,723.0,
japan,1886,2025,inflation_adjusted,start,0.8,,,,,,20,25,4,100,21,100,100.0,1285.0,61.0,
japan,1886,2025,inflation_adjusted,start,0.8,,,,,,20,25,5,100,21,93,93.0,563.0,0.0,1894 1897 1911 1916 1917 1948 1973
japan,1886,2025,inflation_adjusted,start,0.8,,,,,,20,25,6,100,21,62,62.0,132.0,0.0,1893 1894 1895 1896 1897 1907 1908 1910 1911 1912 1913 1914 1915 1916 1917 1918 1948 1960 1961 1962 1963 1964 1965 1966 1967 1968 1969 1970 1971 1972 1973 1974 1989 1990 1997 1998 2000 2001
japan,1886,2025,inflation_adjusted,start,0.8,,,,,,20,25,7,100,21,32,32.0,0.0,0.0,1887 1888 1889 1890 1892 1893 1894 1895 1896 1897 1898 1900 1903 1904 1906 1907 1908 1909 1910 1911 1912 1913 1914 1915 1916 1917 1918 1919 1948 1957 1958 1959 1960 1961 1962 1963 1964 1965 1966 1967 1968 1969 1970 1971 1972 1973 1974 1975 1987 1988 1989 1990 1991 1992 1993 1994 1995 1996 1997 1998 1999 2000 2001 2002 2003 2004 2005 2006
japan,1886,2025,inflation_adjusted,start,0.8,,,,,,20,25,8,100,21,18,18.0,0.0,0.0,1887 1888 1889 1890 1891 1892 1893 1894 1895 1896 1897 1898 1899 1900 1901 1902 1903 1904 1905 1906 1907 1908 1909 1910 1911 1912 1913 1914 1915 1916 1917 1918 1919 1948 1949 1954 1956 1957 1958 1959 1960 1961 1962 1963 1964 1965 1966 1967 1968 1969 1970 1971 1972 1973 1974 1975 1976 1977 1978 1979 1985 1986 1987 1988 1989 1990 1991 1992 1993 1994 1995 1996 1997 1998 1999 2000 2001 2002 2003 2004 2005 2006
japan,1886,2025,inflation_adjusted,start,0.8,,,,,,20,25,9,100,21,2,2.0,0.0,0.0,1887 1888 1889 1890 1891 1892 1893 1894 1895 1896 1897 1898 1899 1900 1901 1902 1903 1904 1905 1906 1907 1908 1909 1910 1911 1912 1913 1914 1915 1916 1917 1918 1919 1920 1922 1923 1924 1925 1926 1948 1949 1950 1951 1952 1953 1954 1955 1956 1957 1958 1959 1960 1961 1962 1963 1964 1965 1966 1967 1968 1969 1970 1971 1972 1973 1974 1975 1976 1977 1978 1979 1980 1981 1982 1983 1984 1985 1986 1987 1988 1989 1990 1991 1992 1993 1994 1995 1996 1997 1998 1999 2000 2001 2002 2003 2004 2005 2006
japan,1886,2025,inflation_adjusted,start,0.8,,,,,,20,25,10,100,21,0,0.0,0.0,0.0,1886 1887 1888 1889 1890 1891 1892 1893 1894 1895 1896 1897 1898 1899 1900 1901 1902 1903 1904 1905 1906 1907 1908 1909 1910 1911 1912 1913 1914 1915 1916 1917 1918 1919 1920 1921 1922 1923 1924 1925 1926 1948 1949 1950 1951 1952 1953 1954 1955 1956 1957 1958 1959 1960 1961 1962 1963 1964 1965 1966 1967 1968 1969 1970 1971 1972 1973 1974 1975 1976 1977 1978 1979 1980 1981 1982 1983 1984 1985 1986 1987 1988 1989 1990 1991 1992 1993 1994 1995 1996 1997 1998 1999 2000 2001 2002 2003 2004 2005 2006
japan,1886,2025,inflation_adjusted,start,0.8,,,,,,20,25,11,100,21,0,0.0,0.0,0.0,1886 1887 1888 1889 1890 1891 1892 1893 1894 1895 1896 1897 1898 1899 1900 1901 1902 1903 1904 1905 1906 1907 1908 1909 1910 1911 1912 1913 1914 1915 1916 1917 1918 1919 1920 1921 1922 1923 1924 1925 1926 1948 1949 1950 1951 1952 1953 1954 1955 1956 1957 1958 1959 1960 1961 1962 1963 1964 1965 1966 1967 1968 1969 1970 1971 1972 1973 1974 1975 1976 1977 1978 1979 1980 1981 1982 1983 1984 1985 1986 1987 1988 1989 1990 1991 1992 1993 1994 1995 1996 1997 1998 1999 2000 2001 2002 2003 2004 2005 2006
japan,1886,2025,inflation_adjusted,start,0.8,,,,,,20,25,12,100,21,0,0.0,0.0,0.0,1886 1887 1888 1889 1890 1891 1892 1893 1894 1895 1896 1897 1898 1899 1900 1901 1902 1903 1904 1905 1906 1907 1908 1909 1910 1911 1912 1913 1914 1915 1916 1917 1918 1919 1920 1921 1922 1923 1924 1925 1926 1948 1949 1950 1951 1952 1953 1954 1955 1956 1957 1958 1959 1960 1961 1962 1963 1964 1965 1966 1967 1968 1969 1970 1971 1972 1973 1974 1975 1976 1977 1978 1979 1980 1981 1982 1983 1984 1985 1986 1987 1988 1989 1990 1991 1992 1993 1994 1995 1996 1997 1998 1999 2000 2001 2002 2003 2004 2005 2006
japan,1886,2025,inflation_adjusted,start,0.8,,,,,,20,0,3,121,0,100,82.6,1040.0,0.0,1928 1929 1930 1931 1932 1933 1934 1935 1936 1937 1938 1939 1940 1941 1942 1943 1944 1945 1946 1947 1948
japan,1886,2025,inflation_adjusted,start,0.8,,,,,,20,0,4,121,0,98,81.0,491.0,0.0,1911 1916 1928 1929 1930 1931 1932 1933 1934 1935 1936 1937 1938 1939 1940 1941 1942 1943 1944 1945 1946 1947 1948
japan,1886,2025,inflation_adjusted,start,0.8,,,,,,20,0,5,121,0,66,54.5,86.0,0.0,1892 1893 1894 1895 1896 1906 1907 1909 1910 1911 1912 1913 1914 1915 1916 1917 1918 1927 1928 1929 1930 1931 1932 1933 1934 1935 1936 1937 1938 1939 1940 1941 1942 1943 1944 1945 1946 1947 1948 1949 1959 1960 1961 1962 1963 1964 1965 1966 1967 1968 1969 1970 1971 1972 1973
japan,1886,2025,inflation_adjusted,start,0.8,,,,,,20,0,6,121,0,42,34.7,0.0,0.0,1887 1888 1889 1890 1891 1892 1893 1894 1895 1896 1897 1898 1899 1900 1901 1902 1903 1904 1905 1906 1907 1908 1909 1910 1911 1912 1913 1914 1915 1916 1917 1918 1927 1928 1929 1930 1931 1932 1933 1934 1935 1936 1937 1938 1939 1940 1941 1942 1943 1944 1945 1946 1947 1948 1949 1950 1951 1952 1953 1956 1957 1958 1959 1960 1961 1962 1963 1964 1965 1966 1967 1968 1969 1970 1971 1972 1973 1974 2003
japan,1886,2025,inflation_adjusted,start,0.8,,,,,,20,0,7,121,0,19,15.7,0.0,0.0,1887 1888 1889 1890 1891 1892 1893 1894 1895 1896 1897 1898 1899 1900 1901 1902 1903 1904 1905 1906 1907 1908 1909 1910 1911 1912 1913 1914 1915 1916 1917 1918 1919 1927 1928 1929 1930 1931 1932 1933 1934 1935 1936 1937 1938 1939 1940 1941 1942 1943 1944 1945 1946 1947 1948 1949 1950 1951 1952 1953 1954 1955 1956 1957 1958 1959 1960 1961 1962 1963 1964 1965 1966 1967 1968 1969 1970 1971 1972 1973 1974 1975 1976 1977 1978 1979 1986 1987 1988 1989 1994 1996 1997 1998 1999 2000 2001 2002 2003 2004 2005 2006
japan,1886,2025,inflation_adjusted,start,0.8,,,,,,20,0,8,121,0,9,7.4,0.0,0.0,1886 1887 1888 1889 1890 1891 1892 1893 1894 1895 1896 1897 1898 1899 1900 1901 1902 1903 1904 1905 1906 1907 1908 1909 1910 1911 1912 1913 1914 1915 1916 1917 1918 1919 1927 1928 1929 1930 1931 1932 1933 1934 1935 1936 1937 1938 1939 1940 1941 1942 1943 1944 1945 1946 1947 1948 1949 1950 1951 1952 1953 1954 1955 1956 1957 1958 1959 1960 1961 1962 1963 1964 1965 1966 1967 1968 1969 1970 1971 1972 1973 1974 1975 1976 1977 1978 1979 1980 1982 1983 1984 1985 1986 1987 1988 1989 1990 1992 1993 1994 1995 1996 1997 1998 1999 2000 2001 2002 2003 2004 2005 2006
japan,1886,2025,inflation_adjusted,start,0.8,,,,,,20,0,9,121,0,2,1.7,0.0,0.0,1886 1887 1888 1889 1890 1891 1892 1893 1894 1895 1896 1897 1898 1899 1900 1901 1902 1903 1904 1905 1906 1907 1908 1909 1910 1911 1912 1913 1914 1915 1916 1917 1918 1919 1920 1923 1924 1925 1926 1927 1928 1929 1930 1931 1932 1933 1934 1935 1936 1937 1938 1939 1940 1941 1942 1943 1944 1945 1946 1947 1948 1949 1950 1951 1952 1953 1954 1955 1956 1957 1958 1959 1960 1961 1962 1963 1964 1965 1966 1967 1968 1969 1970 1971 1972 1973 1974 1975 1976 1977 1978 1979 1980 1981 1982 1983 1984 1985 1986 1987 1988 1989 1990 1991 1992 1993 1994 1995 1996 1997 1998 1999 2000 2001 2002 2003 2004 2005 2006
japan,1886,2025,inflation_adjusted,start,0.8,,,,,,20,0,10,121,0,0,0.0,0.0,0.0,1886 1887 1888 1889 1890 1891 1892 1893 1894 1895 1896 1897 1898 1899 1900 1901 1902 1903 1904 1905 1906 1907 1908 1909 1910 1911 1912 1913 1914 1915 1916 1917 1918 1919 1920 1921 1922 1923 1924 1925 1926 1927 1928 1929 1930 1931 1932 1933 1934 1935 1936 1937 1938 1939 1940 1941 1942 1943 1944 1945 1946 1947 1948 1949 1950 1951 1952 1953 1954 1955 1956 1957 1958 1959 1960 1961 1962 1963 1964 1965 1966 1967 1968 1969 1970 1971 1972 1973 1974 1975 1976 1977 1978 1979 1980 1981 1982 1983 1984 1985 1986 1987 1988 1989 1990 1991 1992 1993 1994 1995 1996 1997 1998 1999 2000 2001 2002 2003 2004 2005 2006
japan,1886,2025,inflation_adjusted,start,0.8,,,,,,20,0,11,121,0,0,0.0,0.0,0.0,1886 1887 1888 1889 1890 1891 1892 1893 1894 1895 1896 1897 1898 1899 1900 1901 1902 1903 1904 1905 1906 1907 1908 1909 1910 1911 1912 1913 1914 1915 1916 1917 1918 1919 1920 1921 1922 1923 1924 1925 1926 1927 1928 1929 1930 1931 1932 1933 1934 1935 1936 1937 1938 1939 1940 1941 1942 1943 1944 1945 1946 1947 1948 1949 1950 1951 1952 1953 1954 1955 1956 1957 1958 1959 1960 1961 1962 1963 1964 1965 1966 1967 1968 1969 1970 1971 1972 1973 1974 1975 1976 1977 1978 1979 1980 1981 1982 1983 1984 1985 1986 1987 1988 1989 1990 1991 1992 1993 1994 1995 1996 1997 1998 1999 2000 2001 2002 2003 2004 2005 2006
japan,1886,2025,inflation_adjusted,start,0.8,,,,,,20,0,12,121,0,0,0.0,0.0,0.0,1886 1887 1888 1889 1890 1891 1892 1893 1894 1895 1896 1897 1898 1899 1900 1901 1902 1903 1904 1905 1906 1907 1908 1909 1910 1911 1912 1913 1914 1915 1916 1917 1918 1919 1920 1921 1922 1923 1924 1925 1926 1927 1928 1929 1930 1931 1932 1933 1934 1935 1936 1937 1938 1939 1940 1941 1942 1943 1944 1945 1946 1947 1948 1949 1950 1951 1952 1953 1954 1955 1956 1957 1958 1959 1960 1961 1962 1963 1964 1965 1966 1967 1968 1969 1970 1971 1972 1973 1974 1975 1976 1977 1978 1979 1980 1981 1982 1983 1984 1985 1986 1987 1988 1989 1990 1991 1992 1993 1994 1995 1996 1997 1998 1999 2000 2001 2002 2003 2004 2005 2006
japan,1886,2025,inflation_adjusted,start,0.8,,,,,,25,100,3,90,26,85,94.4,3814.0,0.0,1988 1989 1990 1991 1992
japan,1886,2025,inflation_adjusted,start,0.8,,,,,,25,100,4,90,26,75,83.3,2784.0,0.0,1897 1917 1987 1988 1989 1990 1991 1992 1993 1994 1995 1996 1997 1998 2001
japan,1886,2025,inflation_adjusted,start,0.8,,,,,,25,100,5,90,26,68,75.6,1688.0,0.0,1896 1897 1907 1917 1918 1974 1986 1987 1988 1989 1990 1991 1992 1993 1994 1995 1996 1997 1998 1999 2000 2001
japan,1886,2025,inflation_adjusted,start,0.8,,,,,,25,100,6,90,26,56,62.2,688.0,0.0,1895 1896 1897 1898 1907 1908 1911 1916 1917 1918 1919 1920 1921 1961 1962 1973 1974 1985 1986 1987 1988 1989 1990 1991 1992 1993 1994 1995 1996 1997 1998 1999 2000 2001
japan,1886,2025,inflation_adjusted,start,0.8,,,,,,25,100,7,90,26,45,50.0,30.0,0.0,1887 1890 1893 1894 1895 1896 1897 1898 1900 1907 1908 1910 1911 1912 1916 1917 1918 1919 1920 1921 1961 1962 1963 1964 1973 1974 1975 1984 1985 1986 1987 1988 1989 1990 1991 1992 1993 1994 1995 1996 1997 1998 1999 2000 2001
japan,1886,2025,inflation_adjusted,start,0.8,,,,,,25,100,8,90,26,26,28.9,0.0,0.0,1887 1888 1889 1890 1893 1894 1895 1896 1897 1898 1900 1906 1907 1908 1910 1911 1912 1913 1914 1915 1916 1917 1918 1919 1920 1921 1960 1961 1962 1963 1964 1965 1970 1971 1972 1973 1974 1975 1976 1977 1978 1979 1980 1981 1982 1983 1984 1985 1986 1987 1988 1989 1990 1991 1992 1993 1994 1995 1996 1997 1998 1999 2000 2001
japan,1886,2025,inflation_adjusted,start,0.8,,,,,,25,100,9,90,26,20,22.2,0.0,0.0,1887 1888 1889 1890 1893 1894 1895 1896 1897 1898 1899 1900 1906 1907 1908 1909 1910 1911 1912 1913 1914 1915 1916 1917 1918 1919 1920 1921 1960 1961 1962 1963 1964 1965 1966 1967 1968 1969 1970 1971 1972 1973 1974 1975 1976 1977 1978 1979 1980 1981 1982 1983 1984 1985 1986 1987 1988 1989 1990 1991 1992 1993 1994 1995 1996 1997 1998 1999 2000 2001
japan,1886,2025,inflation_adjusted,start,0.8,,,,,,25,100,10,90,26,13,14.4,0.0,0.0,1887 1888 1889 1890 1891 1892 1893 1894 1895 1896 1897 1898 1899 1900 1901 1903 1904 1905 1906 1907 1908 1909 1910 1911 1912 1913 1914 1915 1916 1917 1918 1919 1920 1921 1959 1960 1961 1962 1963 1964 1965 1966 1967 1968 1969 1970 1971 1972 1973 1974 1975 1976 1977 1978 1979 1980 1981 1982 1983 1984 1985 1986 1987 1988 1989 1990 1991 1992 1993 1994 1995 1996 1997 1998 1999 2000 2001
japan,1886,2025,inflation_adjusted,start,0.8,,,,,,25,100,11,90,26,11,12.2,0.0,0.0,1887 1888 1889 1890 1891 1892 1893 1894 1895 1896 1897 1898 1899 1900 1901 1903 1904 1905 1906 1907 1908 1909 1910 1911 1912 1913 1914 1915 1916 1917 1918 1919 1920 1921 1957 1958 1959 1960 1961 1962 1963 1964 1965 1966 1967 1968 1969 1970 1971 1972 1973 1974 1975 1976 1977 1978 1979 1980 1981 1982 1983 1984 1985 1986 1987 1988 1989 1990 1991 1992 1993 1994 1995 1996 1997 1998 1999 2000 2001
japan,1886,2025,inflation_adjusted,start,0.8,,,,,,25,100,12,90,26,9,10.0,0.0,0.0,1887 1888 1889 1890 1891 1892 1893 1894 1895 1896 1897 1898 1899 1900 1901 1902 1903 1904 1905 1906 1907 1908 1909 1910 1911 1912 1913 1914 1915 1916 1917 1918 1919 1920 1921 1954 1957 1958 1959 1960 1961 1962 1963 1964 1965 1966 1967 1968 1969 1970 1971 1972 1973 1974 1975 1976 1977 1978 1979 1980 1981 1982 1983 1984 1985 1986 1987 1988 1989 1990 1991 1992 1993 1994 1995 1996 1997 1998 1999 2000 2001
japan,1886,2025,inflation_adjusted,start,0.8,,,,,,25,75,3,90,26,89,98.9,3370.0,0.0,1990
japan,1886,2025,inflation_adjusted,start,0.8,,,,,,25,75,4,90,26,82,91.1,2458.0,0.0,1897 1917 1988 1989 1990 1991 1992 1997
japan,1886,2025,inflation_adjusted,start,0.8,,,,,,25,75,5,90,26,70,77.8,1330.0,0.0,1896 1897 1907 1917 1918 1974 1987 1988 1989 1990 1991 1992 1993 1994 1995 1996 1997 1998 2000 2001
japan,1886,2025,inflation_adjusted,start,0.8,,,,,,25,75,6,90,26,54,60.0,529.0,0.0,1893 1894 1895 1896 1897 1898 1907 1908 1911 1916 1917 1918 1919 1920 1961 1962 1963 1964 1973 1974 1986 1987 1988 1989 1990 1991 1992 1993 1994 1995 1996 1997 1998 1999 2000 2001
japan,1886,2025,inflation_adjusted,start,0.8,,,,,,25,75,7,90,26,39,43.3,0.0,0.0,1887 1890 1893 1894 1895 1896 1897 1898 1900 1907 1908 1910 1911 1912 1913 1916 1917 1918 1919 1920 1921 1960 1961 1962 1963 1964 1965 1967 1970 1971 1972 1973 1974 1975 1985 1986 1987 1988 1989 1990 1991 1992 1993 1994 1995 1996 1997 1998 1999 2000 2001
japan,1886,2025,inflation_adjusted,start,0.8,,,,,,25,75,8,90,26,23,25.6,0.0,0.0,1887 1888 1889 1890 1893 1894 1895 1896 1897 1898 1900 1906 1907 1908 1909 1910 1911 1912 1913 1914 1915 1916 1917 1918 1919 1920 1921 1960 1961 1962 1963 1964 1965 1966 1967 1968 1969 1970 1971 1972 1973 1974 1975 1976 1977 1978 1979 1980 1982 1984 1985 1986 1987 1988 1989 1990 1991 1992 1993 1994 1995 1996 1997 1998 1999 2000 2001
japan,1886,2025,inflation_adjusted,start,0.8,,,,,,25,75,9,90,26,11,12.2,0.0,0.0,1887 1888 1889 1890 1891 1892 1893 1894 1895 1896 1897 1898 1899 1900 1901 1903 1904 1905 1906 1907 1908 1909 1910 1911 1912 1913 1914 1915 1916 1917 1918 1919 1920 1921 1957 1958 1959 1960 1961 1962 1963 1964 1965 1966 1967 1968 1969 1970 1971 1972 1973 1974 1975 1976 1977 1978 1979 1980 1981 1982 1983 1984 1985 1986 1987 1988 1989 1990 1991 1992 1993 1994 1995 1996 1997 1998 1999 2000 2001
japan,1886,2025,inflation_adjusted,start,0.8,,,,,,25,75,10,90,26,8,8.9,0.0,0.0,1887 1888 1889 1890 1891 1892 1893 1894 1895 1896 1897 1898 1899 1900 1901 1902 1903 1904 1905 1906 1907 1908 1909 1910 1911 1912 1913 1914 1915 1916 1917 1918 1919 1920 1921 1948 1954 1957 1958 1959 1960 1961 1962 1963 1964 1965 1966 1967 1968 1969 1970 1971 1972 1973 1974 1975 1976 1977 1978 1979 1980 1981 1982 1983 1984 1985 1986 1987 1988 1989 1990 1991 1992 1993 1994 1995 1996 1997 1998 1999 2000 2001
japan,1886,2025,inflation_adjusted,start,0.8,,,,,,25,75,11,90,26,7,7.8,0.0,0.0,1887 1888 1889 1890 1891 1892 1893 1894 1895 1896 1897 1898 1899 1900 1901 1902 1903 1904 1905 1906 1907 1908 1909 1910 1911 1912 1913 1914 1915 1916 1917 1918 1919 1920 1921 1948 1954 1956 1957 1958 1959 1960 1961 1962 1963 1964 1965 1966 1967 1968 1969 1970 1971 1972 1973 1974 1975 1976 1977 1978 1979 1980 1981 1982 1983 1984 1985 1986 1987 1988 1989 1990 1991 1992 1993 1994 1995 1996 1997 1998 1999 2000 2001
japan,1886,2025,inflation_adjusted,start,0.8,,,,,,25,75,12,90,26,3,3.3,0.0,0.0,1886 1887 1888 1889 1890 1891 1892 1893 1894 1895 1896 1897 1898 1899 1900 1901 1902 1903 1904 1905 1906 1907 1908 1909 1910 1911 1912 1913 1914 1915 1916 1917 1918 1919 1920 1921 1948 1950 1953 1954 1955 1956 1957 1958 1959 1960 1961 1962 1963 1964 1965 1966 1967 1968 1969 1970 1971 1972 1973 1974 1975 1976 1977 1978 1979 1980 1981 1982 1983 1984 1985 1986 1987 1988 1989 1990 1991 1992 1993 1994 1995 1996 1997 1998 1999 2000 2001
japan,1886,2025,inflation_adjusted,start,0.8,,,,,,25,50,3,90,26,90,100.0,2790.0,300.0,
japan,1886,2025,inflation_adjusted,start,0.8,,,,,,25,50,4,90,26,87,96.7,1768.0,0.0,1917 1989 1990
japan,1886,2025,inflation_adjusted,start,0.8,,,,,,25,50,5,90,26,67,74.4,948.0,0.0,1896 1897 1907 1911 1916 1917 1918 1961 1962 1973 1974 1988 1989 1990 1991 1992 1994 1995 1996 1997 1998 2000 2001
japan,1886,2025,inflation_adjusted,start,0.8,,,,,,25,50,6,90,26,45,50.0,16.0,0.0,1893 1894 1895 1896 1897 1898 1900 1907 1908 1910 1911 1912 1913 1916 1917 1918 1919 1960 1961 1962 1963 1964 1965 1967 1970 1971 1972 1973 1974 1986 1987 1988 1989 1990 1991 1992 1993 1994 1995 1996 1997 1998 1999 2000 2001
japan,1886,2025,inflation_adjusted,start,0.8,,,,,,25,50,7,90,26,22,24.4,0.0,0.0,1887 1888 1889 1890 1892 1893 1894 1895 1896 1897 1898 1899 1900 1903 1904 1906 1907 1908 1909 1910 1911 1912 1913 1914 1915 1916 1917 1918 1919 1920 1948 1958 1959 1960 1961 1962 1963 1964 1965 1966 1967 1968 1969 1970 1971 1972 1973 1974 1975 1976 1979 1985 1986 1987 1988 1989 1990 1991 1992 1993 1994 1995 1996 1997 1998 1999 2000 2001
japan,1886,2025,inflation_adjusted,start,0.8,,,,,,25,50,8,90,26,8,8.9,0.0,0.0,1887 1888 1889 1890 1891 1892 1893 1894 1895 1896 1897 1898 1899 1900 1901 1902 1903 1904 1905 1906 1907 1908 1909 1910 1911 1912 1913 1914 1915 1916 1917 1918 1919 1920 1921 1948 1954 1957 1958 1959 1960 1961 1962 1963 1964 1965 1966 1967 1968 1969 1970 1971 1972 1973 1974 1975 1976 1977 1978 1979 1980 1981 1982 1983 1984 1985 1986 1987 1988 1989 1990 1991 1992 1993 1994 1995 1996 1997 1998 1999 2000 2001
japan,1886,2025,inflation_adjusted,start,0.8,,,,,,25,50,9,90,26,7,7.8,0.0,0.0,1887 1888 1889 1890 1891 1892 1893 1894 1895 1896 1897 1898 1899 1900 1901 1902 1903 1904 1905 1906 1907 1908 1909 1910 1911 1912 1913 1914 1915 1916 1917 1918 1919 1920 1921 1948 1954 1956 1957 1958 1959 1960 1961 1962 1963 1964 1965 1966 1967 1968 1969 1970 1971 1972 1973 1974 1975 1976 1977 1978 1979 1980 1981 1982 1983 1984 1985 1986 1987 1988 1989 1990 1991 1992 1993 1994 1995 1996 1997 1998 1999 2000 2001
japan,1886,2025,inflation_adjusted,start,0.8,,,,,,25,50,10,90,26,3,3.3,0.0,0.0,1886 1887 1888 1889 1890 1891 1892 1893 1894 1895 1896 1897 1898 1899 1900 1901 1902 1903 1904 1905 1906 1907 1908 1909 1910 1911 1912 1913 1914 1915 1916 1917 1918 1919 1920 1921 1948 1950 1953 1954 1955 1956 1957 1958 1959 1960 1961 1962 1963 1964 1965 1966 1967 1968 1969 1970 1971 1972 1973 1974 1975 1976 1977 1978 1979 1980 1981 1982 1983 1984 1985 1986 1987 1988 1989 1990 1991 1992 1993 1994 1995 1996 1997 1998 1999 2000 2001
japan,1886,2025,inflation_adjusted,start,0.8,,,,,,25,50,11,90,26,1,1.1,0.0,0.0,1886 1887 1888 1889 1890 1891 1892 1893 1894 1895 1896 1897 1898 1899 1900 1901 1902 1903 1904 1905 1906 1907 1908 1909 1910 1911 1912 1913 1914 1915 1916 1917 1918 1919 1920 1921 1948 1949 1950 1951 1953 1954 1955 1956 1957 1958 1959 1960 1961 1962 1963 1964 1965 1966 1967 1968 1969 1970 1971 1972 1973 1974 1975 1976 1977 1978 1979 1980 1981 1982 1983 1984 1985 1986 1987 1988 1989 1990 1991 1992 1993 1994 1995 1996 1997 1998 1999 2000 2001
japan,1886,2025,inflation_adjusted,start,0.8,,,,,,25,50,12,90,26,0,0.0,0.0,0.0,1886 1887 1888 1889 1890 1891 1892 1893 1894 1895 1896 1897 1898 1899 1900 1901 1902 1903 1904 1905 1906 1907 1908 1909 1910 1911 1912 1913 1914 1915 1916 1917 1918 1919 1920 1921 1948 1949 1950 1951 1952 1953 1954 1955 1956 1957 1958 1959 1960 1961 1962 1963 1964 1965 1966 1967 1968 1969 1970 1971 1972 1973 1974 1975 1976 1977 1978 1979 1980 1981 1982 1983 1984 1985 1986 1987 1988 1989 1990 1991 1992 1993 1994 1995 1996 1997 1998 1999 2000 2001
japan,1886,2025,inflation_adjusted,start,0.8,,,,,,25,25,3,90,26,90,100.0,2019.0,525.0,
japan,1886,2025,inflation_adjusted,start,0.8,,,,,,25,25,4,90,26,89,98.9,1027.0,0.0,1917
japan,1886,2025,inflation_adjusted,start,0.8,,,,,,25,25,5,90,26,59,65.6,208.0,0.0,1893 1894 1895 1896 1897 1900 1907 1910 1911 1912 1916 1917 1918 1948 1960 1961 1962 1963 1964 1965 1966 1967 1968 1969 1970 1971 1972 1973 1974 1989 1990
japan,1886,2025,inflation_adjusted,start,0.8,,,,,,25,25,6,90,26,24,26.7,0.0,0.0,1887 1888 1889 1890 1892 1893 1894 1895 1896 1897 1898 1899 1900 1901 1903 1904 1905 1906 1907 1908 1909 1910 1911 1912 1913 1914 1915 1916 1917 1918 1919 1948 1957 1958 1959 1960 1961 1962 1963 1964 1965 1966 1967 1968 1969 1970 1971 1972 1973 1974 1975 1987 1988 1989 1990 1991 1992 1993 1994 1995 1996 1997 1998 1999 2000 2001
japan,1886,2025,inflation_adjusted,start,0.8,,,,,,25,25,7,90,26,10,11.1,0.0,0.0,1887 1888 1889 1890 1891 1892 1893 1894 1895 1896 1897 1898 1899 1900 1901 1902 1903 1904 1905 1906 1907 1908 1909 1910 1911 1912 1913 1914 1915 1916 1917 1918 1919 1948 1949 1950 1953 1954 1955 1956 1957 1958 1959 1960 1961 1962 1963 1964 1965 1966 1967 1968 1969 1970 1971 1972 1973 1974 1975 1976 1977 1978 1979 1985 1986 1987 1988 1989 1990 1991 1992 1993 1994 1995 1996 1997 1998 1999 2000 2001
japan,1886,2025,inflation_adjusted,start,0.8,,,,,,25,25,8,90,26,0,0.0,0.0,0.0,1886 1887 1888 1889 1890 1891 1892 1893 1894 1895 1896 1897 1898 1899 1900 1901 1902 1903 1904 1905 1906 1907 1908 1909 1910 1911 1912 1913 1914 1915 1916 1917 1918 1919 1920 1921 1948 1949 1950 1951 1952 1953 1954 1955 1956 1957 1958 1959 1960 1961 1962 1963 1964 1965 1966 1967 1968 1969 1970 1971 1972 1973 1974 1975 1976 1977 1978 1979 1980 1981 1982 1983 1984 1985 1986 1987 1988 1989 1990 1991 1992 1993 1994 1995 1996 1997 1998 1999 2000 2001
japan,1886,2025,inflation_adjusted,start,0.8,,,,,,25,25,9,90,26,0,0.0,0.0,0.0,1886 1887 1888 1889 1890 1891 1892 1893 1894 1895 1896 1897 1898 1899 1900 1901 1902 1903 1904 1905 1906 1907 1908 1909 1910 1911 1912 1913 1914 1915 1916 1917 1918 1919 1920 1921 1948 1949 1950 1951 1952 1953 1954 1955 1956 1957 1958 1959 1960 1961 1962 1963 1964 1965 1966 1967 1968 1969 1970 1971 1972 1973 1974 1975 1976 1977 1978 1979 1980 1981 1982 1983 1984 1985 1986 1987 1988 1989 1990 1991 1992 1993 1994 1995 1996 1997 1998 1999 2000 2001
japan,1886,2025,inflation_adjusted,start,0.8,,,,,,25,25,10,90,26,0,0.0,0.0,0.0,1886 1887 1888 1889 1890 1891 1892 1893 1894 1895 1896 1897 1898 1899 1900 1901 1902 1903 1904 1905 1906 1907 1908 1909 1910 1911 1912 1913 1914 1915 1916 1917 1918 1919 1920 1921 1948 1949 1950 1951 1952 1953 1954 1955 1956 1957 1958 1959 1960 1961 1962 1963 1964 1965 1966 1967 1968 1969 1970 1971 1972 1973 1974 1975 1976 1977 1978 1979 1980 1981 1982 1983 1984 1985 1986 1987 1988 1989 1990 1991 1992 1993 1994 1995 1996 1997 1998 1999 2000 2001
japan,1886,2025,inflation_adjusted,start,0.8,,,,,,25,25,11,90,26,0,0.0,0.0,0.0,1886 1887 1888 1889 1890 1891 1892 1893 1894 1895 1896 1897 1898 1899 1900 1901 1902 1903 1904 1905 1906 1907 1908 1909 1910 1911 1912 1913 1914 1915 1916 1917 1918 1919 1920 1921 1948 1949 1950 1951 1952 1953 1954 1955 1956 1957 1958 1959 1960 1961 1962 1963 1964 1965 1966 1967 1968 1969 1970 1971 1972 1973 1974 1975 1976 1977 1978 1979 1980 1981 1982 1983 1984 1985 1986 1987 1988 1989 1990 1991 1992 1993 1994 1995 1996 1997 1998 1999 2000 2001
japan,1886,2025,inflation_adjusted,start,0.8,,,,,,25,25,12,90,26,0,0.0,0.0,0.0,1886 1887 1888 1889 1890 1891 1892 1893 1894 1895 1896 1897 1898 1899 1900 1901 1902 1903 1904 1905 1906 1907 1908 1909 1910 1911 1912 1913 1914 1915 1916 1917 1918 1919 1920 1921 1948 1949 1950 1951 1952 1953 1954 1955 1956 1957 1958 1959 1960 1961 1962 1963 1964 1965 1966 1967 1968 1969 1970 1971 1972 1973 1974 1975 1976 1977 1978 1979 1980 1981 1982 1983 1984 1985 1986 1987 1988 1989 1990 1991 1992 1993 1994 1995 1996 1997 1998 1999 2000 2001
japan,1886,2025,inflation_adjusted,start,0.8,,,,,,25,0,3,116,0,91,78.4,892.0,0.0,1924 1925 1926 1927 1928 1929 1930 1931 1932 1933 1934 1935 1936 1937 1938 1939 1940 1941 1942 1943 1944 1945 1946 1947 1948
japan,1886,2025,inflation_adjusted,start,0.8,,,,,,25,0,4,116,0,61,52.6,48.0,0.0,1892 1893 1894 1895 1896 1897 1900 1907 1910 1911 1912 1916 1917 1923 1924 1925 1926 1927 1928 1929 1930 1931 1932 1933 1934 1935 1936 1937 1938 1939 1940 1941 1942 1943 1944 1945 1946 1947 1948 1949 1959 1960 1961 1962 1963 1964 1965 1966 1967 1968 1969 1970 1971 1972 1973
japan,1886,2025,inflation_adjusted,start,0.8,,,,,,25,0,5,116,0,32,27.6,0.0,0.0,1887 1888 1889 1890 1891 1892 1893 1894 1895 1896 1897 1898 1899 1900 1901 1902 1903 1904 1905 1906 1907 1908 1909 1910 1911 1912 1913 1914 1915 1916 1917 1918 1923 1924 1925 1926 1927 1928 1929 1930 1931 1932 1933 1934 1935 1936 1937 1938 1939 1940 1941 1942 1943 1944 1945 1946 1947 1948 1949 1950 1951 1952 1953 1954 1955 1956 1957 1958 1959 1960 1961 1962 1963 1964 1965 1966 1967 1968 1969 1970 1971 1972 1973 1974
japan,1886,2025,inflation_adjusted,start,0.8,,,,,,25,0,6,116,0,14,12.1,0.0,0.0,1886 1887 1888 1889 1890 1891 1892 1893 1894 1895 1896 1897 1898 1899 1900 1901 1902 1903 1904 1905 1906 1907 1908 1909 1910 1911 1912 1913 1914 1915 1916 1917 1918 1919 1922 1923 1924 1925 1926 1927 1928 1929 1930 1931 1932 1933 1934 1935 1936 1937 1938 1939 1940 1941 1942 1943 1944 1945 1946 1947 1948 1949 1950 1951 1952 1953 1954 1955 1956 1957 1958 1959 1960 1961 1962 1963 1964 1965 1966 1967 1968 1969 1970 1971 1972 1973 1974 1975 1976 1978 1979 1986 1987 1988 1989 1994 1996 1997 1998 1999 2000 2001
japan,1886,2025,inflation_adjusted,start,0.8,,,,,,25,0,7,116,0,3,2.6,0.0,0.0,1886 1887 1888 1889 1890 1891 1892 1893 1894 1895 1896 1897 1898 1899 1900 1901 1902 1903 1904 1905 1906 1907 1908 1909 1910 1911 1912 1913 1914 1915 1916 1917 1918 1919 1922 1923 1924 1925 1926 1927 1928 1929 1930 1931 1932 1933 1934 1935 1936 1937 1938 1939 1940 1941 1942 1943 1944 1945 1946 1947 1948 1949 1950 1951 1952 1953 1954 1955 1956 1957 1958 1959 1960 1961 1962 1963 1964 1965 1966 1967 1968 1969 1970 1971 1972 1973 1974 1975 1976 1977 1978 1979 1980 1982 1983 1984 1985 1986 1987 1988 1989 1990 1991 1992 1993 1994 1995 1996 1997 1998 1999 2000 2001
japan,1886,2025,inflation_adjusted,start,0.8,,,,,,25,0,8,116,0,1,0.9,0.0,0.0,1886 1887 1888 1889 1890 1891 1892 1893 1894 1895 1896 1897 1898 1899 1900 1901 1902 1903 1904 1905 1906 1907 1908 1909 1910 1911 1912 1913 1914 1915 1916 1917 1918 1919 1920 1922 1923 1924 1925 1926 1927 1928 1929 1930 1931 1932 1933 1934 1935 1936 1937 1938 1939 1940 1941 1942 1943 1944 1945 1946 1947 1948 1949 1950 1951 1952 1953 1954 1955 1956 1957 1958 1959 1960 1961 1962 1963 1964 1965 1966 1967 1968 1969 1970 1971 1972 1973 1974 1975 1976 1977 1978 1979 1980 1981 1982 1983 1984 1985 1986 1987 1988 1989 1990 1991 1992 1993 1994 1995 1996 1997 1998 1999 2000 2001
japan,1886,2025,inflation_adjusted,start,0.8,,,,,,25,0,9,116,0,0,0.0,0.0,0.0,1886 1887 1888 1889 1890 1891 1892 1893 1894 1895 1896 1897 1898 1899 1900 1901 1902 1903 1904 1905 1906 1907 1908 1909 1910 1911 1912 1913 1914 1915 1916 1917 1918 1919 1920 1921 1922 1923 1924 1925 1926 1927 1928 1929 1930 1931 1932 1933 1934 1935 1936 1937 1938 1939 1940 1941 1942 1943 1944 1945 1946 1947 1948 1949 1950 1951 1952 1953 1954 1955 1956 1957 1958 1959 1960 1961 1962 1963 1964 1965 1966 1967 1968 1969 1970 1971 1972 1973 1974 1975 1976 1977 1978 1979 1980 1981 1982 1983 1984 1985 1986 1987 1988 1989 1990 1991 1992 1993 1994 1995 1996 1997 1998 1999 2000 2001
japan,1886,2025,inflation_adjusted,start,0.8,,,,,,25,0,10,116,0,0,0.0,0.0,0.0,1886 1887 1888 1889 1890 1891 1892 1893 1894 1895 1896 1897 1898 1899 1900 1901 1902 1903 1904 1905 1906 1907 1908 1909 1910 1911 1912 1913 1914 1915 1916 1917 1918 1919 1920 1921 1922 1923 1924 1925 1926 1927 1928 1929 1930 1931 1932 1933 1934 1935 1936 1937 1938 1939 1940 1941 1942 1943 1944 1945 1946 1947 1948 1949 1950 1951 1952 1953 1954 1955 1956 1957 1958 1959 1960 1961 1962 1963 1964 1965 1966 1967 1968 1969 1970 1971 1972 1973 1974 1975 1976 1977 1978 1979 1980 1981 1982 1983 1984 1985 1986 1987 1988 1989 1990 1991 1992 1993 1994 1995 1996 1997 1998 1999 2000 2001
japan,1886,2025,inflation_adjusted,start,0.8,,,,,,25,0,11,116,0,0,0.0,0.0,0.0,1886 1887 1888 1889 1890 1891 1892 1893 1894 1895 1896 1897 1898 1899 1900 1901 1902 1903 1904 1905 1906 1907 1908 1909 1910 1911 1912 1913 1914 1915 1916 1917 1918 1919 1920 1921 1922 1923 1924 1925 1926 1927 1928 1929 1930 1931 1932 1933 1934 1935 1936 1937 1938 1939 1940 1941 1942 1943 1944 1945 1946 1947 1948 1949 1950 1951 1952 1953 1954 1955 1956 1957 1958 1959 1960 1961 1962 1963 1964 1965 1966 1967 1968 1969 1970 1971 1972 1973 1974 1975 1976 1977 1978 1979 1980 1981 1982 1983 1984 1985 1986 1987 1988 1989 1990 1991 1992 1993 1994 1995 1996 1997 1998 1999 2000 2001
japan,1886,2025,inflation_adjusted,start,0.8,,,,,,25,0,12,116,0,0,0.0,0.0,0.0,1886 1887 1888 1889 1890 1891 1892 1893 1894 1895 1896 1897 1898 1899 1900 1901 1902 1903 1904 1905 1906 1907 1908 1909 1910 1911 1912 1913 1914 1915 1916 1917 1918 1919 1920 1921 1922 1923 1924 1925 1926 1927 1928 1929 1930 1931 1932 1933 1934 1935 1936 1937 1938 1939 1940 1941 1942 1943 1944 1945 1946 1947 1948 1949 1950 1951 1952 1953 1954 1955 1956 1957 1958 1959 1960 1961 1962 1963 1964 1965 1966 1967 1968 1969 1970 1971 1972 1973 1974 1975 1976 1977 1978 1979 1980 1981 1982 1983 1984 1985 1986 1987 1988 1989 1990 1991 1992 1993 1994 1995 1996 1997 1998 1999 2000 2001
japan,1886,2025,inflation_adjusted,start,0.8,,,,,,30,100,3,80,31,72,90.0,6006.0,0.0,1987 1988 1989 1990 1991 1992 1994 1995
japan,1886,2025,inflation_adjusted,start,0.8,,,,,,30,100,4,80,31,68,85.0,4343.0,0.0,1897 1986 1987 1988 1989 1990 1991 1992 1993 1994 1995 1996
japan,1886,2025,inflation_adjusted,start,0.8,,,,,,30,100,5,80,31,61,76.2,2501.0,0.0,1895 1896 1897 1907 1911 1973 1974 1985 1986 1987 1988 1989 1990 1991 1992 1993 1994 1995 1996
japan,1886,2025,inflation_adjusted,start,0.8,,,,,,30,100,6,80,31,51,63.8,405.0,0.0,1893 1894 1895 1896 1897 1898 1907 1908 1911 1916 1961 1962 1963 1973 1974 1975 1984 1985 1986 1987 1988 1989 1990 1991 1992 1993 1994 1995 1996
japan,1886,2025,inflation_adjusted,start,0.8,,,,,,30,100,7,80,31,29,36.2,0.0,0.0,1887 1890 1893 1894 1895 1896 1897 1898 1900 1906 1907 1908 1910 1911 1912 1913 1914 1915 1916 1960 1961 1962 1963 1964 1970 1971 1972 1973 1974 1975 1976 1977 1978 1979 1980 1981 1982 1983 1984 1985 1986 1987 1988 1989 1990 1991 1992 1993 1994 1995 1996
japan,1886,2025,inflation_adjusted,start,0.8,,,,,,30,100,8,80,31,23,28.8,0.0,0.0,1887 1888 1889 1890 1893 1894 1895 1896 1897 1898 1900 1906 1907 1908 1910 1911 1912 1913 1914 1915 1916 1960 1961 1962 1963 1964 1965 1967 1968 1969 1970 1971 1972 1973 1974 1975 1976 1977 1978 1979 1980 1981 1982 1983 1984 1985 1986 1987 1988 1989 1990 1991 1992 1993 1994 1995 1996
japan,1886,2025,inflation_adjusted,start,0.8,,,,,,30,100,9,80,31,14,17.5,0.0,0.0,1887 1888 1889 1890 1891 1892 1893 1894 1895 1896 1897 1898 1899 1900 1901 1903 1904 1905 1906 1907 1908 1909 1910 1911 1912 1913 1914 1915 1916 1960 1961 1962 1963 1964 1965 1966 1967 1968 1969 1970 1971 1972 1973 1974 1975 1976 1977 1978 1979 1980 1981 1982 1983 1984 1985 1986 1987 1988 1989 1990 1991 1992 1993 1994 1995 1996
japan,1886,2025,inflation_adjusted,start,0.8,,,,,,30,100,10,80,31,11,13.8,0.0,0.0,1887 1888 1889 1890 1891 1892 1893 1894 1895 1896 1897 1898 1899 1900 1901 1903 1904 1905 1906 1907 1908 1909 1910 1911 1912 1913 1914 1915 1916 1957 1958 1959 1960 1961 1962 1963 1964 1965 1966 1967 1968 1969 1970 1971 1972 1973 1974 1975 1976 1977 1978 1979 1980 1981 1982 1983 1984 1985 1986 1987 1988 1989 1990 1991 1992 1993 1994 1995 1996
japan,1886,2025,inflation_adjusted,start,0.8,,,,,,30,100,11,80,31,9,11.2,0.0,0.0,1887 1888 1889 1890 1891 1892 1893 1894 1895 1896 1897 1898 1899 1900 1901 1902 1903 1904 1905 1906 1907 1908 1909 1910 1911 1912 1913 1914 1915 1916 1954 1957 1958 1959 1960 1961 1962 1963 1964 1965 1966 1967 1968 1969 1970 1971 1972 1973 1974 1975 1976 1977 1978 1979 1980 1981 1982 1983 1984 1985 1986 1987 1988 1989 1990 1991 1992 1993 1994 1995 1996
japan,1886,2025,inflation_adjusted,start,0.8,,,,,,30,100,12,80,31,8,10.0,0.0,0.0,1886 1887 1888 1889 1890 1891 1892 1893 1894 1895 1896 1897 1898 1899 1900 1901 1902 1903 1904 1905 1906 1907 1908 1909 1910 1911 1912 1913 1914 1915 1916 1954 1957 1958 1959 1960 1961 1962 1963 1964 1965 1966 1967 1968 1969 1970 1971 1972 1973 1974 1975 1976 1977 1978 1979 1980 1981 1982 1983 1984 1985 1986 1987 1988 1989 1990 1991 1992 1993 1994 1995 1996
japan,1886,2025,inflation_adjusted,start,0.8,,,,,,30,75,3,80,31,76,95.0,5029.0,0.0,1988 1989 1990 1991
japan,1886,2025,inflation_adjusted,start,0.8,,,,,,30,75,4,80,31,69,86.2,3192.0,0.0,1897 1987 1988 1989 1990 1991 1992 1993 1994 1995 1996
japan,1886,2025,inflation_adjusted,start,0.8,,,,,,30,75,5,80,31,60,75.0,1342.0,0.0,1895 1896 1897 1907 1911 1916 1962 1973 1974 1986 1987 1988 1989 1990 1991 1992 1993 1994 1995 1996
japan,1886,2025,inflation_adjusted,start,0.8,,,,,,30,75,6,80,31,43,53.8,205.0,0.0,1887 1893 1894 1895 1896 1897 1898 1900 1907 1908 1910 1911 1912 1913 1916 1960 1961 1962 1963 1964 1970 1973 1974 1975 1984 1985 1986 1987 1988 1989 1990 1991 1992 1993 1994 1995 1996
japan,1886,2025,inflation_adjusted,start,0.8,,,,,,30,75,7,80,31,22,27.5,0.0,0.0,1887 1888 1889 1890 1893 1894 1895 1896 1897 1898 1900 1906 1907 1908 1910 1911 1912 1913 1914 1915 1916 1960 1961 1962 1963 1964 1965 1966 1967 1968 1969 1970 1971 1972 1973 1974 1975 1976 1977 1978 1979 1980 1981 1982 1983 1984 1985 1986 1987 1988 1989 1990 1991 1992 1993 1994 1995 1996
japan,1886,2025,inflation_adjusted,start,0.8,,,,,,30,75,8,80,31,12,15.0,0.0,0.0,1887 1888 1889 1890 1891 1892 1893 1894 1895 1896 1897 1898 1899 1900 1901 1903 1904 1905 1906 1907 1908 1909 1910 1911 1912 1913 1914 1915 1916 1958 1959 1960 1961 1962 1963 1964 1965 1966 1967 1968 1969 1970 1971 1972 1973 1974 1975 1976 1977 1978 1979 1980 1981 1982 1983 1984 1985 1986 1987 1988 1989 1990 1991 1992 1993 1994 1995 1996
japan,1886,2025,inflation_adjusted,start,0.8,,,,,,30,75,9,80,31,9,11.2,0.0,0.0,1887 1888 1889 1890 1891 1892 1893 1894 1895 1896 1897 1898 1899 1900 1901 1902 1903 1904 1905 1906 1907 1908 1909 1910 1911 1912 1913 1914 1915 1916 1954 1957 1958 1959 1960 1961 1962 1963 1964 1965 1966 1967 1968 1969 1970 1971 1972 1973 1974 1975 1976 1977 1978 1979 1980 1981 1982 1983 1984 1985 1986 1987 1988 1989 1990 1991 1992 1993 1994 1995 1996
japan,1886,2025,inflation_adjusted,start,0.8,,,,,,30,75,10,80,31,7,8.8,0.0,0.0,1887 1888 1889 1890 1891 1892 1893 1894 1895 1896 1897 1898 1899 1900 1901 1902 1903 1904 1905 1906 1907 1908 1909 1910 1911 1912 1913 1914 1915 1916 1948 1954 1956 1957 1958 1959 1960 1961 1962 1963 1964 1965 1966 1967 1968 1969 1970 1971 1972 1973 1974 1975 1976 1977 1978 1979 1980 1981 1982 1983 1984 1985 1986 1987 1988 1989 1990 1991 1992 1993 1994 1995 1996
japan,1886,2025,inflation_adjusted,start,0.8,,,,,,30,75,11,80,31,3,3.8,0.0,0.0,1886 1887 1888 1889 1890 1891 1892 1893 1894 1895 1896 1897 1898 1899 1900 1901 1902 1903 1904 1905 1906 1907 1908 1909 1910 1911 1912 1913 1914 1915 1916 1948 1950 1953 1954 1955 1956 1957 1958 1959 1960 1961 1962 1963 1964 1965 1966 1967 1968 1969 1970 1971 1972 1973 1974 1975 1976 1977 1978 1979 1980 1981 1982 1983 1984 1985 1986 1987 1988 1989 1990 1991 1992 1993 1994 1995 1996
japan,1886,2025,inflation_adjusted,start,0.8,,,,,,30,75,12,80,31,3,3.8,0.0,0.0,1886 1887 1888 1889 1890 1891 1892 1893 1894 1895 1896 1897 1898 1899 1900 1901 1902 1903 1904 1905 1906 1907 1908 1909 1910 1911 1912 1913 1914 1915 1916 1948 1950 1953 1954 1955 1956 1957 1958 1959 1960 1961 1962 1963 1964 1965 1966 1967 1968 1969 1970 1971 1972 1973 1974 1975 1976 1977 1978 1979 1980 1981 1982 1983 1984 1985 1986 1987 1988 1989 1990 1991 1992 1993 1994 1995 1996
japan,1886,2025,inflation_adjusted,start,0.8,,,,,,30,50,3,80,31,80,100.0,3359.0,191.0,
japan,1886,2025,inflation_adjusted,start,0.8,,,,,,30,50,4,80,31,75,93.8,1886.0,0.0,1897 1988 1989 1990 1991
japan,1886,2025,inflation_adjusted,start,0.8,,,,,,30,50,5,80,31,53,66.2,667.0,0.0,1893 1894 1895 1896 1897 1898 1907 1910 1911 1916 1960 1961 1962 1963 1964 1973 1974 1987 1988 1989 1990 1991 1992 1993 1994 1995 1996
japan,1886,2025,inflation_adjusted,start,0.8,,,,,,30,50,6,80,31,33,41.2,0.0,0.0,1887 1890 1893 1894 1895 1896 1897 1898 1900 1906 1907 1908 1910 1911 1912 1913 1914 1915 1916 1960 1961 1962 1963 1964 1965 1966 1967 1968 1969 1970 1971 1972 1973 1974 1975 1985 1986 1987 1988 1989 1990 1991 1992 1993 1994 1995 1996
japan,1886,2025,inflation_adjusted,start,0.8,,,,,,30,50,7,80,31,10,12.5,0.0,0.0,1887 1888 1889 1890 1891 1892 1893 1894 1895 1896 1897 1898 1899 1900 1901 1903 1904 1905 1906 1907 1908 1909 1910 1911 1912 1913 1914 1915 1916 1948 1957 1958 1959 1960 1961 1962 1963 1964 1965 1966 1967 1968 1969 1970 1971 1972 1973 1974 1975 1976 1977 1978 1979 1980 1981 1982 1983 1984 1985 1986 1987 1988 1989 1990 1991 1992 1993 1994 1995 1996
japan,1886,2025,inflation_adjusted,start,0.8,,,,,,30,50,8,80,31,7,8.8,0.0,0.0,1887 1888 1889 1890 1891 1892 1893 1894 1895 1896 1897 1898 1899 1900 1901 1902 1903 1904 1905 1906 1907 1908 1909 1910 1911 1912 1913 1914 1915 1916 1948 1954 1956 1957 1958 1959 1960 1961 1962 1963 1964 1965 1966 1967 1968 1969 1970 1971 1972 1973 1974 1975 1976 1977 1978 1979 1980 1981 1982 1983 1984 1985 1986 1987 1988 1989 1990 1991 1992 1993 1994 1995 1996
japan,1886,2025,inflation_adjusted,start,0.8,,,,,,30,50,9,80,31,3,3.8,0.0,0.0,1886 1887 1888 1889 1890 1891 1892 1893 1894 1895 1896 1897 1898 1899 1900 1901 1902 1903 1904 1905 1906 1907 1908 1909 1910 1911 1912 1913 1914 1915 1916 1948 1950 1953 1954 1955 1956 1957 1958 1959 1960 1961 1962 1963 1964 1965 1966 1967 1968 1969 1970 1971 1972 1973 1974 1975 1976 1977 1978 1979 1980 1981 1982 1983 1984 1985 1986 1987 1988 1989 1990 1991 1992 1993 1994 1995 1996
japan,1886,2025,inflation_adjusted,start,0.8,,,,,,30,50,10,80,31,1,1.2,0.0,0.0,1886 1887 1888 1889 1890 1891 1892 1893 1894 1895 1896 1897 1898 1899 1900 1901 1902 1903 1904 1905 1906 1907 1908 1909 1910 1911 1912 1913 1914 1915 1916 1948 1949 1950 1951 1953 1954 1955 1956 1957 1958 1959 1960 1961 1962 1963 1964 1965 1966 1967 1968 1969 1970 1971 1972 1973 1974 1975 1976 1977 1978 1979 1980 1981 1982 1983 1984 1985 1986 1987 1988 1989 1990 1991 1992 1993 1994 1995 1996
japan,1886,2025,inflation_adjusted,start,0.8,,,,,,30,50,11,80,31,0,0.0,0.0,0.0,1886 1887 1888 1889 1890 1891 1892 1893 1894 1895 1896 1897 1898 1899 1900 1901 1902 1903 1904 1905 1906 1907 1908 1909 1910 1911 1912 1913 1914 1915 1916 1948 1949 1950 1951 1952 1953 1954 1955 1956 1957 1958 1959 1960 1961 1962 1963 1964 1965 1966 1967 1968 1969 1970 1971 1972 1973 1974 1975 1976 1977 1978 1979 1980 1981 1982 1983 1984 1985 1986 1987 1988 1989 1990 1991 1992 1993 1994 1995 1996
japan,1886,2025,inflation_adjusted,start,0.8,,,,,,30,50,12,80,31,0,0.0,0.0,0.0,1886 1887 1888 1889 1890 1891 1892 1893 1894 1895 1896 1897 1898 1899 1900 1901 1902 1903 1904 1905 1906 1907 1908 1909 1910 1911 1912 1913 1914 1915 1916 1948 1949 1950 1951 1952 1953 1954 1955 1956 1957 1958 1959 1960 1961 1962 1963 1964 1965 1966 1967 1968 1969 1970 1971 1972 1973 1974 1975 1976 1977 1978 1979 1980 1981 1982 1983 1984 1985 1986 1987 1988 1989 1990 1991 1992 1993 1994 1995 1996
japan,1886,2025,inflation_adjusted,start,0.8,,,,,,30,25,3,80,31,80,100.0,2248.0,768.0,
japan,1886,2025,inflation_adjusted,start,0.8,,,,,,30,25,4,80,31,68,85.0,762.0,0.0,1893 1894 1895 1896 1897 1911 1916 1948 1961 1962 1963 1973
japan,1886,2025,inflation_adjusted,start,0.8,,,,,,30,25,5,80,31,28,35.0,0.0,0.0,1887 1890 1892 1893 1894 1895 1896 1897 1898 1899 1900 1903 1904 1906 1907 1908 1909 1910 1911 1912 1913 1914 1915 1916 1948 1957 1958 1959 1960 1961 1962 1963 1964 1965 1966 1967 1968 1969 1970 1971 1972 1973 1974 1987 1988 1989 1990 1991 1992 1994 1995 1996
japan,1886,2025,inflation_adjusted,start,0.8,,,,,,30,25,6,80,31,10,12.5,0.0,0.0,1887 1888 1889 1890 1891 1892 1893 1894 1895 1896 1897 1898 1899 1900 1901 1902 1903 1904 1905 1906 1907 1908 1909 1910 1911 1912 1913 1914 1915 1916 1948 1949 1953 1954 1955 1956 1957 1958 1959 1960 1961 1962 1963 1964 1965 1966 1967 1968 1969 1970 1971 1972 1973 1974 1975 1976 1978 1979 1985 1986 1987 1988 1989 1990 1991 1992 1993 1994 1995 1996
japan,1886,2025,inflation_adjusted,start,0.8,,,,,,30,25,7,80,31,0,0.0,0.0,0.0,1886 1887 1888 1889 1890 1891 1892 1893 1894 1895 1896 1897 1898 1899 1900 1901 1902 1903 1904 1905 1906 1907 1908 1909 1910 1911 1912 1913 1914 1915 1916 1948 1949 1950 1951 1952 1953 1954 1955 1956 1957 1958 1959 1960 1961 1962 1963 1964 1965 1966 1967 1968 1969 1970 1971 1972 1973 1974 1975 1976 1977 1978 1979 1980 1981 1982 1983 1984 1985 1986 1987 1988 1989 1990 1991 1992 1993 1994 1995 1996
japan,1886,2025,inflation_adjusted,start,0.8,,,,,,30,25,8,80,31,0,0.0,0.0,0.0,1886 1887 1888 1889 1890 1891 1892 1893 1894 1895 1896 1897 1898 1899 1900 1901 1902 1903 1904 1905 1906 1907 1908 1909 1910 1911 1912 1913 1914 1915 1916 1948 1949 1950 1951 1952 1953 1954 1955 1956 1957 1958 1959 1960 1961 1962 1963 1964 1965 1966 1967 1968 1969 1970 1971 1972 1973 1974 1975 1976 1977 1978 1979 1980 1981 1982 1983 1984 1985 1986 1987 1988 1989 1990 1991 1992 1993 1994 1995 1996
japan,1886,2025,inflation_adjusted,start,0.8,,,,,,30,25,9,80,31,0,0.0,0.0,0.0,1886 1887 1888 1889 1890 1891 1892 1893 1894 1895 1896 1897 1898 1899 1900 1901 1902 1903 1904 1905 1906 1907 1908 1909 1910 1911 1912 1913 1914 1915 1916 1948 1949 1950 1951 1952 1953 1954 1955 1956 1957 1958 1959 1960 1961 1962 1963 1964 1965 1966 1967 1968 1969 1970 1971 1972 1973 1974 1975 1976 1977 1978 1979 1980 1981 1982 1983 1984 1985 1986 1987 1988 1989 1990 1991 1992 1993 1994 1995 1996
japan,1886,2025,inflation_adjusted,start,0.8,,,,,,30,25,10,80,31,0,0.0,0.0,0.0,1886 1887 1888 1889 1890 1891 1892 1893 1894 1895 1896 1897 1898 1899 1900 1901 1902 1903 1904 1905 1906 1907 1908 1909 1910 1911 1912 1913 1914 1915 1916 1948 1949 1950 1951 1952 1953 1954 1955 1956 1957 1958 1959 1960 1961 1962 1963 1964 1965 1966 1967 1968 1969 1970 1971 1972 1973 1974 1975 1976 1977 1978 1979 1980 1981 1982 1983 1984 1985 1986 1987 1988 1989 1990 1991 1992 1993 1994 1995 1996
japan,1886,2025,inflation_adjusted,start,0.8,,,,,,30,25,11,80,31,0,0.0,0.0,0.0,1886 1887 1888 1889 1890 1891 1892 1893 1894 1895 1896 1897 1898 1899 1900 1901 1902 1903 1904 1905 1906 1907 1908 1909 1910 1911 1912 1913 1914 1915 1916 1948 1949 1950 1951 1952 1953 1954 1955 1956 1957 1958 1959 1960 1961 1962 1963 1964 1965 1966 1967 1968 1969 1970 1971 1972 1973 1974 1975 1976 1977 1978 1979 1980 1981 1982 1983 1984 1985 1986 1987 1988 1989 1990 1991 1992 1993 1994 1995 1996
japan,1886,2025,inflation_adjusted,start,0.8,,,,,,30,25,12,80,31,0,0.0,0.0,0.0,1886 1887 1888 1889 1890 1891 1892 1893 1894 1895 1896 1897 1898 1899 1900 1901 1902 1903 1904 1905 1906 1907 1908 1909 1910 1911 1912 1913 1914 1915 1916 1948 1949 1950 1951 1952 1953 1954 1955 1956 1957 1958 1959 1960 1961 1962 1963 1964 1965 1966 1967 1968 1969 1970 1971 1972 1973 1974 1975 1976 1977 1978 1979 1980 1981 1982 1983 1984 1985 1986 1987 1988 1989 1990 1991 1992 1993 1994 1995 1996
japan,1886,2025,inflation_adjusted,start,0.8,,,,,,30,0,3,111,0,73,65.8,587.0,0.0,1893 1894 1895 1896 1916 1917 1918 1919 1920 1921 1922 1923 1924 1925 1926 1927 1928 1929 1930 1931 1932 1933 1934 1935 1936 1937 1938 1939 1940 1941 1942 1943 1944 1945 1946 1947 1948 1949
japan,1886,2025,inflation_adjusted,start,0.8,,,,,,30,0,4,111,0,25,22.5,0.0,0.0,1887 1888 1889 1890 1891 1892 1893 1894 1895 1896 1897 1898 1899 1900 1901 1902 1903 1904 1905 1906 1907 1909 1910 1911 1912 1913 1914 1915 1916 1917 1918 1919 1920 1921 1922 1923 1924 1925 1926 1927 1928 1929 1930 1931 1932 1933 1934 1935 1936 1937 1938 1939 1940 1941 1942 1943 1944 1945 1946 1947 1948 1949 1950 1951 1952 1953 1954 1955 1956 1957 1958 1959 1960 1961 1962 1963 1964 1965 1966 1967 1968 1969 1970 1971 1972 1973
japan,1886,2025,inflation_adjusted,start,0.8,,,,,,30,0,5,111,0,19,17.1,0.0,0.0,1886 1887 1888 1889 1890 1891 1892 1893 1894 1895 1896 1897 1898 1899 1900 1901 1902 1903 1904 1905 1906 1907 1908 1909 1910 1911 1912 1913 1914 1915 1916 1917 1918 1919 1920 1921 1922 1923 1924 1925 1926 1927 1928 1929 1930 1931 1932 1933 1934 1935 1936 1937 1938 1939 1940 1941 1942 1943 1944 1945 1946 1947 1948 1949 1950 1951 1952 1953 1954 1955 1956 1957 1958 1959 1960 1961 1962 1963 1964 1965 1966 1967 1968 1969 1970 1971 1972 1973 1974 1975 1994 1996
japan,1886,2025,inflation_adjusted,start,0.8,,,,,,30,0,6,111,0,4,3.6,0.0,0.0,1886 1887 1888 1889 1890 1891 1892 1893 1894 1895 1896 1897 1898 1899 1900 1901 1902 1903 1904 1905 1906 1907 1908 1909 1910 1911 1912 1913 1914 1915 1916 1917 1918 1919 1920 1921 1922 1923 1924 1925 1926 1927 1928 1929 1930 1931 1932 1933 1934 1935 1936 1937 1938 1939 1940 1941 1942 1943 1944 1945 1946 1947 1948 1949 1950 1951 1952 1953 1954 1955 1956 1957 1958 1959 1960 1961 1962 1963 1964 1965 1966 1967 1968 1969 1970 1971 1972 1973 1974 1975 1976 1977 1978 1979 1980 1984 1985 1986 1987 1988 1989 1990 1992 1993 1994 1995 1996
japan,1886,2025,inflation_adjusted,start,0.8,,,,,,30,0,7,111,0,0,0.0,0.0,0.0,1886 1887 1888 1889 1890 1891 1892 1893 1894 1895 1896 1897 1898 1899 1900 1901 1902 1903 1904 1905 1906 1907 1908 1909 1910 1911 1912 1913 1914 1915 1916 1917 1918 1919 1920 1921 1922 1923 1924 1925 1926 1927 1928 1929 1930 1931 1932 1933 1934 1935 1936 1937 1938 1939 1940 1941 1942 1943 1944 1945 1946 1947 1948 1949 1950 1951 1952 1953 1954 1955 1956 1957 1958 1959 1960 1961 1962 1963 1964 1965 1966 1967 1968 1969 1970 1971 1972 1973 1974 1975 1976 1977 1978 1979 1980 1981 1982 1983 1984 1985 1986 1987 1988 1989 1990 1991 1992 1993 1994 1995 1996
japan,1886,2025,inflation_adjusted,start,0.8,,,,,,30,0,8,111,0,0,0.0,0.0,0.0,1886 1887 1888 1889 1890 1891 1892 1893 1894 1895 1896 1897 1898 1899 1900 1901 1902 1903 1904 1905 1906 1907 1908 1909 1910 1911 1912 1913 1914 1915 1916 1917 1918 1919 1920 1921 1922 1923 1924 1925 1926 1927 1928 1929 1930 1931 1932 1933 1934 1935 1936 1937 1938 1939 1940 1941 1942 1943 1944 1945 1946 1947 1948 1949 1950 1951 1952 1953 1954 1955 1956 1957 1958 1959 1960 1961 1962 1963 1964 1965 1966 1967 1968 1969 1970 1971 1972 1973 1974 1975 1976 1977 1978 1979 1980 1981 1982 1983 1984 1985 1986 1987 1988 1989 1990 1991 1992 1993 1994 1995 1996
japan,1886,2025,inflation_adjusted,start,0.8,,,,,,30,0,9,111,0,0,0.0,0.0,0.0,1886 1887 1888 1889 1890 1891 1892 1893 1894 1895 1896 1897 1898 1899 1900 1901 1902 1903 1904 1905 1906 1907 1908 1909 1910 1911 1912 1913 1914 1915 1916 1917 1918 1919 1920 1921 1922 1923 1924 1925 1926 1927 1928 1929 1930 1931 1932 1933 1934 1935 1936 1937 1938 1939 1940 1941 1942 1943 1944 1945 1946 1947 1948 1949 1950 1951 1952 1953 1954 1955 1956 1957 1958 1959 1960 1961 1962 1963 1964 1965 1966 1967 1968 1969 1970 1971 1972 1973 1974 1975 1976 1977 1978 1979 1980 1981 1982 1983 1984 1985 1986 1987 1988 1989 1990 1991 1992 1993 1994 1995 1996
japan,1886,2025,inflation_adjusted,start,0.8,,,,,,30,0,10,111,0,0,0.0,0.0,0.0,1886 1887 1888 1889 1890 1891 1892 1893 1894 1895 1896 1897 1898 1899 1900 1901 1902 1903 1904 1905 1906 1907 1908 1909 1910 1911 1912 1913 1914 1915 1916 1917 1918 1919 1920 1921 1922 1923 1924 1925 1926 1927 1928 1929 1930 1931 1932 1933 1934 1935 1936 1937 1938 1939 1940 1941 1942 1943 1944 1945 1946 1947 1948 1949 1950 1951 1952 1953 1954 1955 1956 1957 1958 1959 1960 1961 1962 1963 1964 1965 1966 1967 1968 1969 1970 1971 1972 1973 1974 1975 1976 1977 1978 1979 1980 1981 1982 1983 1984 1985 1986 1987 1988 1989 1990 1991 1992 1993 1994 1995 1996
japan,1886,2025,inflation_adjusted,start,0.8,,,,,,30,0,11,111,0,0,0.0,0.0,0.0,1886 1887 1888 1889 1890 1891 1892 1893 1894 1895 1896 1897 1898 1899 1900 1901 1902 1903 1904 1905 1906 1907 1908 1909 1910 1911 1912 1913 1914 1915 1916 1917 1918 1919 1920 1921 1922 1923 1924 1925 1926 1927 1928 1929 1930 1931 1932 1933 1934 1935 1936 1937 1938 1939 1940 1941 1942 1943 1944 1945 1946 1947 1948 1949 1950 1951 1952 1953 1954 1955 1956 1957 1958 1959 1960 1961 1962 1963 1964 1965 1966 1967 1968 1969 1970 1971 1972 1973 1974 1975 1976 1977 1978 1979 1980 1981 1982 1983 1984 1985 1986 1987 1988 1989 1990 1991 1992 1993 1994 1995 1996
japan,1886,2025,inflation_adjusted,start,0.8,,,,,,30,0,12,111,0,0,0.0,0.0,0.0,1886 1887 1888 1889 1890 1891 1892 1893 1894 1895 1896 1897 1898 1899 1900 1901 1902 1903 1904 1905 1906 1907 1908 1909 1910 1911 1912 1913 1914 1915 1916 1917 1918 1919 1920 1921 1922 1923 1924 1925 1926 1927 1928 1929 1930 1931 1932 1933 1934 1935 1936 1937 1938 1939 1940 1941 1942 1943 1944 1945 1946 1947 1948 1949 1950 1951 1952 1953 1954 1955 1956 1957 1958 1959 1960 1961 1962 1963 1964 1965 1966 1967 1968 1969 1970 1971 1972 1973 1974 1975 1976 1977 1978 1979 1980 1981 1982 1983 1984 1985 1986 1987 1988 1989 1990 1991 1992 1993 1994 1995 1996
japan,1886,2025,inflation_adjusted,start,0.8,,,,,,35,100,3,70,36,64,91.4,7886.0,0.0,1897 1987 1988 1989 1990 1991
japan,1886,2025,inflation_adjusted,start,0.8,,,,,,35,100,4,70,36,59,84.3,5047.0,0.0,1896 1897 1907 1974 1985 1986 1987 1988 1989 1990 1991
japan,1886,2025,inflation_adjusted,start,0.8,,,,,,35,100,5,70,36,53,75.7,1938.0,0.0,1895 1896 1897 1907 1908 1911 1962 1973 1974 1984 1985 1986 1987 1988 1989 1990 1991
japan,1886,2025,inflation_adjusted,start,0.8,,,,,,35,100,6,70,36,32,45.7,0.0,0.0,1887 1890 1893 1894 1895 1896 1897 1898 1900 1907 1908 1910 1911 1961 1962 1963 1964 1970 1972 1973 1974 1975 1976 1977 1978 1979 1980 1981 1982 1983 1984 1985 1986 1987 1988 1989 1990 1991
japan,1886,2025,inflation_adjusted,start,0.8,,,,,,35,100,7,70,36,25,35.7,0.0,0.0,1887 1888 1889 1890 1893 1894 1895 1896 1897 1898 1900 1906 1907 1908 1910 1911 1960 1961 1962 1963 1964 1965 1967 1970 1971 1972 1973 1974 1975 1976 1977 1978 1979 1980 1981 1982 1983 1984 1985 1986 1987 1988 1989 1990 1991
japan,1886,2025,inflation_adjusted,start,0.8,,,,,,35,100,8,70,36,18,25.7,0.0,0.0,1887 1888 1889 1890 1893 1894 1895 1896 1897 1898 1899 1900 1903 1904 1906 1907 1908 1909 1910 1911 1960 1961 1962 1963 1964 1965 1966 1967 1968 1969 1970 1971 1972 1973 1974 1975 1976 1977 1978 1979 1980 1981 1982 1983 1984 1985 1986 1987 1988 1989 1990 1991
japan,1886,2025,inflation_adjusted,start,0.8,,,,,,35,100,9,70,36,14,20.0,0.0,0.0,1887 1888 1889 1890 1891 1892 1893 1894 1895 1896 1897 1898 1899 1900 1901 1903 1904 1905 1906 1907 1908 1909 1910 1911 1960 1961 1962 1963 1964 1965 1966 1967 1968 1969 1970 1971 1972 1973 1974 1975 1976 1977 1978 1979 1980 1981 1982 1983 1984 1985 1986 1987 1988 1989 1990 1991
japan,1886,2025,inflation_adjusted,start,0.8,,,,,,35,100,10,70,36,10,14.3,0.0,0.0,1887 1888 1889 1890 1891 1892 1893 1894 1895 1896 1897 1898 1899 1900 1901 1902 1903 1904 1905 1906 1907 1908 1909 1910 1911 1957 1958 1959 1960 1961 1962 1963 1964 1965 1966 1967 1968 1969 1970 1971 1972 1973 1974 1975 1976 1977 1978 1979 1980 1981 1982 1983 1984 1985 1986 1987 1988 1989 1990 1991
japan,1886,2025,inflation_adjusted,start,0.8,,,,,,35,100,11,70,36,9,12.9,0.0,0.0,1887 1888 1889 1890 1891 1892 1893 1894 1895 1896 1897 1898 1899 1900 1901 1902 1903 1904 1905 1906 1907 1908 1909 1910 1911 1954 1957 1958 1959 1960 1961 1962 1963 1964 1965 1966 1967 1968 1969 1970 1971 1972 1973 1974 1975 1976 1977 1978 1979 1980 1981 1982 1983 1984 1985 1986 1987 1988 1989 1990 1991
japan,1886,2025,inflation_adjusted,start,0.8,,,,,,35,100,12,70,36,8,11.4,0.0,0.0,1886 1887 1888 1889 1890 1891 1892 1893 1894 1895 1896 1897 1898 1899 1900 1901 1902 1903 1904 1905 1906 1907 1908 1909 1910 1911 1954 1957 1958 1959 1960 1961 1962 1963 1964 1965 1966 1967 1968 1969 1970 1971 1972 1973 1974 1975 1976 1977 1978 1979 1980 1981 1982 1983 1984 1985 1986 1987 1988 1989 1990 1991
japan,1886,2025,inflation_adjusted,start,0.8,,,,,,35,75,3,70,36,66,94.3,6424.0,0.0,1988 1989 1990 1991
japan,1886,2025,inflation_adjusted,start,0.8,,,,,,35,75,4,70,36,62,88.6,3393.0,0.0,1897 1907 1974 1987 1988 1989 1990 1991
japan,1886,2025,inflation_adjusted,start,0.8,,,,,,35,75,5,70,36,49,70.0,836.0,0.0,1893 1894 1895 1896 1897 1898 1907 1908 1911 1961 1962 1963 1973 1974 1985 1986 1987 1988 1989 1990 1991
japan,1886,2025,inflation_adjusted,start,0.8,,,,,,35,75,6,70,36,29,41.4,0.0,0.0,1887 1890 1893 1894 1895 1896 1897 1898 1900 1907 1908 1910 1911 1960 1961 1962 1963 1964 1965 1967 1970 1971 1972 1973 1974 1975 1976 1977 1978 1979 1980 1982 1983 1984 1985 1986 1987 1988 1989 1990 1991
japan,1886,2025,inflation_adjusted,start,0.8,,,,,,35,75,7,70,36,19,27.1,0.0,0.0,1887 1888 1889 1890 1893 1894 1895 1896 1897 1898 1899 1900 1904 1906 1907 1908 1909 1910 1911 1960 1961 1962 1963 1964 1965 1966 1967 1968 1969 1970 1971 1972 1973 1974 1975 1976 1977 1978 1979 1980 1981 1982 1983 1984 1985 1986 1987 1988 1989 1990 1991
japan,1886,2025,inflation_adjusted,start,0.8,,,,,,35,75,8,70,36,11,15.7,0.0,0.0,1887 1888 1889 1890 1891 1892 1893 1894 1895 1896 1897 1898 1899 1900 1901 1903 1904 1905 1906 1907 1908 1909 1910 1911 1957 1958 1959 1960 1961 1962 1963 1964 1965 1966 1967 1968 1969 1970 1971 1972 1973 1974 1975 1976 1977 1978 1979 1980 1981 1982 1983 1984 1985 1986 1987 1988 1989 1990 1991
japan,1886,2025,inflation_adjusted,start,0.8,,,,,,35,75,9,70,36,8,11.4,0.0,0.0,1887 1888 1889 1890 1891 1892 1893 1894 1895 1896 1897 1898 1899 1900 1901 1902 1903 1904 1905 1906 1907 1908 1909 1910 1911 1948 1954 1957 1958 1959 1960 1961 1962 1963 1964 1965 1966 1967 1968 1969 1970 1971 1972 1973 1974 1975 1976 1977 1978 1979 1980 1981 1982 1983 1984 1985 1986 1987 1988 1989 1990 1991
japan,1886,2025,inflation_adjusted,start,0.8,,,,,,35,75,10,70,36,7,10.0,0.0,0.0,1887 1888 1889 1890 1891 1892 1893 1894 1895 1896 1897 1898 1899 1900 1901 1902 1903 1904 1905 1906 1907 1908 1909 1910 1911 1948 1954 1956 1957 1958 1959 1960 1961 1962 1963 1964 1965 1966 1967 1968 1969 1970 1971 1972 1973 1974 1975 1976 1977 1978 1979 1980 1981 1982 1983 1984 1985 1986 1987 1988 1989 1990 1991
japan,1886,2025,inflation_adjusted,start,0.8,,,,,,35,75,11,70,36,3,4.3,0.0,0.0,1886 1887 1888 1889 1890 1891 1892 1893 1894 1895 1896 1897 1898 1899 1900 1901 1902 1903 1904 1905 1906 1907 1908 1909 1910 1911 1948 1950 1953 1954 1955 1956 1957 1958 1959 1960 1961 1962 1963 1964 1965 1966 1967 1968 1969 1970 1971 1972 1973 1974 1975 1976 1977 1978 1979 1980 1981 1982 1983 1984 1985 1986 1987 1988 1989 1990 1991
japan,1886,2025,inflation_adjusted,start,0.8,,,,,,35,75,12,70,36,3,4.3,0.0,0.0,1886 1887 1888 1889 1890 1891 1892 1893 1894 1895 1896 1897 1898 1899 1900 1901 1902 1903 1904 1905 1906 1907 1908 1909 1910 1911 1948 1950 1953 1954 1955 1956 1957 1958 1959 1960 1961 1962 1963 1964 1965 1966 1967 1968 1969 1970 1971 1972 1973 1974 1975 1976 1977 1978 1979 1980 1981 1982 1983 1984 1985 1986 1987 1988 1989 1990 1991
japan,1886,2025,inflation_adjusted,start,0.8,,,,,,35,50,3,70,36,70,100.0,4180.0,35.0,
japan,1886,2025,inflation_adjusted,start,0.8,,,,,,35,50,4,70,36,59,84.3,1794.0,0.0,1896 1897 1907 1911 1962 1973 1974 1988 1989 1990 1991
japan,1886,2025,inflation_adjusted,start,0.8,,,,,,35,50,5,70,36,41,58.6,377.0,0.0,1893 1894 1895 1896 1897 1898 1900 1907 1908 1910 1911 1960 1961 1962 1963 1964 1965 1967 1970 1971 1972 1973 1974 1986 1987 1988 1989 1990 1991
japan,1886,2025,inflation_adjusted,start,0.8,,,,,,35,50,6,70,36,16,22.9,0.0,0.0,1887 1888 1889 1890 1892 1893 1894 1895 1896 1897 1898 1899 1900 1903 1904 1906 1907 1908 1909 1910 1911 1948 1958 1959 1960 1961 1962 1963 1964 1965 1966 1967 1968 1969 1970 1971 1972 1973 1974 1975 1976 1977 1978 1979 1980 1982 1984 1985 1986 1987 1988 1989 1990 1991
japan,1886,2025,inflation_adjusted,start,0.8,,,,,,35,50,7,70,36,8,11.4,0.0,0.0,1887 1888 1889 1890 1891 1892 1893 1894 1895 1896 1897 1898 1899 1900 1901 1902 1903 1904 1905 1906 1907 1908 1909 1910 1911 1948 1954 1957 1958 1959 1960 1961 1962 1963 1964 1965 1966 1967 1968 1969 1970 1971 1972 1973 1974 1975 1976 1977 1978 1979 1980 1981 1982 1983 1984 1985 1986 1987 1988 1989 1990 1991
japan,1886,2025,inflation_adjusted,start,0.8,,,,,,35,50,8,70,36,4,5.7,0.0,0.0,1887 1888 1889 1890 1891 1892 1893 1894 1895 1896 1897 1898 1899 1900 1901 1902 1903 1904 1905 1906 1907 1908 1909 1910 1911 1948 1950 1953 1954 1955 1956 1957 1958 1959 1960 1961 1962 1963 1964 1965 1966 1967 1968 1969 1970 1971 1972 1973 1974 1975 1976 1977 1978 1979 1980 1981 1982 1983 1984 1985 1986 1987 1988 1989 1990 1991
japan,1886,2025,inflation_adjusted,start,0.8,,,,,,35,50,9,70,36,1,1.4,0.0,0.0,1886 1887 1888 1889 1890 1891 1892 1893 1894 1895 1896 1897 1898 1899 1900 1901 1902 1903 1904 1905 1906 1907 1908 1909 1910 1911 1948 1949 1950 1951 1953 1954 1955 1956 1957 1958 1959 1960 1961 1962 1963 1964 1965 1966 1967 1968 1969 1970 1971 1972 1973 1974 1975 1976 1977 1978 1979 1980 1981 1982 1983 1984 1985 1986 1987 1988 1989 1990 1991
japan,1886,2025,inflation_adjusted,start,0.8,,,,,,35,50,10,70,36,0,0.0,0.0,0.0,1886 1887 1888 1889 1890 1891 1892 1893 1894 1895 1896 1897 1898 1899 1900 1901 1902 1903 1904 1905 1906 1907 1908 1909 1910 1911 1948 1949 1950 1951 1952 1953 1954 1955 1956 1957 1958 1959 1960 1961 1962 1963 1964 1965 1966 1967 1968 1969 1970 1971 1972 1973 1974 1975 1976 1977 1978 1979 1980 1981 1982 1983 1984 1985 1986 1987 1988 1989 1990 1991
japan,1886,2025,inflation_adjusted,start,0.8,,,,,,35,50,11,70,36,0,0.0,0.0,0.0,1886 1887 1888 1889 1890 1891 1892 1893 1894 1895 1896 1897 1898 1899 1900 1901 1902 1903 1904 1905 1906 1907 1908 1909 1910 1911 1948 1949 1950 1951 1952 1953 1954 1955 1956 1957 1958 1959 1960 1961 1962 1963 1964 1965 1966 1967 1968 1969 1970 1971 1972 1973 1974 1975 1976 1977 1978 1979 1980 1981 1982 1983 1984 1985 1986 1987 1988 1989 1990 1991
japan,1886,2025,inflation_adjusted,start,0.8,,,,,,35,50,12,70,36,0,0.0,0.0,0.0,1886 1887 1888 1889 1890 1891 1892 1893 1894 1895 1896 1897 1898 1899 1900 1901 1902 1903 1904 1905 1906 1907 1908 1909 1910 1911 1948 1949 1950 1951 1952 1953 1954 1955 1956 1957 1958 1959 1960 1961 1962 1963 1964 1965 1966 1967 1968 1969 1970 1971 1972 1973 1974 1975 1976 1977 1978 1979 1980 1981 1982 1983 1984 1985 1986 1987 1988 1989 1990 1991
japan,1886,2025,inflation_adjusted,start,0.8,,,,,,35,25,3,70,36,70,100.0,2325.0,376.0,
japan,1886,2025,inflation_adjusted,start,0.8,,,,,,35,25,4,70,36,46,65.7,558.0,0.0,1893 1894 1895 1896 1897 1898 1900 1907 1910 1911 1948 1960 1961 1962 1963 1964 1965 1967 1968 1970 1971 1973 1974 1989
japan,1886,2025,inflation_adjusted,start,0.8,,,,,,35,25,5,70,36,17,24.3,0.0,0.0,1887 1888 1889 1890 1891 1892 1893 1894 1895 1896 1897 1898 1899 1900 1901 1902 1903 1904 1905 1906 1907 1908 1909 1910 1911 1948 1954 1956 1957 1958 1959 1960 1961 1962 1963 1964 1965 1966 1967 1968 1969 1970 1971 1972 1973 1974 1975 1986 1987 1988 1989 1990 1991
japan,1886,2025,inflation_adjusted,start,0.8,,,,,,35,25,6,70,36,2,2.9,0.0,0.0,1887 1888 1889 1890 1891 1892 1893 1894 1895 1896 1897 1898 1899 1900 1901 1902 1903 1904 1905 1906 1907 1908 1909 1910 1911 1948 1949 1950 1951 1952 1953 1954 1955 1956 1957 1958 1959 1960 1961 1962 1963 1964 1965 1966 1967 1968 1969 1970 1971 1972 1973 1974 1975 1976 1977 1978 1979 1980 1982 1983 1984 1985 1986 1987 1988 1989 1990 1991
japan,1886,2025,inflation_adjusted,start,0.8,,,,,,35,25,7,70,36,0,0.0,0.0,0.0,1886 1887 1888 1889 1890 1891 1892 1893 1894 1895 1896 1897 1898 1899 1900 1901 1902 1903 1904 1905 1906 1907 1908 1909 1910 1911 1948 1949 1950 1951 1952 1953 1954 1955 1956 1957 1958 1959 1960 1961 1962 1963 1964 1965 1966 1967 1968 1969 1970 1971 1972 1973 1974 1975 1976 1977 1978 1979 1980 1981 1982 1983 1984 1985 1986 1987 1988 1989 1990 1991
japan,1886,2025,inflation_adjusted,start,0.8,,,,,,35,25,8,70,36,0,0.0,0.0,0.0,1886 1887 1888 1889 1890 1891 1892 1893 1894 1895 1896 1897 1898 1899 1900 1901 1902 1903 1904 1905 1906 1907 1908 1909 1910 1911 1948 1949 1950 1951 1952 1953 1954 1955 1956 1957 1958 1959 1960 1961 1962 1963 1964 1965 1966 1967 1968 1969 1970 1971 1972 1973 1974 1975 1976 1977 1978 1979 1980 1981 1982 1983 1984 1985 1986 1987 1988 1989 1990 1991
japan,1886,2025,inflation_adjusted,start,0.8,,,,,,35,25,9,70,36,0,0.0,0.0,0.0,1886 1887 1888 1889 1890 1891 1892 1893 1894 1895 1896 1897 1898 1899 1900 1901 1902 1903 1904 1905 1906 1907 1908 1909 1910 1911 1948 1949 1950 1951 1952 1953 1954 1955 1956 1957 1958 1959 1960 1961 1962 1963 1964 1965 1966 1967 1968 1969 1970 1971 1972 1973 1974 1975 1976 1977 1978 1979 1980 1981 1982 1983 1984 1985 1986 1987 1988 1989 1990 1991
japan,1886,2025,inflation_adjusted,start,0.8,,,,,,35,25,10,70,36,0,0.0,0.0,0.0,1886 1887 1888 1889 1890 1891 1892 1893 1894 1895 1896 1897 1898 1899 1900 1901 1902 1903 1904 1905 1906 1907 1908 1909 1910 1911 1948 1949 1950 1951 1952 1953 1954 1955 1956 1957 1958 1959 1960 1961 1962 1963 1964 1965 1966 1967 1968 1969 1970 1971 1972 1973 1974 1975 1976 1977 1978 1979 1980 1981 1982 1983 1984 1985 1986 1987 1988 1989 1990 1991
japan,1886,2025,inflation_adjusted,start,0.8,,,,,,35,25,11,70,36,0,0.0,0.0,0.0,1886 1887 1888 1889 1890 1891 1892 1893 1894 1895 1896 1897 1898 1899 1900 1901 1902 1903 1904 1905 1906 1907 1908 1909 1910 1911 1948 1949 1950 1951 1952 1953 1954 1955 1956 1957 1958 1959 1960 1961 1962 1963 1964 1965 1966 1967 1968 1969 1970 1971 1972 1973 1974 1975 1976 1977 1978 1979 1980 1981 1982 1983 1984 1985 1986 1987 1988 1989 1990 1991
japan,1886,2025,inflation_adjusted,start,0.8,,,,,,35,25,12,70,36,0,0.0,0.0,0.0,1886 1887 1888 1889 1890 1891 1892 1893 1894 1895 1896 1897 1898 1899 1900 1901 1902 1903 1904 1905 1906 1907 1908 1909 1910 1911 1948 1949 1950 1951 1952 1953 1954 1955 1956 1957 1958 1959 1960 1961 1962 1963 1964 1965 1966 1967 1968 1969 1970 1971 1972 1973 1974 1975 1976 1977 1978 1979 1980 1981 1982 1983 1984 1985 1986 1987 1988 1989 1990 1991
japan,1886,2025,inflation_adjusted,start,0.8,,,,,,35,0,3,106,0,51,48.1,0.0,0.0,1892 1893 1894 1895 1896 1897 1900 1910 1911 1912 1913 1914 1915 1916 1917 1918 1919 1920 1921 1922 1923 1924 1925 1926 1927 1928 1929 1930 1931 1932 1933 1934 1935 1936 1937 1938 1939 1940 1941 1942 1943 1944 1945 1946 1947 1948 1949 1951 1959 1960 1961 1962 1963 1964 1965
japan,1886,2025,inflation_adjusted,start,0.8,,,,,,35,0,4,106,0,18,17.0,0.0,0.0,1887 1888 1889 1890 1891 1892 1893 1894 1895 1896 1897 1898 1899 1900 1901 1902 1903 1904 1905 1906 1907 1908 1909 1910 1911 1912 1913 1914 1915 1916 1917 1918 1919 1920 1921 1922 1923 1924 1925 1926 1927 1928 1929 1930 1931 1932 1933 1934 1935 1936 1937 1938 1939 1940 1941 1942 1943 1944 1945 1946 1947 1948 1949 1950 1951 1952 1953 1954 1955 1956 1957 1958 1959 1960 1961 1962 1963 1964 1965 1966 1967 1968 1969 1970 1971 1972 1973 1974
japan,1886,2025,inflation_adjusted,start,0.8,,,,,,35,0,5,106,0,9,8.5,0.0,0.0,1886 1887 1888 1889 1890 1891 1892 1893 1894 1895 1896 1897 1898 1899 1900 1901 1902 1903 1904 1905 1906 1907 1908 1909 1910 1911 1912 1913 1914 1915 1916 1917 1918 1919 1920 1921 1922 1923 1924 1925 1926 1927 1928 1929 1930 1931 1932 1933 1934 1935 1936 1937 1938 1939 1940 1941 1942 1943 1944 1945 1946 1947 1948 1949 1950 1951 1952 1953 1954 1955 1956 1957 1958 1959 1960 1961 1962 1963 1964 1965 1966 1967 1968 1969 1970 1971 1972 1973 1974 1975 1976 1978 1979 1986 1987 1988 1989
japan,1886,2025,inflation_adjusted,start,0.8,,,,,,35,0,6,106,0,0,0.0,0.0,0.0,1886 1887 1888 1889 1890 1891 1892 1893 1894 1895 1896 1897 1898 1899 1900 1901 1902 1903 1904 1905 1906 1907 1908 1909 1910 1911 1912 1913 1914 1915 1916 1917 1918 1919 1920 1921 1922 1923 1924 1925 1926 1927 1928 1929 1930 1931 1932 1933 1934 1935 1936 1937 1938 1939 1940 1941 1942 1943 1944 1945 1946 1947 1948 1949 1950 1951 1952 1953 1954 1955 1956 1957 1958 1959 1960 1961 1962 1963 1964 1965 1966 1967 1968 1969 1970 1971 1972 1973 1974 1975 1976 1977 1978 1979 1980 1981 1982 1983 1984 1985 1986 1987 1988 1989 1990 1991
japan,1886,2025,inflation_adjusted,start,0.8,,,,,,35,0,7,106,0,0,0.0,0.0,0.0,1886 1887 1888 1889 1890 1891 1892 1893 1894 1895 1896 1897 1898 1899 1900 1901 1902 1903 1904 1905 1906 1907 1908 1909 1910 1911 1912 1913 1914 1915 1916 1917 1918 1919 1920 1921 1922 1923 1924 1925 1926 1927 1928 1929 1930 1931 1932 1933 1934 1935 1936 1937 1938 1939 1940 1941 1942 1943 1944 1945 1946 1947 1948 1949 1950 1951 1952 1953 1954 1955 1956 1957 1958 1959 1960 1961 1962 1963 1964 1965 1966 1967 1968 1969 1970 1971 1972 1973 1974 1975 1976 1977 1978 1979 1980 1981 1982 1983 1984 1985 1986 1987 1988 1989 1990 1991
japan,1886,2025,inflation_adjusted,start,0.8,,,,,,35,0,8,106,0,0,0.0,0.0,0.0,1886 1887 1888 1889 1890 1891 1892 1893 1894 1895 1896 1897 1898 1899 1900 1901 1902 1903 1904 1905 1906 1907 1908 1909 1910 1911 1912 1913 1914 1915 1916 1917 1918 1919 1920 1921 1922 1923 1924 1925 1926 1927 1928 1929 1930 1931 1932 1933 1934 1935 1936 1937 1938 1939 1940 1941 1942 1943 1944 1945 1946 1947 1948 1949 1950 1951 1952 1953 1954 1955 1956 1957 1958 1959 1960 1961 1962 1963 1964 1965 1966 1967 1968 1969 1970 1971 1972 1973 1974 1975 1976 1977 1978 1979 1980 1981 1982 1983 1984 1985 1986 1987 1988 1989 1990 1991
japan,1886,2025,inflation_adjusted,start,0.8,,,,,,35,0,9,106,0,0,0.0,0.0,0.0,1886 1887 1888 1889 1890 1891 1892 1893 1894 1895 1896 1897 1898 1899 1900 1901 1902 1903 1904 1905 1906 1907 1908 1909 1910 1911 1912 1913 1914 1915 1916 1917 1918 1919 1920 1921 1922 1923 1924 1925 1926 1927 1928 1929 1930 1931 1932 1933 1934 1935 1936 1937 1938 1939 1940 1941 1942 1943 1944 1945 1946 1947 1948 1949 1950 1951 1952 1953 1954 1955 1956 1957 1958 1959 1960 1961 1962 1963 1964 1965 1966 1967 1968 1969 1970 1971 1972 1973 1974 1975 1976 1977 1978 1979 1980 1981 1982 1983 1984 1985 1986 1987 1988 1989 1990 1991
japan,1886,2025,inflation_adjusted,start,0.8,,,,,,35,0,10,106,0,0,0.0,0.0,0.0,1886 1887 1888 1889 1890 1891 1892 1893 1894 1895 1896 1897 1898 1899 1900 1901 1902 1903 1904 1905 1906 1907 1908 1909 1910 1911 1912 1913 1914 1915 1916 1917 1918 1919 1920 1921 1922 1923 1924 1925 1926 1927 1928 1929 1930 1931 1932 1933 1934 1935 1936 1937 1938 1939 1940 1941 1942 1943 1944 1945 1946 1947 1948 1949 1950 1951 1952 1953 1954 1955 1956 1957 1958 1959 1960 1961 1962 1963 1964 1965 1966 1967 1968 1969 1970 1971 1972 1973 1974 1975 1976 1977 1978 1979 1980 1981 1982 1983 1984 1985 1986 1987 1988 1989 1990 1991
japan,1886,2025,inflation_adjusted,start,0.8,,,,,,35,0,11,106,0,0,0.0,0.0,0.0,1886 1887 1888 1889 1890 1891 1892 1893 1894 1895 1896 1897 1898 1899 1900 1901 1902 1903 1904 1905 1906 1907 1908 1909 1910 1911 1912 1913 1914 1915 1916 1917 1918 1919 1920 1921 1922 1923 1924 1925 1926 1927 1928 1929 1930 1931 1932 1933 1934 1935 1936 1937 1938 1939 1940 1941 1942 1943 1944 1945 1946 1947 1948 1949 1950 1951 1952 1953 1954 1955 1956 1957 1958 1959 1960 1961 1962 1963 1964 1965 1966 1967 1968 1969 1970 1971 1972 1973 1974 1975 1976 1977 1978 1979 1980 1981 1982 1983 1984 1985 1986 1987 1988 1989 1990 1991
japan,1886,2025,inflation_adjusted,start,0.8,,,,,,35,0,12,106,0,0,0.0,0.0,0.0,1886 1887 1888 1889 1890 1891 1892 1893 1894 1895 1896 1897 1898 1899 1900 1901 1902 1903 1904 1905 1906 1907 1908 1909 1910 1911 1912 1913 1914 1915 1916 1917 1918 1919 1920 1921 1922 1923 1924 1925 1926 1927 1928 1929 1930 1931 1932 1933 1934 1935 1936 1937 1938 1939 1940 1941 1942 1943 1944 1945 1946 1947 1948 1949 1950 1951 1952 1953 1954 1955 1956 1957 1958 1959 1960 1961 1962 1963 1964 1965 1966 1967 1968 1969 1970 1971 1972 1973 1974 1975 1976 1977 1978 1979 1980 1981 1982 1983 1984 1985 1986 1987 1988 1989 1990 1991
japan,1886,2025,inflation_adjusted,start,0.8,,,,,,40,100,3,60,41,59,98.3,10407.0,0.0,1897
japan,1886,2025,inflation_adjusted,start,0.8,,,,,,40,100,4,60,41,54,90.0,6368.0,0.0,1896 1897 1973 1974 1985 1986
japan,1886,2025,inflation_adjusted,start,0.8,,,,,,40,100,5,60,41,43,71.7,3038.0,0.0,1894 1895 1896 1897 1898 1961 1962 1973 1974 1975 1977 1979 1980 1982 1984 1985 1986
japan,1886,2025,inflation_adjusted,start,0.8,,,,,,40,100,6,60,41,30,50.0,70.0,0.0,1887 1890 1893 1894 1895 1896 1897 1898 1900 1961 1962 1963 1964 1970 1971 1972 1973 1974 1975 1976 1977 1978 1979 1980 1981 1982 1983 1984 1985 1986
japan,1886,2025,inflation_adjusted,start,0.8,,,,,,40,100,7,60,41,22,36.7,0.0,0.0,1887 1888 1889 1890 1893 1894 1895 1896 1897 1898 1900 1906 1960 1961 1962 1963 1964 1965 1967 1968 1969 1970 1971 1972 1973 1974 1975 1976 1977 1978 1979 1980 1981 1982 1983 1984 1985 1986
japan,1886,2025,inflation_adjusted,start,0.8,,,,,,40,100,8,60,41,15,25.0,0.0,0.0,1887 1888 1889 1890 1891 1892 1893 1894 1895 1896 1897 1898 1899 1900 1903 1904 1905 1906 1960 1961 1962 1963 1964 1965 1966 1967 1968 1969 1970 1971 1972 1973 1974 1975 1976 1977 1978 1979 1980 1981 1982 1983 1984 1985 1986
japan,1886,2025,inflation_adjusted,start,0.8,,,,,,40,100,9,60,41,12,20.0,0.0,0.0,1887 1888 1889 1890 1891 1892 1893 1894 1895 1896 1897 1898 1899 1900 1901 1903 1904 1905 1906 1958 1959 1960 1961 1962 1963 1964 1965 1966 1967 1968 1969 1970 1971 1972 1973 1974 1975 1976 1977 1978 1979 1980 1981 1982 1983 1984 1985 1986
japan,1886,2025,inflation_adjusted,start,0.8,,,,,,40,100,10,60,41,9,15.0,0.0,0.0,1887 1888 1889 1890 1891 1892 1893 1894 1895 1896 1897 1898 1899 1900 1901 1902 1903 1904 1905 1906 1954 1957 1958 1959 1960 1961 1962 1963 1964 1965 1966 1967 1968 1969 1970 1971 1972 1973 1974 1975 1976 1977 1978 1979 1980 1981 1982 1983 1984 1985 1986
japan,1886,2025,inflation_adjusted,start,0.8,,,,,,40,100,11,60,41,8,13.3,0.0,0.0,1886 1887 1888 1889 1890 1891 1892 1893 1894 1895 1896 1897 1898 1899 1900 1901 1902 1903 1904 1905 1906 1954 1957 1958 1959 1960 1961 1962 1963 1964 1965 1966 1967 1968 1969 1970 1971 1972 1973 1974 1975 1976 1977 1978 1979 1980 1981 1982 1983 1984 1985 1986
japan,1886,2025,inflation_adjusted,start,0.8,,,,,,40,100,12,60,41,5,8.3,0.0,0.0,1886 1887 1888 1889 1890 1891 1892 1893 1894 1895 1896 1897 1898 1899 1900 1901 1902 1903 1904 1905 1906 1948 1950 1954 1956 1957 1958 1959 1960 1961 1962 1963 1964 1965 1966 1967 1968 1969 1970 1971 1972 1973 1974 1975 1976 1977 1978 1979 1980 1981 1982 1983 1984 1985 1986
japan,1886,2025,inflation_adjusted,start,0.8,,,,,,40,75,3,60,41,60,100.0,7882.0,292.0,
japan,1886,2025,inflation_adjusted,start,0.8,,,,,,40,75,4,60,41,55,91.7,4488.0,0.0,1896 1897 1973 1974 1986
japan,1886,2025,inflation_adjusted,start,0.8,,,,,,40,75,5,60,41,42,70.0,1465.0,0.0,1893 1894 1895 1896 1897 1898 1961 1962 1963 1964 1970 1972 1973 1974 1975 1984 1985 1986
japan,1886,2025,inflation_adjusted,start,0.8,,,,,,40,75,6,60,41,22,36.7,0.0,0.0,1887 1889 1890 1893 1894 1895 1896 1897 1898 1900 1906 1960 1961 1962 1963 1964 1965 1966 1967 1968 1969 1970 1971 1972 1973 1974 1975 1976 1977 1978 1979 1980 1981 1982 1983 1984 1985 1986
japan,1886,2025,inflation_adjusted,start,0.8,,,,,,40,75,7,60,41,15,25.0,0.0,0.0,1887 1888 1889 1890 1891 1892 1893 1894 1895 1896 1897 1898 1899 1900 1903 1904 1906 1959 1960 1961 1962 1963 1964 1965 1966 1967 1968 1969 1970 1971 1972 1973 1974 1975 1976 1977 1978 1979 1980 1981 1982 1983 1984 1985 1986
japan,1886,2025,inflation_adjusted,start,0.8,,,,,,40,75,8,60,41,10,16.7,0.0,0.0,1887 1888 1889 1890 1891 1892 1893 1894 1895 1896 1897 1898 1899 1900 1901 1902 1903 1904 1905 1906 1957 1958 1959 1960 1961 1962 1963 1964 1965 1966 1967 1968 1969 1970 1971 1972 1973 1974 1975 1976 1977 1978 1979 1980 1981 1982 1983 1984 1985 1986
japan,1886,2025,inflation_adjusted,start,0.8,,,,,,40,75,9,60,41,8,13.3,0.0,0.0,1887 1888 1889 1890 1891 1892 1893 1894 1895 1896 1897 1898 1899 1900 1901 1902 1903 1904 1905 1906 1948 1954 1957 1958 1959 1960 1961 1962 1963 1964 1965 1966 1967 1968 1969 1970 1971 1972 1973 1974 1975 1976 1977 1978 1979 1980 1981 1982 1983 1984 1985 1986
japan,1886,2025,inflation_adjusted,start,0.8,,,,,,40,75,10,60,41,4,6.7,0.0,0.0,1886 1887 1888 1889 1890 1891 1892 1893 1894 1895 1896 1897 1898 1899 1900 1901 1902 1903 1904 1905 1906 1948 1953 1954 1955 1956 1957 1958 1959 1960 1961 1962 1963 1964 1965 1966 1967 1968 1969 1970 1971 1972 1973 1974 1975 1976 1977 1978 1979 1980 1981 1982 1983 1984 1985 1986
japan,1886,2025,inflation_adjusted,start,0.8,,,,,,40,75,11,60,41,3,5.0,0.0,0.0,1886 1887 1888 1889 1890 1891 1892 1893 1894 1895 1896 1897 1898 1899 1900 1901 1902 1903 1904 1905 1906 1948 1950 1953 1954 1955 1956 1957 1958 1959 1960 1961 1962 1963 1964 1965 1966 1967 1968 1969 1970 1971 1972 1973 1974 1975 1976 1977 1978 1979 1980 1981 1982 1983 1984 1985 1986
japan,1886,2025,inflation_adjusted,start,0.8,,,,,,40,75,12,60,41,3,5.0,0.0,0.0,1886 1887 1888 1889 1890 1891 1892 1893 1894 1895 1896 1897 1898 1899 1900 1901 1902 1903 1904 1905 1906 1948 1950 1953 1954 1955 1956 1957 1958 1959 1960 1961 1962 1963 1964 1965 1966 1967 1968 1969 1970 1971 1972 1973 1974 1975 1976 1977 1978 1979 1980 1981 1982 1983 1984 1985 1986
japan,1886,2025,inflation_adjusted,start,0.8,,,,,,40,50,3,60,41,60,100.0,5014.0,638.0,
japan,1886,2025,inflation_adjusted,start,0.8,,,,,,40,50,4,60,41,51,85.0,1956.0,0.0,1893 1894 1895 1896 1897 1961 1962 1973 1974
japan,1886,2025,inflation_adjusted,start,0.8,,,,,,40,50,5,60,41,32,53.3,233.0,0.0,1887 1890 1893 1894 1895 1896 1897 1898 1900 1906 1960 1961 1962 1963 1964 1965 1966 1967 1968 1969 1970 1971 1972 1973 1974 1975 1985 1986
japan,1886,2025,inflation_adjusted,start,0.8,,,,,,40,50,6,60,41,10,16.7,0.0,0.0,1887 1888 1889 1890 1891 1892 1893 1894 1895 1896 1897 1898 1899 1900 1901 1903 1904 1905 1906 1948 1957 1958 1959 1960 1961 1962 1963 1964 1965 1966 1967 1968 1969 1970 1971 1972 1973 1974 1975 1976 1977 1978 1979 1980 1981 1982 1983 1984 1985 1986
japan,1886,2025,inflation_adjusted,start,0.8,,,,,,40,50,7,60,41,7,11.7,0.0,0.0,1887 1888 1889 1890 1891 1892 1893 1894 1895 1896 1897 1898 1899 1900 1901 1902 1903 1904 1905 1906 1948 1954 1956 1957 1958 1959 1960 1961 1962 1963 1964 1965 1966 1967 1968 1969 1970 1971 1972 1973 1974 1975 1976 1977 1978 1979 1980 1981 1982 1983 1984 1985 1986
japan,1886,2025,inflation_adjusted,start,0.8,,,,,,40,50,8,60,41,3,5.0,0.0,0.0,1886 1887 1888 1889 1890 1891 1892 1893 1894 1895 1896 1897 1898 1899 1900 1901 1902 1903 1904 1905 1906 1948 1950 1953 1954 1955 1956 1957 1958 1959 1960 1961 1962 1963 1964 1965 1966 1967 1968 1969 1970 1971 1972 1973 1974 1975 1976 1977 1978 1979 1980 1981 1982 1983 1984 1985 1986
japan,1886,2025,inflation_adjusted,start,0.8,,,,,,40,50,9,60,41,0,0.0,0.0,0.0,1886 1887 1888 1889 1890 1891 1892 1893 1894 1895 1896 1897 1898 1899 1900 1901 1902 1903 1904 1905 1906 1948 1949 1950 1951 1952 1953 1954 1955 1956 1957 1958 1959 1960 1961 1962 1963 1964 1965 1966 1967 1968 1969 1970 1971 1972 1973 1974 1975 1976 1977 1978 1979 1980 1981 1982 1983 1984 1985 1986
japan,1886,2025,inflation_adjusted,start,0.8,,,,,,40,50,10,60,41,0,0.0,0.0,0.0,1886 1887 1888 1889 1890 1891 1892 1893 1894 1895 1896 1897 1898 1899 1900 1901 1902 1903 1904 1905 1906 1948 1949 1950 1951 1952 1953 1954 1955 1956 1957 1958 1959 1960 1961 1962 1963 1964 1965 1966 1967 1968 1969 1970 1971 1972 1973 1974 1975 1976 1977 1978 1979 1980 1981 1982 1983 1984 1985 1986
japan,1886,2025,inflation_adjusted,start,0.8,,,,,,40,50,11,60,41,0,0.0,0.0,0.0,1886 1887 1888 1889 1890 1891 1892 1893 1894 1895 1896 1897 1898 1899 1900 1901 1902 1903 1904 1905 1906 1948 1949 1950 1951 1952 1953 1954 1955 1956 1957 1958 1959 1960 1961 1962 1963 1964 1965 1966 1967 1968 1969 1970 1971 1972 1973 1974 1975 1976 1977 1978 1979 1980 1981 1982 1983 1984 1985 1986
japan,1886,2025,inflation_adjusted,start,0.8,,,,,,40,50,12,60,41,0,0.0,0.0,0.0,1886 1887 1888 1889 1890 1891 1892 1893 1894 1895 1896 1897 1898 1899 1900 1901 1902 1903 1904 1905 1906 1948 1949 1950 1951 1952 1953 1954 1955 1956 1957 1958 1959 1960 1961 1962 1963 1964 1965 1966 1967 1968 1969 1970 1971 1972 1973 1974 1975 1976 1977 1978 1979 1980 1981 1982 1983 1984 1985 1986
japan,1886,2025,inflation_adjusted,start,0.8,,,,,,40,25,3,60,41,59,98.3,2376.0,0.0,1894
japan,1886,2025,inflation_adjusted,start,0.8,,,,,,40,25,4,60,41,32,53.3,317.0,0.0,1887 1889 1890 1892 1893 1894 1895 1896 1897 1898 1900 1948 1959 1960 1961 1962 1963 1964 1965 1966 1967 1968 1969 1970 1971 1972 1973 1974
japan,1886,2025,inflation_adjusted,start,0.8,,,,,,40,25,5,60,41,10,16.7,0.0,0.0,1887 1888 1889 1890 1891 1892 1893 1894 1895 1896 1897 1898 1899 1900 1901 1902 1903 1904 1905 1906 1948 1949 1953 1954 1955 1956 1957 1958 1959 1960 1961 1962 1963 1964 1965 1966 1967 1968 1969 1970 1971 1972 1973 1974 1975 1976 1978 1979 1985 1986
japan,1886,2025,inflation_adjusted,start,0.8,,,,,,40,25,6,60,41,0,0.0,0.0,0.0,1886 1887 1888 1889 1890 1891 1892 1893 1894 1895 1896 1897 1898 1899 1900 1901 1902 1903 1904 1905 1906 1948 1949 1950 1951 1952 1953 1954 1955 1956 1957 1958 1959 1960 1961 1962 1963 1964 1965 1966 1967 1968 1969 1970 1971 1972 1973 1974 1975 1976 1977 1978 1979 1980 1981 1982 1983 1984 1985 1986
japan,1886,2025,inflation_adjusted,start,0.8,,,,,,40,25,7,60,41,0,0.0,0.0,0.0,1886 1887 1888 1889 1890 1891 1892 1893 1894 1895 1896 1897 1898 1899 1900 1901 1902 1903 1904 1905 1906 1948 1949 1950 1951 1952 1953 1954 1955 1956 1957 1958 1959 1960 1961 1962 1963 1964 1965 1966 1967 1968 1969 1970 1971 1972 1973 1974 1975 1976 1977 1978 1979 1980 1981 1982 1983 1984 1985 1986
japan,1886,2025,inflation_adjusted,start,0.8,,,,,,40,25,8,60,41,0,0.0,0.0,0.0,1886 1887 1888 1889 1890 1891 1892 1893 1894 1895 1896 1897 1898 1899 1900 1901 1902 1903 1904 1905 1906 1948 1949 1950 1951 1952 1953 1954 1955 1956 1957 1958 1959 1960 1961 1962 1963 1964 1965 1966 1967 1968 1969 1970 1971 1972 1973 1974 1975 1976 1977 1978 1979 1980 1981 1982 1983 1984 1985 1986
japan,1886,2025,inflation_adjusted,start,0.8,,,,,,40,25,9,60,41,0,0.0,0.0,0.0,1886 1887 1888 1889 1890 1891 1892 1893 1894 1895 1896 1897 1898 1899 1900 1901 1902 1903 1904 1905 1906 1948 1949 1950 1951 1952 1953 1954 1955 1956 1957 1958 1959 1960 1961 1962 1963 1964 1965 1966 1967 1968 1969 1970 1971 1972 1973 1974 1975 1976 1977 1978 1979 1980 1981 1982 1983 1984 1985 1986
japan,1886,2025,inflation_adjusted,start,0.8,,,,,,40,25,10,60,41,0,0.0,0.0,0.0,1886 1887 1888 1889 1890 1891 1892 1893 1894 1895 1896 1897 1898 1899 1900 1901 1902 1903 1904 1905 1906 1948 1949 1950 1951 1952 1953 1954 1955 1956 1957 1958 1959 1960 1961 1962 1963 1964 1965 1966 1967 1968 1969 1970 1971 1972 1973 1974 1975 1976 1977 1978 1979 1980 1981 1982 1983 1984 1985 1986
japan,1886,2025,inflation_adjusted,start,0.8,,,,,,40,25,11,60,41,0,0.0,0.0,0.0,1886 1887 1888 1889 1890 1891 1892 1893 1894 1895 1896 1897 1898 1899 1900 1901 1902 1903 1904 1905 1906 1948 1949 1950 1951 1952 1953 1954 1955 1956 1957 1958 1959 1960 1961 1962 1963 1964 1965 1966 1967 1968 1969 1970 1971 1972 1973 1974 1975 1976 1977 1978 1979 1980 1981 1982 1983 1984 1985 1986
japan,1886,2025,inflation_adjusted,start,0.8,,,,,,40,25,12,60,41,0,0.0,0.0,0.0,1886 1887 1888 1889 1890 1891 1892 1893 1894 1895 1896 1897 1898 1899 1900 1901 1902 1903 1904 1905 1906 1948 1949 1950 1951 1952 1953 1954 1955 1956 1957 1958 1959 1960 1961 1962 1963 1964 1965 1966 1967 1968 1969 1970 1971 1972 1973 1974 1975 1976 1977 1978 1979 1980 1981 1982 1983 1984 1985 1986
japan,1886,2025,inflation_adjusted,start,0.8,,,,,,40,0,3,101,0,25,24.8,0.0,0.0,1887 1888 1889 1890 1891 1892 1893 1894 1895 1896 1897 1898 1900 1907 1908 1909 1910 1911 1912 1913 1914 1915 1916 1917 1918 1919 1920 1921 1922 1923 1924 1925 1926 1927 1928 1929 1930 1931 1932 1933 1934 1935 1936 1937 1938 1939 1940 1941 1942 1943 1944 1945 1946 1947 1948 1949 1950 1951 1952 1953 1956 1957 1958 1959 1960 1961 1962 1963 1964 1965 1966 1967 1968 1969 1970 1971
japan,1886,2025,inflation_adjusted,start,0.8,,,,,,40,0,4,101,0,12,11.9,0.0,0.0,1886 1887 1888 1889 1890 1891 1892 1893 1894 1895 1896 1897 1898 1899 1900 1901 1902 1903 1904 1905 1906 1907 1908 1909 1910 1911 1912 1913 1914 1915 1916 1917 1918 1919 1920 1921 1922 1923 1924 1925 1926 1927 1928 1929 1930 1931 1932 1933 1934 1935 1936 1937 1938 1939 1940 1941 1942 1943 1944 1945 1946 1947 1948 1949 1950 1951 1952 1953 1954 1955 1956 1957 1958 1959 1960 1961 1962 1963 1964 1965 1966 1967 1968 1969 1970 1971 1972 1973 1974
japan,1886,2025,inflation_adjusted,start,0.8,,,,,,40,0,5,101,0,4,4.0,0.0,0.0,1886 1887 1888 1889 1890 1891 1892 1893 1894 1895 1896 1897 1898 1899 1900 1901 1902 1903 1904 1905 1906 1907 1908 1909 1910 1911 1912 1913 1914 1915 1916 1917 1918 1919 1920 1921 1922 1923 1924 1925 1926 1927 1928 1929 1930 1931 1932 1933 1934 1935 1936 1937 1938 1939 1940 1941 1942 1943 1944 1945 1946 1947 1948 1949 1950 1951 1952 1953 1954 1955 1956 1957 1958 1959 1960 1961 1962 1963 1964 1965 1966 1967 1968 1969 1970 1971 1972 1973 1974 1975 1976 1977 1978 1979 1984 1985 1986
japan,1886,2025,inflation_adjusted,start,0.8,,,,,,40,0,6,101,0,0,0.0,0.0,0.0,1886 1887 1888 1889 1890 1891 1892 1893 1894 1895 1896 1897 1898 1899 1900 1901 1902 1903 1904 1905 1906 1907 1908 1909 1910 1911 1912 1913 1914 1915 1916 1917 1918 1919 1920 1921 1922 1923 1924 1925 1926 1927 1928 1929 1930 1931 1932 1933 1934 1935 1936 1937 1938 1939 1940 1941 1942 1943 1944 1945 1946 1947 1948 1949 1950 1951 1952 1953 1954 1955 1956 1957 1958 1959 1960 1961 1962 1963 1964 1965 1966 1967 1968 1969 1970 1971 1972 1973 1974 1975 1976 1977 1978 1979 1980 1981 1982 1983 1984 1985 1986
japan,1886,2025,inflation_adjusted,start,0.8,,,,,,40,0,7,101,0,0,0.0,0.0,0.0,1886 1887 1888 1889 1890 1891 1892 1893 1894 1895 1896 1897 1898 1899 1900 1901 1902 1903 1904 1905 1906 1907 1908 1909 1910 1911 1912 1913 1914 1915 1916 1917 1918 1919 1920 1921 1922 1923 1924 1925 1926 1927 1928 1929 1930 1931 1932 1933 1934 1935 1936 1937 1938 1939 1940 1941 1942 1943 1944 1945 1946 1947 1948 1949 1950 1951 1952 1953 1954 1955 1956 1957 1958 1959 1960 1961 1962 1963 1964 1965 1966 1967 1968 1969 1970 1971 1972 1973 1974 1975 1976 1977 1978 1979 1980 1981 1982 1983 1984 1985 1986
japan,1886,2025,inflation_adjusted,start,0.8,,,,,,40,0,8,101,0,0,0.0,0.0,0.0,1886 1887 1888 1889 1890 1891 1892 1893 1894 1895 1896 1897 1898 1899 1900 1901 1902 1903 1904 1905 1906 1907 1908 1909 1910 1911 1912 1913 1914 1915 1916 1917 1918 1919 1920 1921 1922 1923 1924 1925 1926 1927 1928 1929 1930 1931 1932 1933 1934 1935 1936 1937 1938 1939 1940 1941 1942 1943 1944 1945 1946 1947 1948 1949 1950 1951 1952 1953 1954 1955 1956 1957 1958 1959 1960 1961 1962 1963 1964 1965 1966 1967 1968 1969 1970 1971 1972 1973 1974 1975 1976 1977 1978 1979 1980 1981 1982 1983 1984 1985 1986
japan,1886,2025,inflation_adjusted,start,0.8,,,,,,40,0,9,101,0,0,0.0,0.0,0.0,1886 1887 1888 1889 1890 1891 1892 1893 1894 1895 1896 1897 1898 1899 1900 1901 1902 1903 1904 1905 1906 1907 1908 1909 1910 1911 1912 1913 1914 1915 1916 1917 1918 1919 1920 1921 1922 1923 1924 1925 1926 1927 1928 1929 1930 1931 1932 1933 1934 1935 1936 1937 1938 1939 1940 1941 1942 1943 1944 1945 1946 1947 1948 1949 1950 1951 1952 1953 1954 1955 1956 1957 1958 1959 1960 1961 1962 1963 1964 1965 1966 1967 1968 1969 1970 1971 1972 1973 1974 1975 1976 1977 1978 1979 1980 1981 1982 1983 1984 1985 1986
japan,1886,2025,inflation_adjusted,start,0.8,,,,,,40,0,10,101,0,0,0.0,0.0,0.0,1886 1887 1888 1889 1890 1891 1892 1893 1894 1895 1896 1897 1898 1899 1900 1901 1902 1903 1904 1905 1906 1907 1908 1909 1910 1911 1912 1913 1914 1915 1916 1917 1918 1919 1920 1921 1922 1923 1924 1925 1926 1927 1928 1929 1930 1931 1932 1933 1934 1935 1936 1937 1938 1939 1940 1941 1942 1943 1944 1945 1946 1947 1948 1949 1950 1951 1952 1953 1954 1955 1956 1957 1958 1959 1960 1961 1962 1963 1964 1965 1966 1967 1968 1969 1970 1971 1972 1973 1974 1975 1976 1977 1978 1979 1980 1981 1982 1983 1984 1985 1986
japan,1886,2025,inflation_adjusted,start,0.8,,,,,,40,0,11,101,0,0,0.0,0.0,0.0,1886 1887 1888 1889 1890 1891 1892 1893 1894 1895 1896 1897 1898 1899 1900 1901 1902 1903 1904 1905 1906 1907 1908 1909 1910 1911 1912 1913 1914 1915 1916 1917 1918 1919 1920 1921 1922 1923 1924 1925 1926 1927 1928 1929 1930 1931 1932 1933 1934 1935 1936 1937 1938 1939 1940 1941 1942 1943 1944 1945 1946 1947 1948 1949 1950 1951 1952 1953 1954 1955 1956 1957 1958 1959 1960 1961 1962 1963 1964 1965 1966 1967 1968 1969 1970 1971 1972 1973 1974 1975 1976 1977 1978 1979 1980 1981 1982 1983 1984 1985 1986
japan,1886,2025,inflation_adjusted,start,0.8,,,,,,40,0,12,101,0,0,0.0,0.0,0.0,1886 1887 1888 1889 1890 1891 1892 1893 1894 1895 1896 1897 1898 1899 1900 1901 1902 1903 1904 1905 1906 1907 1908 1909 1910 1911 1912 1913 1914 1915 1916 1917 1918 1919 1920 1921 1922 1923 1924 1925 1926 1927 1928 1929 1930 1931 1932 1933 1934 1935 1936 1937 1938 1939 1940 1941 1942 1943 1944 1945 1946 1947 1948 1949 1950 1951 1952 1953 1954 1955 1956 1957 1958 1959 1960 1961 1962 1963 1964 1965 1966 1967 1968 1969 1970 1971 1972 1973 1974 1975 1976 1977 1978 1979 1980 1981 1982 1983 1984 1985 1986
japan,1886,2025,inflation_adjusted,start,0.8,,,,,,45,100,3,50,46,48,96.0,10970.0,0.0,1897 1974
japan,1886,2025,inflation_adjusted,start,0.8,,,,,,45,100,4,50,46,46,92.0,5584.0,0.0,1896 1897 1973 1974
japan,1886,2025,inflation_adjusted,start,0.8,,,,,,45,100,5,50,46,28,56.0,2044.0,0.0,1893 1894 1895 1896 1897 1898 1961 1962 1963 1964 1970 1971 1972 1973 1974 1975 1976 1977 1978 1979 1980 1981
japan,1886,2025,inflation_adjusted,start,0.8,,,,,,45,100,6,50,46,20,40.0,0.0,0.0,1887 1890 1893 1894 1895 1896 1897 1898 1900 1960 1961 1962 1963 1964 1965 1967 1968 1969 1970 1971 1972 1973 1974 1975 1976 1977 1978 1979 1980 1981
japan,1886,2025,inflation_adjusted,start,0.8,,,,,,45,100,7,50,46,17,34.0,0.0,0.0,1887 1888 1889 1890 1893 1894 1895 1896 1897 1898 1900 1960 1961 1962 1963 1964 1965 1966 1967 1968 1969 1970 1971 1972 1973 1974 1975 1976 1977 1978 1979 1980 1981
japan,1886,2025,inflation_adjusted,start,0.8,,,,,,45,100,8,50,46,13,26.0,0.0,0.0,1887 1888 1889 1890 1891 1892 1893 1894 1895 1896 1897 1898 1899 1900 1901 1960 1961 1962 1963 1964 1965 1966 1967 1968 1969 1970 1971 1972 1973 1974 1975 1976 1977 1978 1979 1980 1981
japan,1886,2025,inflation_adjusted,start,0.8,,,,,,45,100,9,50,46,10,20.0,0.0,0.0,1887 1888 1889 1890 1891 1892 1893 1894 1895 1896 1897 1898 1899 1900 1901 1957 1958 1959 1960 1961 1962 1963 1964 1965 1966 1967 1968 1969 1970 1971 1972 1973 1974 1975 1976 1977 1978 1979 1980 1981
japan,1886,2025,inflation_adjusted,start,0.8,,,,,,45,100,10,50,46,9,18.0,0.0,0.0,1887 1888 1889 1890 1891 1892 1893 1894 1895 1896 1897 1898 1899 1900 1901 1954 1957 1958 1959 1960 1961 1962 1963 1964 1965 1966 1967 1968 1969 1970 1971 1972 1973 1974 1975 1976 1977 1978 1979 1980 1981
japan,1886,2025,inflation_adjusted,start,0.8,,,,,,45,100,11,50,46,8,16.0,0.0,0.0,1886 1887 1888 1889 1890 1891 1892 1893 1894 1895 1896 1897 1898 1899 1900 1901 1954 1957 1958 1959 1960 1961 1962 1963 1964 1965 1966 1967 1968 1969 1970 1971 1972 1973 1974 1975 1976 1977 1978 1979 1980 1981
japan,1886,2025,inflation_adjusted,start,0.8,,,,,,45,100,12,50,46,5,10.0,0.0,0.0,1886 1887 1888 1889 1890 1891 1892 1893 1894 1895 1896 1897 1898 1899 1900 1901 1948 1950 1954 1956 1957 1958 1959 1960 1961 1962 1963 1964 1965 1966 1967 1968 1969 1970 1971 1972 1973 1974 1975 1976 1977 1978 1979 1980 1981
japan,1886,2025,inflation_adjusted,start,0.8,,,,,,45,75,3,50,46,49,98.0,8066.0,0.0,1897
japan,1886,2025,inflation_adjusted,start,0.8,,,,,,45,75,4,50,46,45,90.0,3401.0,0.0,1896 1897 1962 1973 1974
japan,1886,2025,inflation_adjusted,start,0.8,,,,,,45,75,5,50,46,28,56.0,414.0,0.0,1893 1894 1895 1896 1897 1898 1960 1961 1962 1963 1964 1970 1971 1972 1973 1974 1975 1976 1977 1978 1979 1980
japan,1886,2025,inflation_adjusted,start,0.8,,,,,,45,75,6,50,46,17,34.0,0.0,0.0,1887 1888 1889 1890 1893 1894 1895 1896 1897 1898 1900 1960 1961 1962 1963 1964 1965 1966 1967 1968 1969 1970 1971 1972 1973 1974 1975 1976 1977 1978 1979 1980 1981
japan,1886,2025,inflation_adjusted,start,0.8,,,,,,45,75,7,50,46,11,22.0,0.0,0.0,1887 1888 1889 1890 1891 1892 1893 1894 1895 1896 1897 1898 1899 1900 1901 1958 1959 1960 1961 1962 1963 1964 1965 1966 1967 1968 1969 1970 1971 1972 1973 1974 1975 1976 1977 1978 1979 1980 1981
japan,1886,2025,inflation_adjusted,start,0.8,,,,,,45,75,8,50,46,9,18.0,0.0,0.0,1887 1888 1889 1890 1891 1892 1893 1894 1895 1896 1897 1898 1899 1900 1901 1954 1957 1958 1959 1960 1961 1962 1963 1964 1965 1966 1967 1968 1969 1970 1971 1972 1973 1974 1975 1976 1977 1978 1979 1980 1981
japan,1886,2025,inflation_adjusted,start,0.8,,,,,,45,75,9,50,46,7,14.0,0.0,0.0,1887 1888 1889 1890 1891 1892 1893 1894 1895 1896 1897 1898 1899 1900 1901 1948 1954 1956 1957 1958 1959 1960 1961 1962 1963 1964 1965 1966 1967 1968 1969 1970 1971 1972 1973 1974 1975 1976 1977 1978 1979 1980 1981
japan,1886,2025,inflation_adjusted,start,0.8,,,,,,45,75,10,50,46,3,6.0,0.0,0.0,1886 1887 1888 1889 1890 1891 1892 1893 1894 1895 1896 1897 1898 1899 1900 1901 1948 1950 1953 1954 1955 1956 1957 1958 1959 1960 1961 1962 1963 1964 1965 1966 1967 1968 1969 1970 1971 1972 1973 1974 1975 1976 1977 1978 1979 1980 1981
japan,1886,2025,inflation_adjusted,start,0.8,,,,,,45,75,11,50,46,3,6.0,0.0,0.0,1886 1887 1888 1889 1890 1891 1892 1893 1894 1895 1896 1897 1898 1899 1900 1901 1948 1950 1953 1954 1955 1956 1957 1958 1959 1960 1961 1962 1963 1964 1965 1966 1967 1968 1969 1970 1971 1972 1973 1974 1975 1976 1977 1978 1979 1980 1981
japan,1886,2025,inflation_adjusted,start,0.8,,,,,,45,75,12,50,46,3,6.0,0.0,0.0,1886 1887 1888 1889 1890 1891 1892 1893 1894 1895 1896 1897 1898 1899 1900 1901 1948 1950 1953 1954 1955 1956 1957 1958 1959 1960 1961 1962 1963 1964 1965 1966 1967 1968 1969 1970 1971 1972 1973 1974 1975 1976 1977 1978 1979 1980 1981
japan,1886,2025,inflation_adjusted,start,0.8,,,,,,45,50,3,50,46,50,100.0,4544.0,225.0,
japan,1886,2025,inflation_adjusted,start,0.8,,,,,,45,50,4,50,46,38,76.0,1779.0,0.0,1893 1894 1895 1896 1897 1961 1962 1963 1964 1970 1973 1974
japan,1886,2025,inflation_adjusted,start,0.8,,,,,,45,50,5,50,46,20,40.0,0.0,0.0,1887 1888 1889 1890 1893 1894 1895 1896 1897 1898 1900 1960 1961 1962 1963 1964 1965 1966 1967 1968 1969 1970 1971 1972 1973 1974 1975 1976 1978 1979
japan,1886,2025,inflation_adjusted,start,0.8,,,,,,45,50,6,50,46,9,18.0,0.0,0.0,1887 1888 1889 1890 1891 1892 1893 1894 1895 1896 1897 1898 1899 1900 1901 1948 1957 1958 1959 1960 1961 1962 1963 1964 1965 1966 1967 1968 1969 1970 1971 1972 1973 1974 1975 1976 1977 1978 1979 1980 1981
japan,1886,2025,inflation_adjusted,start,0.8,,,,,,45,50,7,50,46,5,10.0,0.0,0.0,1887 1888 1889 1890 1891 1892 1893 1894 1895 1896 1897 1898 1899 1900 1901 1948 1953 1954 1955 1956 1957 1958 1959 1960 1961 1962 1963 1964 1965 1966 1967 1968 1969 1970 1971 1972 1973 1974 1975 1976 1977 1978 1979 1980 1981
japan,1886,2025,inflation_adjusted,start,0.8,,,,,,45,50,8,50,46,3,6.0,0.0,0.0,1886 1887 1888 1889 1890 1891 1892 1893 1894 1895 1896 1897 1898 1899 1900 1901 1948 1950 1953 1954 1955 1956 1957 1958 1959 1960 1961 1962 1963 1964 1965 1966 1967 1968 1969 1970 1971 1972 1973 1974 1975 1976 1977 1978 1979 1980 1981
japan,1886,2025,inflation_adjusted,start,0.8,,,,,,45,50,9,50,46,0,0.0,0.0,0.0,1886 1887 1888 1889 1890 1891 1892 1893 1894 1895 1896 1897 1898 1899 1900 1901 1948 1949 1950 1951 1952 1953 1954 1955 1956 1957 1958 1959 1960 1961 1962 1963 1964 1965 1966 1967 1968 1969 1970 1971 1972 1973 1974 1975 1976 1977 1978 1979 1980 1981
japan,1886,2025,inflation_adjusted,start,0.8,,,,,,45,50,10,50,46,0,0.0,0.0,0.0,1886 1887 1888 1889 1890 1891 1892 1893 1894 1895 1896 1897 1898 1899 1900 1901 1948 1949 1950 1951 1952 1953 1954 1955 1956 1957 1958 1959 1960 1961 1962 1963 1964 1965 1966 1967 1968 1969 1970 1971 1972 1973 1974 1975 1976 1977 1978 1979 1980 1981
japan,1886,2025,inflation_adjusted,start,0.8,,,,,,45,50,11,50,46,0,0.0,0.0,0.0,1886 1887 1888 1889 1890 1891 1892 1893 1894 1895 1896 1897 1898 1899 1900 1901 1948 1949 1950 1951 1952 1953 1954 1955 1956 1957 1958 1959 1960 1961 1962 1963 1964 1965 1966 1967 1968 1969 1970 1971 1972 1973 1974 1975 1976 1977 1978 1979 1980 1981
japan,1886,2025,inflation_adjusted,start,0.8,,,,,,45,50,12,50,46,0,0.0,0.0,0.0,1886 1887 1888 1889 1890 1891 1892 1893 1894 1895 1896 1897 1898 1899 1900 1901 1948 1949 1950 1951 1952 1953 1954 1955 1956 1957 1958 1959 1960 1961 1962 1963 1964 1965 1966 1967 1968 1969 1970 1971 1972 1973 1974 1975 1976 1977 1978 1979 1980 1981
japan,1886,2025,inflation_adjusted,start,0.8,,,,,,45,25,3,50,46,44,88.0,2461.0,0.0,1893 1894 1895 1896 1897 1948
japan,1886,2025,inflation_adjusted,start,0.8,,,,,,45,25,4,50,46,19,38.0,0.0,0.0,1887 1888 1889 1890 1892 1893 1894 1895 1896 1897 1898 1900 1948 1957 1958 1959 1960 1961 1962 1963 1964 1965 1966 1967 1968 1969 1970 1971 1972 1973 1974
japan,1886,2025,inflation_adjusted,start,0.8,,,,,,45,25,5,50,46,4,8.0,0.0,0.0,1887 1888 1889 1890 1891 1892 1893 1894 1895 1896 1897 1898 1899 1900 1901 1948 1949 1950 1951 1953 1954 1955 1956 1957 1958 1959 1960 1961 1962 1963 1964 1965 1966 1967 1968 1969 1970 1971 1972 1973 1974 1975 1976 1977 1978 1979
japan,1886,2025,inflation_adjusted,start,0.8,,,,,,45,25,6,50,46,0,0.0,0.0,0.0,1886 1887 1888 1889 1890 1891 1892 1893 1894 1895 1896 1897 1898 1899 1900 1901 1948 1949 1950 1951 1952 1953 1954 1955 1956 1957 1958 1959 1960 1961 1962 1963 1964 1965 1966 1967 1968 1969 1970 1971 1972 1973 1974 1975 1976 1977 1978 1979 1980 1981
japan,1886,2025,inflation_adjusted,start,0.8,,,,,,45,25,7,50,46,0,0.0,0.0,0.0,1886 1887 1888 1889 1890 1891 1892 1893 1894 1895 1896 1897 1898 1899 1900 1901 1948 1949 1950 1951 1952 1953 1954 1955 1956 1957 1958 1959 1960 1961 1962 1963 1964 1965 1966 1967 1968 1969 1970 1971 1972 1973 1974 1975 1976 1977 1978 1979 1980 1981
japan,1886,2025,inflation_adjusted,start,0.8,,,,,,45,25,8,50,46,0,0.0,0.0,0.0,1886 1887 1888 1889 1890 1891 1892 1893 1894 1895 1896 1897 1898 1899 1900 1901 1948 1949 1950 1951 1952 1953 1954 1955 1956 1957 1958 1959 1960 1961 1962 1963 1964 1965 1966 1967 1968 1969 1970 1971 1972 1973 1974 1975 1976 1977 1978 1979 1980 1981
japan,1886,2025,inflation_adjusted,start,0.8,,,,,,45,25,9,50,46,0,0.0,0.0,0.0,1886 1887 1888 1889 1890 1891 1892 1893 1894 1895 1896 1897 1898 1899 1900 1901 1948 1949 1950 1951 1952 1953 1954 1955 1956 1957 1958 1959 1960 1961 1962 1963 1964 1965 1966 1967 1968 1969 1970 1971 1972 1973 1974 1975 1976 1977 1978 1979 1980 1981
japan,1886,2025,inflation_adjusted,start,0.8,,,,,,45,25,10,50,46,0,0.0,0.0,0.0,1886 1887 1888 1889 1890 1891 1892 1893 1894 1895 1896 1897 1898 1899 1900 1901 1948 1949 1950 1951 1952 1953 1954 1955 1956 1957 1958 1959 1960 1961 1962 1963 1964 1965 1966 1967 1968 1969 1970 1971 1972 1973 1974 1975 1976 1977 1978 1979 1980 1981
japan,1886,2025,inflation_adjusted,start,0.8,,,,,,45,25,11,50,46,0,0.0,0.0,0.0,1886 1887 1888 1889 1890 1891 1892 1893 1894 1895 1896 1897 1898 1899 1900 1901 1948 1949 1950 1951 1952 1953 1954 1955 1956 1957 1958 1959 1960 1961 1962 1963 1964 1965 1966 1967 1968 1969 1970 1971 1972 1973 1974 1975 1976 1977 1978 1979 1980 1981
japan,1886,2025,inflation_adjusted,start,0.8,,,,,,45,25,12,50,46,0,0.0,0.0,0.0,1886 1887 1888 1889 1890 1891 1892 1893 1894 1895 1896 1897 1898 1899 1900 1901 1948 1949 1950 1951 1952 1953 1954 1955 1956 1957 1958 1959 1960 1961 1962 1963 1964 1965 1966 1967 1968 1969 1970 1971 1972 1973 1974 1975 1976 1977 1978 1979 1980 1981
japan,1886,2025,inflation_adjusted,start,0.8,,,,,,45,0,3,96,0,9,9.4,0.0,0.0,1887 1888 1889 1890 1891 1892 1893 1894 1895 1896 1897 1898 1899 1900 1901 1902 1903 1904 1905 1906 1907 1908 1909 1910 1911 1912 1913 1914 1915 1916 1917 1918 1919 1920 1921 1922 1923 1924 1925 1926 1927 1928 1929 1930 1931 1932 1933 1934 1935 1936 1937 1938 1939 1940 1941 1942 1943 1944 1945 1946 1947 1948 1949 1950 1951 1952 1953 1954 1955 1956 1957 1958 1959 1960 1961 1962 1963 1964 1965 1966 1967 1968 1969 1970 1971 1972 1973
japan,1886,2025,inflation_adjusted,start,0.8,,,,,,45,0,4,96,0,6,6.2,0.0,0.0,1886 1887 1888 1889 1890 1891 1892 1893 1894 1895 1896 1897 1898 1899 1900 1901 1902 1903 1904 1905 1906 1907 1908 1909 1910 1911 1912 1913 1914 1915 1916 1917 1918 1919 1920 1921 1922 1923 1924 1925 1926 1927 1928 1929 1930 1931 1932 1933 1934 1935 1936 1937 1938 1939 1940 1941 1942 1943 1944 1945 1946 1947 1948 1949 1950 1951 1952 1953 1954 1955 1956 1957 1958 1959 1960 1961 1962 1963 1964 1965 1966 1967 1968 1969 1970 1971 1972 1973 1974 1975
japan,1886,2025,inflation_adjusted,start,0.8,,,,,,45,0,5,96,0,1,1.0,0.0,0.0,1886 1887 1888 1889 1890 1891 1892 1893 1894 1895 1896 1897 1898 1899 1900 1901 1902 1903 1904 1905 1906 1907 1908 1909 1910 1911 1912 1913 1914 1915 1916 1917 1918 1919 1920 1921 1922 1923 1924 1925 1926 1927 1928 1929 1930 1931 1932 1933 1934 1935 1936 1937 1938 1939 1940 1941 1942 1943 1944 1945 1946 1947 1948 1949 1950 1951 1952 1953 1954 1955 1956 1957 1958 1959 1960 1961 1962 1963 1964 1965 1966 1967 1968 1969 1970 1971 1972 1973 1974 1975 1976 1977 1978 1979 1980
japan,1886,2025,inflation_adjusted,start,0.8,,,,,,45,0,6,96,0,0,0.0,0.0,0.0,1886 1887 1888 1889 1890 1891 1892 1893 1894 1895 1896 1897 1898 1899 1900 1901 1902 1903 1904 1905 1906 1907 1908 1909 1910 1911 1912 1913 1914 1915 1916 1917 1918 1919 1920 1921 1922 1923 1924 1925 1926 1927 1928 1929 1930 1931 1932 1933 1934 1935 1936 1937 1938 1939 1940 1941 1942 1943 1944 1945 1946 1947 1948 1949 1950 1951 1952 1953 1954 1955 1956 1957 1958 1959 1960 1961 1962 1963 1964 1965 1966 1967 1968 1969 1970 1971 1972 1973 1974 1975 1976 1977 1978 1979 1980 1981
japan,1886,2025,inflation_adjusted,start,0.8,,,,,,45,0,7,96,0,0,0.0,0.0,0.0,1886 1887 1888 1889 1890 1891 1892 1893 1894 1895 1896 1897 1898 1899 1900 1901 1902 1903 1904 1905 1906 1907 1908 1909 1910 1911 1912 1913 1914 1915 1916 1917 1918 1919 1920 1921 1922 1923 1924 1925 1926 1927 1928 1929 1930 1931 1932 1933 1934 1935 1936 1937 1938 1939 1940 1941 1942 1943 1944 1945 1946 1947 1948 1949 1950 1951 1952 1953 1954 1955 1956 1957 1958 1959 1960 1961 1962 1963 1964 1965 1966 1967 1968 1969 1970 1971 1972 1973 1974 1975 1976 1977 1978 1979 1980 1981
japan,1886,2025,inflation_adjusted,start,0.8,,,,,,45,0,8,96,0,0,0.0,0.0,0.0,1886 1887 1888 1889 1890 1891 1892 1893 1894 1895 1896 1897 1898 1899 1900 1901 1902 1903 1904 1905 1906 1907 1908 1909 1910 1911 1912 1913 1914 1915 1916 1917 1918 1919 1920 1921 1922 1923 1924 1925 1926 1927 1928 1929 1930 1931 1932 1933 1934 1935 1936 1937 1938 1939 1940 1941 1942 1943 1944 1945 1946 1947 1948 1949 1950 1951 1952 1953 1954 1955 1956 1957 1958 1959 1960 1961 1962 1963 1964 1965 1966 1967 1968 1969 1970 1971 1972 1973 1974 1975 1976 1977 1978 1979 1980 1981
japan,1886,2025,inflation_adjusted,start,0.8,,,,,,45,0,9,96,0,0,0.0,0.0,0.0,1886 1887 1888 1889 1890 1891 1892 1893 1894 1895 1896 1897 1898 1899 1900 1901 1902 1903 1904 1905 1906 1907 1908 1909 1910 1911 1912 1913 1914 1915 1916 1917 1918 1919 1920 1921 1922 1923 1924 1925 1926 1927 1928 1929 1930 1931 1932 1933 1934 1935 1936 1937 1938 1939 1940 1941 1942 1943 1944 1945 1946 1947 1948 1949 1950 1951 1952 1953 1954 1955 1956 1957 1958 1959 1960 1961 1962 1963 1964 1965 1966 1967 1968 1969 1970 1971 1972 1973 1974 1975 1976 1977 1978 1979 1980 1981
japan,1886,2025,inflation_adjusted,start,0.8,,,,,,45,0,10,96,0,0,0.0,0.0,0.0,1886 1887 1888 1889 1890 1891 1892 1893 1894 1895 1896 1897 1898 1899 1900 1901 1902 1903 1904 1905 1906 1907 1908 1909 1910 1911 1912 1913 1914 1915 1916 1917 1918 1919 1920 1921 1922 1923 1924 1925 1926 1927 1928 1929 1930 1931 1932 1933 1934 1935 1936 1937 1938 1939 1940 1941 1942 1943 1944 1945 1946 1947 1948 1949 1950 1951 1952 1953 1954 1955 1956 1957 1958 1959 1960 1961 1962 1963 1964 1965 1966 1967 1968 1969 1970 1971 1972 1973 1974 1975 1976 1977 1978 1979 1980 1981
japan,1886,2025,inflation_adjusted,start,0.8,,,,,,45,0,11,96,0,0,0.0,0.0,0.0,1886 1887 1888 1889 1890 1891 1892 1893 1894 1895 1896 1897 1898 1899 1900 1901 1902 1903 1904 1905 1906 1907 1908 1909 1910 1911 1912 1913 1914 1915 1916 1917 1918 1919 1920 1921 1922 1923 1924 1925 1926 1927 1928 1929 1930 1931 1932 1933 1934 1935 1936 1937 1938 1939 1940 1941 1942 1943 1944 1945 1946 1947 1948 1949 1950 1951 1952 1953 1954 1955 1956 1957 1958 1959 1960 1961 1962 1963 1964 1965 1966 1967 1968 1969 1970 1971 1972 1973 1974 1975 1976 1977 1978 1979 1980 1981
japan,1886,2025,inflation_adjusted,start,0.8,,,,,,45,0,12,96,0,0,0.0,0.0,0.0,1886 1887 1888 1889 1890 1891 1892 1893 1894 1895 1896 1897 1898 1899 1900 1901 1902 1903 1904 1905 1906 1907 1908 1909 1910 1911 1912 1913 1914 1915 1916 1917 1918 1919 1920 1921 1922 1923 1924 1925 1926 1927 1928 1929 1930 1931 1932 1933 1934 1935 1936 1937 1938 1939 1940 1941 1942 1943 1944 1945 1946 1947 1948 1949 1950 1951 1952 1953 1954 1955 1956 1957 1958 1959 1960 1961 1962 1963 1964 1965 1966 1967 1968 1969 1970 1971 1972 1973 1974 1975 1976 1977 1978 1979 1980 1981
japan,1886,2025,inflation_adjusted,start,0.8,,,,,,50,100,3,40,51,39,97.5,15443.0,0.0,1974
japan,1886,2025,inflation_adjusted,start,0.8,,,,,,50,100,4,40,51,37,92.5,7998.0,0.0,1896 1973 1974
japan,1886,2025,inflation_adjusted,start,0.8,,,,,,50,100,5,40,51,25,62.5,2581.0,0.0,1893 1894 1895 1896 1961 1962 1963 1964 1970 1971 1972 1973 1974 1975 1976
japan,1886,2025,inflation_adjusted,start,0.8,,,,,,50,100,6,40,51,18,45.0,0.0,0.0,1887 1890 1893 1894 1895 1896 1960 1961 1962 1963 1964 1965 1967 1968 1969 1970 1971 1972 1973 1974 1975 1976
japan,1886,2025,inflation_adjusted,start,0.8,,,,,,50,100,7,40,51,15,37.5,0.0,0.0,1887 1888 1889 1890 1893 1894 1895 1896 1960 1961 1962 1963 1964 1965 1966 1967 1968 1969 1970 1971 1972 1973 1974 1975 1976
japan,1886,2025,inflation_adjusted,start,0.8,,,,,,50,100,8,40,51,12,30.0,0.0,0.0,1887 1888 1889 1890 1891 1892 1893 1894 1895 1896 1959 1960 1961 1962 1963 1964 1965 1966 1967 1968 1969 1970 1971 1972 1973 1974 1975 1976
japan,1886,2025,inflation_adjusted,start,0.8,,,,,,50,100,9,40,51,10,25.0,0.0,0.0,1887 1888 1889 1890 1891 1892 1893 1894 1895 1896 1957 1958 1959 1960 1961 1962 1963 1964 1965 1966 1967 1968 1969 1970 1971 1972 1973 1974 1975 1976
japan,1886,2025,inflation_adjusted,start,0.8,,,,,,50,100,10,40,51,9,22.5,0.0,0.0,1887 1888 1889 1890 1891 1892 1893 1894 1895 1896 1954 1957 1958 1959 1960 1961 1962 1963 1964 1965 1966 1967 1968 1969 1970 1971 1972 1973 1974 1975 1976
japan,1886,2025,inflation_adjusted,start,0.8,,,,,,50,100,11,40,51,7,17.5,0.0,0.0,1886 1887 1888 1889 1890 1891 1892 1893 1894 1895 1896 1954 1956 1957 1958 1959 1960 1961 1962 1963 1964 1965 1966 1967 1968 1969 1970 1971 1972 1973 1974 1975 1976
japan,1886,2025,inflation_adjusted,start,0.8,,,,,,50,100,12,40,51,4,10.0,0.0,0.0,1886 1887 1888 1889 1890 1891 1892 1893 1894 1895 1896 1948 1950 1954 1955 1956 1957 1958 1959 1960 1961 1962 1963 1964 1965 1966 1967 1968 1969 1970 1971 1972 1973 1974 1975 1976
japan,1886,2025,inflation_adjusted,start,0.8,,,,,,50,75,3,40,51,40,100.0,10908.0,123.0,
japan,1886,2025,inflation_adjusted,start,0.8,,,,,,50,75,4,40,51,35,87.5,5392.0,0.0,1895 1896 1962 1973 1974
japan,1886,2025,inflation_adjusted,start,0.8,,,,,,50,75,5,40,51,19,47.5,0.0,0.0,1887 1893 1894 1895 1896 1960 1961 1962 1963 1964 1965 1967 1968 1969 1970 1971 1972 1973 1974 1975 1976
japan,1886,2025,inflation_adjusted,start,0.8,,,,,,50,75,6,40,51,15,37.5,0.0,0.0,1887 1888 1889 1890 1893 1894 1895 1896 1960 1961 1962 1963 1964 1965 1966 1967 1968 1969 1970 1971 1972 1973 1974 1975 1976
japan,1886,2025,inflation_adjusted,start,0.8,,,,,,50,75,7,40,51,10,25.0,0.0,0.0,1887 1888 1889 1890 1891 1892 1893 1894 1895 1896 1957 1958 1959 1960 1961 1962 1963 1964 1965 1966 1967 1968 1969 1970 1971 1972 1973 1974 1975 1976
japan,1886,2025,inflation_adjusted,start,0.8,,,,,,50,75,8,40,51,9,22.5,0.0,0.0,1887 1888 1889 1890 1891 1892 1893 1894 1895 1896 1954 1957 1958 1959 1960 1961 1962 1963 1964 1965 1966 1967 1968 1969 1970 1971 1972 1973 1974 1975 1976
japan,1886,2025,inflation_adjusted,start,0.8,,,,,,50,75,9,40,51,6,15.0,0.0,0.0,1886 1887 1888 1889 1890 1891 1892 1893 1894 1895 1896 1948 1954 1956 1957 1958 1959 1960 1961 1962 1963 1964 1965 1966 1967 1968 1969 1970 1971 1972 1973 1974 1975 1976
japan,1886,2025,inflation_adjusted,start,0.8,,,,,,50,75,10,40,51,3,7.5,0.0,0.0,1886 1887 1888 1889 1890 1891 1892 1893 1894 1895 1896 1948 1950 1953 1954 1955 1956 1957 1958 1959 1960 1961 1962 1963 1964 1965 1966 1967 1968 1969 1970 1971 1972 1973 1974 1975 1976
japan,1886,2025,inflation_adjusted,start,0.8,,,,,,50,75,11,40,51,3,7.5,0.0,0.0,1886 1887 1888 1889 1890 1891 1892 1893 1894 1895 1896 1948 1950 1953 1954 1955 1956 1957 1958 1959 1960 1961 1962 1963 1964 1965 1966 1967 1968 1969 1970 1971 1972 1973 1974 1975 1976
japan,1886,2025,inflation_adjusted,start,0.8,,,,,,50,75,12,40,51,2,5.0,0.0,0.0,1886 1887 1888 1889 1890 1891 1892 1893 1894 1895 1896 1948 1949 1950 1953 1954 1955 1956 1957 1958 1959 1960 1961 1962 1963 1964 1965 1966 1967 1968 1969 1970 1971 1972 1973 1974 1975 1976
japan,1886,2025,inflation_adjusted,start,0.8,,,,,,50,50,3,40,51,40,100.0,6357.0,676.0,
japan,1886,2025,inflation_adjusted,start,0.8,,,,,,50,50,4,40,51,26,65.0,1714.0,0.0,1893 1894 1895 1896 1960 1961 1962 1963 1964 1970 1971 1972 1973 1974
japan,1886,2025,inflation_adjusted,start,0.8,,,,,,50,50,5,40,51,13,32.5,0.0,0.0,1887 1888 1889 1890 1892 1893 1894 1895 1896 1959 1960 1961 1962 1963 1964 1965 1966 1967 1968 1969 1970 1971 1972 1973 1974 1975 1976
japan,1886,2025,inflation_adjusted,start,0.8,,,,,,50,50,6,40,51,8,20.0,0.0,0.0,1887 1888 1889 1890 1891 1892 1893 1894 1895 1896 1948 1954 1957 1958 1959 1960 1961 1962 1963 1964 1965 1966 1967 1968 1969 1970 1971 1972 1973 1974 1975 1976
japan,1886,2025,inflation_adjusted,start,0.8,,,,,,50,50,7,40,51,5,12.5,0.0,0.0,1887 1888 1889 1890 1891 1892 1893 1894 1895 1896 1948 1953 1954 1955 1956 1957 1958 1959 1960 1961 1962 1963 1964 1965 1966 1967 1968 1969 1970 1971 1972 1973 1974 1975 1976
japan,1886,2025,inflation_adjusted,start,0.8,,,,,,50,50,8,40,51,2,5.0,0.0,0.0,1886 1887 1888 1889 1890 1891 1892 1893 1894 1895 1896 1948 1949 1950 1953 1954 1955 1956 1957 1958 1959 1960 1961 1962 1963 1964 1965 1966 1967 1968 1969 1970 1971 1972 1973 1974 1975 1976
japan,1886,2025,inflation_adjusted,start,0.8,,,,,,50,50,9,40,51,0,0.0,0.0,0.0,1886 1887 1888 1889 1890 1891 1892 1893 1894 1895 1896 1948 1949 1950 1951 1952 1953 1954 1955 1956 1957 1958 1959 1960 1961 1962 1963 1964 1965 1966 1967 1968 1969 1970 1971 1972 1973 1974 1975 1976
japan,1886,2025,inflation_adjusted,start,0.8,,,,,,50,50,10,40,51,0,0.0,0.0,0.0,1886 1887 1888 1889 1890 1891 1892 1893 1894 1895 1896 1948 1949 1950 1951 1952 1953 1954 1955 1956 1957 1958 1959 1960 1961 1962 1963 1964 1965 1966 1967 1968 1969 1970 1971 1972 1973 1974 1975 1976
japan,1886,2025,inflation_adjusted,start,0.8,,,,,,50,50,11,40,51,0,0.0,0.0,0.0,1886 1887 1888 1889 1890 1891 1892 1893 1894 1895 1896 1948 1949 1950 1951 1952 1953 1954 1955 1956 1957 1958 1959 1960 1961 1962 1963 1964 1965 1966 1967 1968 1969 1970 1971 1972 1973 1974 1975 1976
japan,1886,2025,inflation_adjusted,start,0.8,,,,,,50,50,12,40,51,0,0.0,0.0,0.0,1886 1887 1888 1889 1890 1891 1892 1893 1894 1895 1896 1948 1949 1950 1951 1952 1953 1954 1955 1956 1957 1958 1959 1960 1961 1962 1963 1964 1965 1966 1967 1968 1969 1970 1971 1972 1973 1974 1975 1976
japan,1886,2025,inflation_adjusted,start,0.8,,,,,,50,25,3,40,51,33,82.5,2100.0,0.0,1893 1894 1895 1896 1948 1961 1962
japan,1886,2025,inflation_adjusted,start,0.8,,,,,,50,25,4,40,51,11,27.5,0.0,0.0,1887 1888 1889 1890 1891 1892 1893 1894 1895 1896 1948 1957 1958 1959 1960 1961 1962 1963 1964 1965 1966 1967 1968 1969 1970 1971 1972 1973 1974
japan,1886,2025,inflation_adjusted,start,0.8,,,,,,50,25,5,40,51,1,2.5,0.0,0.0,1887 1888 1889 1890 1891 1892 1893 1894 1895 1896 1948 1949 1950 1951 1952 1953 1954 1955 1956 1957 1958 1959 1960 1961 1962 1963 1964 1965 1966 1967 1968 1969 1970 1971 1972 1973 1974 1975 1976
japan,1886,2025,inflation_adjusted,start,0.8,,,,,,50,25,6,40,51,0,0.0,0.0,0.0,1886 1887 1888 1889 1890 1891 1892 1893 1894 1895 1896 1948 1949 1950 1951 1952 1953 1954 1955 1956 1957 1958 1959 1960 1961 1962 1963 1964 1965 1966 1967 1968 1969 1970 1971 1972 1973 1974 1975 1976
japan,1886,2025,inflation_adjusted,start,0.8,,,,,,50,25,7,40,51,0,0.0,0.0,0.0,1886 1887 1888 1889 1890 1891 1892 1893 1894 1895 1896 1948 1949 1950 1951 1952 1953 1954 1955 1956 1957 1958 1959 1960 1961 1962 1963 1964 1965 1966 1967 1968 1969 1970 1971 1972 1973 1974 1975 1976
japan,1886,2025,inflation_adjusted,start,0.8,,,,,,50,25,8,40,51,0,0.0,0.0,0.0,1886 1887 1888 1889 1890 1891 1892 1893 1894 1895 1896 1948 1949 1950 1951 1952 1953 1954 1955 1956 1957 1958 1959 1960 1961 1962 1963 1964 1965 1966 1967 1968 1969 1970 1971 1972 1973 1974 1975 1976
japan,1886,2025,inflation_adjusted,start,0.8,,,,,,50,25,9,40,51,0,0.0,0.0,0.0,1886 1887 1888 1889 1890 1891 1892 1893 1894 1895 1896 1948 1949 1950 1951 1952 1953 1954 1955 1956 1957 1958 1959 1960 1961 1962 1963 1964 1965 1966 1967 1968 1969 1970 1971 1972 1973 1974 1975 1976
japan,1886,2025,inflation_adjusted,start,0.8,,,,,,50,25,10,40,51,0,0.0,0.0,0.0,1886 1887 1888 1889 1890 1891 1892 1893 1894 1895 1896 1948 1949 1950 1951 1952 1953 1954 1955 1956 1957 1958 1959 1960 1961 1962 1963 1964 1965 1966 1967 1968 1969 1970 1971 1972 1973 1974 1975 1976
japan,1886,2025,inflation_adjusted,start,0.8,,,,,,50,25,11,40,51,0,0.0,0.0,0.0,1886 1887 1888 1889 1890 1891 1892 1893 1894 1895 1896 1948 1949 1950 1951 1952 1953 1954 1955 1956 1957 1958 1959 1960 1961 1962 1963 1964 1965 1966 1967 1968 1969 1970 1971 1972 1973 1974 1975 1976
japan,1886,2025,inflation_adjusted,start,0.8,,,,,,50,25,12,40,51,0,0.0,0.0,0.0,1886 1887 1888 1889 1890 1891 1892 1893 1894 1895 1896 1948 1949 1950 1951 1952 1953 1954 1955 1956 1957 1958 1959 1960 1961 1962 1963 1964 1965 1966 1967 1968 1969 1970 1971 1972 1973 1974 1975 1976
japan,1886,2025,inflation_adjusted,start,0.8,,,,,,50,0,3,91,0,4,4.4,0.0,0.0,1887 1888 1889 1890 1891 1892 1893 1894 1895 1896 1897 1898 1899 1900 1901 1902 1903 1904 1905 1906 1907 1908 1909 1910 1911 1912 1913 1914 1915 1916 1917 1918 1919 1920 1921 1922 1923 1924 1925 1926 1927 1928 1929 1930 1931 1932 1933 1934 1935 1936 1937 1938 1939 1940 1941 1942 1943 1944 1945 1946 1947 1948 1949 1950 1951 1952 1953 1954 1955 1956 1957 1958 1959 1960 1961 1962 1963 1964 1965 1966 1967 1968 1969 1970 1971 1972 1973
japan,1886,2025,inflation_adjusted,start,0.8,,,,,,50,0,4,91,0,1,1.1,0.0,0.0,1886 1887 1888 1889 1890 1891 1892 1893 1894 1895 1896 1897 1898 1899 1900 1901 1902 1903 1904 1905 1906 1907 1908 1909 1910 1911 1912 1913 1914 1915 1916 1917 1918 1919 1920 1921 1922 1923 1924 1925 1926 1927 1928 1929 1930 1931 1932 1933 1934 1935 1936 1937 1938 1939 1940 1941 1942 1943 1944 1945 1946 1947 1948 1949 1950 1951 1952 1953 1954 1955 1956 1957 1958 1959 1960 1961 1962 1963 1964 1965 1966 1967 1968 1969 1970 1971 1972 1973 1974 1975
japan,1886,2025,inflation_adjusted,start,0.8,,,,,,50,0,5,91,0,0,0.0,0.0,0.0,1886 1887 1888 1889 1890 1891 1892 1893 1894 1895 1896 1897 1898 1899 1900 1901 1902 1903 1904 1905 1906 1907 1908 1909 1910 1911 1912 1913 1914 1915 1916 1917 1918 1919 1920 1921 1922 1923 1924 1925 1926 1927 1928 1929 1930 1931 1932 1933 1934 1935 1936 1937 1938 1939 1940 1941 1942 1943 1944 1945 1946 1947 1948 1949 1950 1951 1952 1953 1954 1955 1956 1957 1958 1959 1960 1961 1962 1963 1964 1965 1966 1967 1968 1969 1970 1971 1972 1973 1974 1975 1976
japan,1886,2025,inflation_adjusted,start,0.8,,,,,,50,0,6,91,0,0,0.0,0.0,0.0,1886 1887 1888 1889 1890 1891 1892 1893 1894 1895 1896 1897 1898 1899 1900 1901 1902 1903 1904 1905 1906 1907 1908 1909 1910 1911 1912 1913 1914 1915 1916 1917 1918 1919 1920 1921 1922 1923 1924 1925 1926 1927 1928 1929 1930 1931 1932 1933 1934 1935 1936 1937 1938 1939 1940 1941 1942 1943 1944 1945 1946 1947 1948 1949 1950 1951 1952 1953 1954 1955 1956 1957 1958 1959 1960 1961 1962 1963 1964 1965 1966 1967 1968 1969 1970 1971 1972 1973 1974 1975 1976
japan,1886,2025,inflation_adjusted,start,0.8,,,,,,50,0,7,91,0,0,0.0,0.0,0.0,1886 1887 1888 1889 1890 1891 1892 1893 1894 1895 1896 1897 1898 1899 1900 1901 1902 1903 1904 1905 1906 1907 1908 1909 1910 1911 1912 1913 1914 1915 1916 1917 1918 1919 1920 1921 1922 1923 1924 1925 1926 1927 1928 1929 1930 1931 1932 1933 1934 1935 1936 1937 1938 1939 1940 1941 1942 1943 1944 1945 1946 1947 1948 1949 1950 1951 1952 1953 1954 1955 1956 1957 1958 1959 1960 1961 1962 1963 1964 1965 1966 1967 1968 1969 1970 1971 1972 1973 1974 1975 1976
japan,1886,2025,inflation_adjusted,start,0.8,,,,,,50,0,8,91,0,0,0.0,0.0,0.0,1886 1887 1888 1889 1890 1891 1892 1893 1894 1895 1896 1897 1898 1899 1900 1901 1902 1903 1904 1905 1906 1907 1908 1909 1910 1911 1912 1913 1914 1915 1916 1917 1918 1919 1920 1921 1922 1923 1924 1925 1926 1927 1928 1929 1930 1931 1932 1933 1934 1935 1936 1937 1938 1939 1940 1941 1942 1943 1944 1945 1946 1947 1948 1949 1950 1951 1952 1953 1954 1955 1956 1957 1958 1959 1960 1961 1962 1963 1964 1965 1966 1967 1968 1969 1970 1971 1972 1973 1974 1975 1976
japan,1886,2025,inflation_adjusted,start,0.8,,,,,,50,0,9,91,0,0,0.0,0.0,0.0,1886 1887 1888 1889 1890 1891 1892 1893 1894 1895 1896 1897 1898 1899 1900 1901 1902 1903 1904 1905 1906 1907 1908 1909 1910 1911 1912 1913 1914 1915 1916 1917 1918 1919 1920 1921 1922 1923 1924 1925 1926 1927 1928 1929 1930 1931 1932 1933 1934 1935 1936 1937 1938 1939 1940 1941 1942 1943 1944 1945 1946 1947 1948 1949 1950 1951 1952 1953 1954 1955 1956 1957 1958 1959 1960 1961 1962 1963 1964 1965 1966 1967 1968 1969 1970 1971 1972 1973 1974 1975 1976
japan,1886,2025,inflation_adjusted,start,0.8,,,,,,50,0,10,91,0,0,0.0,0.0,0.0,1886 1887 1888 1889 1890 1891 1892 1893 1894 1895 1896 1897 1898 1899 1900 1901 1902 1903 1904 1905 1906 1907 1908 1909 1910 1911 1912 1913 1914 1915 1916 1917 1918 1919 1920 1921 1922 1923 1924 1925 1926 1927 1928 1929 1930 1931 1932 1933 1934 1935 1936 1937 1938 1939 1940 1941 1942 1943 1944 1945 1946 1947 1948 1949 1950 1951 1952 1953 1954 1955 1956 1957 1958 1959 1960 1961 1962 1963 1964 1965 1966 1967 1968 1969 1970 1971 1972 1973 1974 1975 1976
japan,1886,2025,inflation_adjusted,start,0.8,,,,,,50,0,11,91,0,0,0.0,0.0,0.0,1886 1887 1888 1889 1890 1891 1892 1893 1894 1895 1896 1897 1898 1899 1900 1901 1902 1903 1904 1905 1906 1907 1908 1909 1910 1911 1912 1913 1914 1915 1916 1917 1918 1919 1920 1921 1922 1923 1924 1925 1926 1927 1928 1929 1930 1931 1932 1933 1934 1935 1936 1937 1938 1939 1940 1941 1942 1943 1944 1945 1946 1947 1948 1949 1950 1951 1952 1953 1954 1955 1956 1957 1958 1959 1960 1961 1962 1963 1964 1965 1966 1967 1968 1969 1970 1971 1972 1973 1974 1975 1976
japan,1886,2025,inflation_adjusted,start,0.8,,,,,,50,0,12,91,0,0,0.0,0.0,0.0,1886 1887 1888 1889 1890 1891 1892 1893 1894 1895 1896 1897 1898 1899 1900 1901 1902 1903 1904 1905 1906 1907 1908 1909 1910 1911 1912 1913 1914 1915 1916 1917 1918 1919 1920 1921 1922 1923 1924 1925 1926 1927 1928 1929 1930 1931 1932 1933 1934 1935 1936 1937 1938 1939 1940 1941 1942 1943 1944 1945 1946 1947 1948 1949 1950 1951 1952 1953 1954 1955 1956 1957 1958 1959 1960 1961 1962 1963 1964 1965 1966 1967 1968 1969 1970 1971 1972 1973 1974 1975 1976
japan,1886,2025,inflation_adjusted,start,0.8,,,,,,60,100,3,20,61,20,100.0,60539.0,6585.0,
japan,1886,2025,inflation_adjusted,start,0.8,,,,,,60,100,4,20,61,19,95.0,48947.0,0.0,1962
japan,1886,2025,inflation_adjusted,start,0.8,,,,,,60,100,5,20,61,15,75.0,37444.0,0.0,1960 1961 1962 1963 1964
japan,1886,2025,inflation_adjusted,start,0.8,,,,,,60,100,6,20,61,13,65.0,25941.0,0.0,1960 1961 1962 1963 1964 1965 1966
japan,1886,2025,inflation_adjusted,start,0.8,,,,,,60,100,7,20,61,13,65.0,14439.0,0.0,1960 1961 1962 1963 1964 1965 1966
japan,1886,2025,inflation_adjusted,start,0.8,,,,,,60,100,8,20,61,10,50.0,4267.0,0.0,1957 1958 1959 1960 1961 1962 1963 1964 1965 1966
japan,1886,2025,inflation_adjusted,start,0.8,,,,,,60,100,9,20,61,9,45.0,0.0,0.0,1954 1957 1958 1959 1960 1961 1962 1963 1964 1965 1966
japan,1886,2025,inflation_adjusted,start,0.8,,,,,,60,100,10,20,61,8,40.0,0.0,0.0,1886 1954 1957 1958 1959 1960 1961 1962 1963 1964 1965 1966
japan,1886,2025,inflation_adjusted,start,0.8,,,,,,60,100,11,20,61,7,35.0,0.0,0.0,1886 1954 1956 1957 1958 1959 1960 1961 1962 1963 1964 1965 1966
japan,1886,2025,inflation_adjusted,start,0.8,,,,,,60,100,12,20,61,3,15.0,0.0,0.0,1886 1948 1950 1953 1954 1955 1956 1957 1958 1959 1960 1961 1962 1963 1964 1965 1966
japan,1886,2025,inflation_adjusted,start,0.8,,,,,,60,75,3,20,61,20,100.0,44294.0,4963.0,
japan,1886,2025,inflation_adjusted,start,0.8,,,,,,60,75,4,20,61,16,80.0,32365.0,0.0,1961 1962 1963 1964
japan,1886,2025,inflation_adjusted,start,0.8,,,,,,60,75,5,20,61,13,65.0,20436.0,0.0,1960 1961 1962 1963 1964 1965 1966
japan,1886,2025,inflation_adjusted,start,0.8,,,,,,60,75,6,20,61,12,60.0,8507.0,0.0,1959 1960 1961 1962 1963 1964 1965 1966
japan,1886,2025,inflation_adjusted,start,0.8,,,,,,60,75,7,20,61,10,50.0,589.0,0.0,1957 1958 1959 1960 1961 1962 1963 1964 1965 1966
japan,1886,2025,inflation_adjusted,start,0.8,,,,,,60,75,8,20,61,8,40.0,0.0,0.0,1954 1956 1957 1958 1959 1960 1961 1962 1963 1964 1965 1966
japan,1886,2025,inflation_adjusted,start,0.8,,,,,,60,75,9,20,61,4,20.0,0.0,0.0,1886 1948 1953 1954 1955 1956 1957 1958 1959 1960 1961 1962 1963 1964 1965 1966
japan,1886,2025,inflation_adjusted,start,0.8,,,,,,60,75,10,20,61,3,15.0,0.0,0.0,1886 1948 1950 1953 1954 1955 1956 1957 1958 1959 1960 1961 1962 1963 1964 1965 1966
japan,1886,2025,inflation_adjusted,start,0.8,,,,,,60,75,11,20,61,3,15.0,0.0,0.0,1886 1948 1950 1953 1954 1955 1956 1957 1958 1959 1960 1961 1962 1963 1964 1965 1966
japan,1886,2025,inflation_adjusted,start,0.8,,,,,,60,75,12,20,61,0,0.0,0.0,0.0,1886 1948 1949 1950 1951 1952 1953 1954 1955 1956 1957 1958 1959 1960 1961 1962 1963 1964 1965 1966
japan,1886,2025,inflation_adjusted,start,0.8,,,,,,60,50,3,20,61,20,100.0,24433.0,1372.0,
japan,1886,2025,inflation_adjusted,start,0.8,,,,,,60,50,4,20,61,14,70.0,12981.0,0.0,1960 1961 1962 1963 1964 1965
japan,1886,2025,inflation_adjusted,start,0.8,,,,,,60,50,5,20,61,10,50.0,2049.0,0.0,1957 1958 1959 1960 1961 1962 1963 1964 1965 1966
japan,1886,2025,inflation_adjusted,start,0.8,,,,,,60,50,6,20,61,7,35.0,0.0,0.0,1948 1954 1956 1957 1958 1959 1960 1961 1962 1963 1964 1965 1966
japan,1886,2025,inflation_adjusted,start,0.8,,,,,,60,50,7,20,61,3,15.0,0.0,0.0,1886 1948 1950 1953 1954 1955 1956 1957 1958 1959 1960 1961 1962 1963 1964 1965 1966
japan,1886,2025,inflation_adjusted,start,0.8,,,,,,60,50,8,20,61,0,0.0,0.0,0.0,1886 1948 1949 1950 1951 1952 1953 1954 1955 1956 1957 1958 1959 1960 1961 1962 1963 1964 1965 1966
japan,1886,2025,inflation_adjusted,start,0.8,,,,,,60,50,9,20,61,0,0.0,0.0,0.0,1886 1948 1949 1950 1951 1952 1953 1954 1955 1956 1957 1958 1959 1960 1961 1962 1963 1964 1965 1966
japan,1886,2025,inflation_adjusted,start,0.8,,,,,,60,50,10,20,61,0,0.0,0.0,0.0,1886 1948 1949 1950 1951 1952 1953 1954 1955 1956 1957 1958 1959 1960 1961 1962 1963 1964 1965 1966
japan,1886,2025,inflation_adjusted,start,0.8,,,,,,60,50,11,20,61,0,0.0,0.0,0.0,1886 1948 1949 1950 1951 1952 1953 1954 1955 1956 1957 1958 1959 1960 1961 1962 1963 1964 1965 1966
japan,1886,2025,inflation_adjusted,start,0.8,,,,,,60,50,12,20,61,0,0.0,0.0,0.0,1886 1948 1949 1950 1951 1952 1953 1954 1955 1956 1957 1958 1959 1960 1961 1962 1963 1964 1965 1966
japan,1886,2025,inflation_adjusted,start,0.8,,,,,,60,25,3,20,61,14,70.0,4658.0,0.0,1948 1960 1961 1962 1963 1964
japan,1886,2025,inflation_adjusted,start,0.8,,,,,,60,25,4,20,61,7,35.0,0.0,0.0,1948 1954 1956 1957 1958 1959 1960 1961 1962 1963 1964 1965 1966
japan,1886,2025,inflation_adjusted,start,0.8,,,,,,60,25,5,20,61,0,0.0,0.0,0.0,1886 1948 1949 1950 1951 1952 1953 1954 1955 1956 1957 1958 1959 1960 1961 1962 1963 1964 1965 1966
japan,1886,2025,inflation_adjusted,start,0.8,,,,,,60,25,6,20,61,0,0.0,0.0,0.0,1886 1948 1949 1950 1951 1952 1953 1954 1955 1956 1957 1958 1959 1960 1961 1962 1963 1964 1965 1966
japan,1886,2025,inflation_adjusted,start,0.8,,,,,,60,25,7,20,61,0,0.0,0.0,0.0,1886 1948 1949 1950 1951 1952 1953 1954 1955 1956 1957 1958 1959 1960 1961 1962 1963 1964 1965 1966
japan,1886,2025,inflation_adjusted,start,0.8,,,,,,60,25,8,20,61,0,0.0,0.0,0.0,1886 1948 1949 1950 1951 1952 1953 1954 1955 1956 1957 1958 1959 1960 1961 1962 1963 1964 1965 1966
japan,1886,2025,inflation_adjusted,start,0.8,,,,,,60,25,9,20,61,0,0.0,0.0,0.0,1886 1948 1949 1950 1951 1952 1953 1954 1955 1956 1957 1958 1959 1960 1961 1962 1963 1964 1965 1966
japan,1886,2025,inflation_adjusted,start,0.8,,,,,,60,25,10,20,61,0,0.0,0.0,0.0,1886 1948 1949 1950 1951 1952 1953 1954 1955 1956 1957 1958 1959 1960 1961 1962 1963 1964 1965 1966
japan,1886,2025,inflation_adjusted,start,0.8,,,,,,60,25,11,20,61,0,0.0,0.0,0.0,1886 1948 1949 1950 1951 1952 1953 1954 1955 1956 1957 1958 1959 1960 1961 1962 1963 1964 1965 1966
japan,1886,2025,inflation_adjusted,start,0.8,,,,,,60,25,12,20,61,0,0.0,0.0,0.0,1886 1948 1949 1950 1951 1952 1953 1954 1955 1956 1957 1958 1959 1960 1961 1962 1963 1964 1965 1966
japan,1886,2025,inflation_adjusted,start,0.8,,,,,,60,0,3,81,0,0,0.0,0.0,0.0,1886 1887 1888 1889 1890 1891 1892 1893 1894 1895 1896 1897 1898 1899 1900 1901 1902 1903 1904 1905 1906 1907 1908 1909 1910 1911 1912 1913 1914 1915 1916 1917 1918 1919 1920 1921 1922 1923 1924 1925 1926 1927 1928 1929 1930 1931 1932 1933 1934 1935 1936 1937 1938 1939 1940 1941 1942 1943 1944 1945 1946 1947 1948 1949 1950 1951 1952 1953 1954 1955 1956 1957 1958 1959 1960 1961 1962 1963 1964 1965 1966
japan,1886,2025,inflation_adjusted,start,0.8,,,,,,60,0,4,81,0,0,0.0,0.0,0.0,1886 1887 1888 1889 1890 1891 1892 1893 1894 1895 1896 1897 1898 1899 1900 1901 1902 1903 1904 1905 1906 1907 1908 1909 1910 1911 1912 1913 1914 1915 1916 1917 1918 1919 1920 1921 1922 1923 1924 1925 1926 1927 1928 1929 1930 1931 1932 1933 1934 1935 1936 1937 1938 1939 1940 1941 1942 1943 1944 1945 1946 1947 1948 1949 1950 1951 1952 1953 1954 1955 1956 1957 1958 1959 1960 1961 1962 1963 1964 1965 1966
japan,1886,2025,inflation_adjusted,start,0.8,,,,,,60,0,5,81,0,0,0.0,0.0,0.0,1886 1887 1888 1889 1890 1891 1892 1893 1894 1895 1896 1897 1898 1899 1900 1901 1902 1903 1904 1905 1906 1907 1908 1909 1910 1911 1912 1913 1914 1915 1916 1917 1918 1919 1920 1921 1922 1923 1924 1925 1926 1927 1928 1929 1930 1931 1932 1933 1934 1935 1936 1937 1938 1939 1940 1941 1942 1943 1944 1945 1946 1947 1948 1949 1950 1951 1952 1953 1954 1955 1956 1957 1958 1959 1960 1961 1962 1963 1964 1965 1966
japan,1886,2025,inflation_adjusted,start,0.8,,,,,,60,0,6,81,0,0,0.0,0.0,0.0,1886 1887 1888 1889 1890 1891 1892 1893 1894 1895 1896 1897 1898 1899 1900 1901 1902 1903 1904 1905 1906 1907 1908 1909 1910 1911 1912 1913 1914 1915 1916 1917 1918 1919 1920 1921 1922 1923 1924 1925 1926 1927 1928 1929 1930 1931 1932 1933 1934 1935 1936 1937 1938 1939 1940 1941 1942 1943 1944 1945 1946 1947 1948 1949 1950 1951 1952 1953 1954 1955 1956 1957 1958 1959 1960 1961 1962 1963 1964 1965 1966
japan,1886,2025,inflation_adjusted,start,0.8,,,,,,60,0,7,81,0,0,0.0,0.0,0.0,1886 1887 1888 1889 1890 1891 1892 1893 1894 1895 1896 1897 1898 1899 1900 1901 1902 1903 1904 1905 1906 1907 1908 1909 1910 1911 1912 1913 1914 1915 1916 1917 1918 1919 1920 1921 1922 1923 1924 1925 1926 1927 1928 1929 1930 1931 1932 1933 1934 1935 1936 1937 1938 1939 1940 1941 1942 1943 1944 1945 1946 1947 1948 1949 1950 1951 1952 1953 1954 1955 1956 1957 1958 1959 1960 1961 1962 1963 1964 1965 1966
japan,1886,2025,inflation_adjusted,start,0.8,,,,,,60,0,8,81,0,0,0.0,0.0,0.0,1886 1887 1888 1889 1890 1891 1892 1893 1894 1895 1896 1897 1898 1899 1900 1901 1902 1903 1904 1905 1906 1907 1908 1909 1910 1911 1912 1913 1914 1915 1916 1917 1918 1919 1920 1921 1922 1923 1924 1925 1926 1927 1928 1929 1930 1931 1932 1933 1934 1935 1936 1937 1938 1939 1940 1941 1942 1943 1944 1945 1946 1947 1948 1949 1950 1951 1952 1953 1954 1955 1956 1957 1958 1959 1960 1961 1962 1963 1964 1965 1966
japan,1886,2025,inflation_adjusted,start,0.8,,,,,,60,0,9,81,0,0,0.0,0.0,0.0,1886 1887 1888 1889 1890 1891 1892 1893 1894 1895 1896 1897 1898 1899 1900 1901 1902 1903 1904 1905 1906 1907 1908 1909 1910 1911 1912 1913 1914 1915 1916 1917 1918 1919 1920 1921 1922 1923 1924 1925 1926 1927 1928 1929 1930 1931 1932 1933 1934 1935 1936 1937 1938 1939 1940 1941 1942 1943 1944 1945 1946 1947 1948 1949 1950 1951 1952 1953 1954 1955 1956 1957 1958 1959 1960 1961 1962 1963 1964 1965 1966
japan,1886,2025,inflation_adjusted,start,0.8,,,,,,60,0,10,81,0,0,0.0,0.0,0.0,1886 1887 1888 1889 1890 1891 1892 1893 1894 1895 1896 1897 1898 1899 1900 1901 1902 1903 1904 1905 1906 1907 1908 1909 1910 1911 1912 1913 1914 1915 1916 1917 1918 1919 1920 1921 1922 1923 1924 1925 1926 1927 1928 1929 1930 1931 1932 1933 1934 1935 1936 1937 1938 1939 1940 1941 1942 1943 1944 1945 1946 1947 1948 1949 1950 1951 1952 1953 1954 1955 1956 1957 1958 1959 1960 1961 1962 1963 1964 1965 1966
japan,1886,2025,inflation_adjusted,start,0.8,,,,,,60,0,11,81,0,0,0.0,0.0,0.0,1886 1887 1888 1889 1890 1891 1892 1893 1894 1895 1896 1897 1898 1899 1900 1901 1902 1903 1904 1905 1906 1907 1908 1909 1910 1911 1912 1913 1914 1915 1916 1917 1918 1919 1920 1921 1922 1923 1924 1925 1926 1927 1928 1929 1930 1931 1932 1933 1934 1935 1936 1937 1938 1939 1940 1941 1942 1943 1944 1945 1946 1947 1948 1949 1950 1951 1952 1953 1954 1955 1956 1957 1958 1959 1960 1961 1962 1963 1964 1965 1966
japan,1886,2025,inflation_adjusted,start,0.8,,,,,,60,0,12,81,0,0,0.0,0.0,0.0,1886 1887 1888 1889 1890 1891 1892 1893 1894 1895 1896 1897 1898 1899 1900 1901 1902 1903 1904 1905 1906 1907 1908 1909 1910 1911 1912 1913 1914 1915 1916 1917 1918 1919 1920 1921 1922 1923 1924 1925 1926 1927 1928 1929 1930 1931 1932 1933 1934 1935 1936 1937 1938 1939 1940 1941 1942 1943 1944 1945 1946 1947 1948 1949 1950 1951 1952 1953 1954 1955 1956 1957 1958 1959 1960 1961 1962 1963 1964 1965 1966
japan,1886,2025,nominal,start,0.8,,,,,,15,100,3,110,16,110,100.0,2452.0,84.0,
japan,1886,2025,nominal,start,0.8,,,,,,15,100,4,110,16,109,99.1,2153.0,0.0,1990
japan,1886,2025,nominal,start,0.8,,,,,,15,100,5,110,16,106,96.4,1872.0,0.0,1989 1990 1991 1992
japan,1886,2025,nominal,start,0.8,,,,,,15,100,6,110,16,96,87.3,1649.0,0.0,1897 1988 1989 1990 1991 1992 1994 1995 1997 1998 2000 2001 2007 2008
japan,1886,2025,nominal,start,0.8,,,,,,15,100,7,110,16,89,80.9,1403.0,0.0,1897 1920 1921 1988 1989 1990 1991 1992 1993 1994 1995 1996 1997 1998 1999 2000 2001 2002 2006 2007 2008
japan,1886,2025,nominal,start,0.8,,,,,,15,100,8,110,16,79,71.8,1116.0,0.0,1896 1897 1907 1920 1921 1922 1926 1927 1928 1929 1987 1988 1989 1990 1991 1992 1993 1994 1995 1996 1997 1998 1999 2000 2001 2002 2005 2006 2007 2008 2009
japan,1886,2025,nominal,start,0.8,,,,,,15,100,9,110,16,70,63.6,836.0,0.0,1896 1897 1898 1907 1917 1919 1920 1921 1922 1923 1924 1925 1926 1927 1928 1929 1930 1987 1988 1989 1990 1991 1992 1993 1994 1995 1996 1997 1998 1999 2000 2001 2002 2003 2004 2005 2006 2007 2008 2009
japan,1886,2025,nominal,start,0.8,,,,,,15,100,10,110,16,65,59.1,489.0,0.0,1895 1896 1897 1898 1907 1908 1917 1918 1919 1920 1921 1922 1923 1924 1925 1926 1927 1928 1929 1930 1974 1986 1987 1988 1989 1990 1991 1992 1993 1994 1995 1996 1997 1998 1999 2000 2001 2002 2003 2004 2005 2006 2007 2008 2009
japan,1886,2025,nominal,start,0.8,,,,,,15,100,11,110,16,58,52.7,128.0,0.0,1887 1890 1893 1895 1896 1897 1898 1900 1907 1908 1911 1917 1918 1919 1920 1921 1922 1923 1924 1925 1926 1927 1928 1929 1930 1962 1974 1986 1987 1988 1989 1990 1991 1992 1993 1994 1995 1996 1997 1998 1999 2000 2001 2002 2003 2004 2005 2006 2007 2008 2009 2010
japan,1886,2025,nominal,start,0.8,,,,,,15,100,12,110,16,50,45.5,0.0,0.0,1887 1888 1890 1893 1894 1895 1896 1897 1898 1900 1907 1908 1911 1917 1918 1919 1920 1921 1922 1923 1924 1925 1926 1927 1928 1929 1930 1961 1962 1963 1964 1973 1974 1985 1986 1987 1988 1989 1990 1991 1992 1993 1994 1995 1996 1997 1998 1999 2000 2001 2002 2003 2004 2005 2006 2007 2008 2009 2010 2011
japan,1886,2025,nominal,start,0.8,,,,,,15,75,3,110,16,110,100.0,2295.0,284.0,
japan,1886,2025,nominal,start,0.8,,,,,,15,75,4,110,16,110,100.0,2017.0,142.0,
japan,1886,2025,nominal,start,0.8,,,,,,15,75,5,110,16,110,100.0,1747.0,1.0,
japan,1886,2025,nominal,start,0.8,,,,,,15,75,6,110,16,104,94.5,1502.0,0.0,1989 1990 1991 1992 1997 2001
japan,1886,2025,nominal,start,0.8,,,,,,15,75,7,110,16,94,85.5,1237.0,0.0,1897 1988 1989 1990 1991 1992 1994 1995 1996 1997 1998 2000 2001 2002 2007 2008
japan,1886,2025,nominal,start,0.8,,,,,,15,75,8,110,16,86,78.2,954.0,0.0,1897 1920 1921 1927 1929 1988 1989 1990 1991 1992 1993 1994 1995 1996 1997 1998 1999 2000 2001 2002 2005 2006 2007 2008
japan,1886,2025,nominal,start,0.8,,,,,,15,75,9,110,16,72,65.5,645.0,0.0,1896 1897 1907 1917 1919 1920 1921 1922 1924 1925 1926 1927 1928 1929 1930 1987 1988 1989 1990 1991 1992 1993 1994 1995 1996 1997 1998 1999 2000 2001 2002 2003 2004 2005 2006 2007 2008 2009
japan,1886,2025,nominal,start,0.8,,,,,,15,75,10,110,16,68,61.8,306.0,0.0,1896 1897 1898 1907 1908 1917 1918 1919 1920 1921 1922 1923 1924 1925 1926 1927 1928 1929 1930 1987 1988 1989 1990 1991 1992 1993 1994 1995 1996 1997 1998 1999 2000 2001 2002 2003 2004 2005 2006 2007 2008 2009
japan,1886,2025,nominal,start,0.8,,,,,,15,75,11,110,16,55,50.0,35.0,0.0,1887 1890 1893 1894 1895 1896 1897 1898 1900 1907 1908 1911 1917 1918 1919 1920 1921 1922 1923 1924 1925 1926 1927 1928 1929 1930 1961 1962 1974 1986 1987 1988 1989 1990 1991 1992 1993 1994 1995 1996 1997 1998 1999 2000 2001 2002 2003 2004 2005 2006 2007 2008 2009 2010 2011
japan,1886,2025,nominal,start,0.8,,,,,,15,75,12,110,16,46,41.8,0.0,0.0,1887 1888 1889 1890 1893 1894 1895 1896 1897 1898 1899 1900 1907 1908 1910 1911 1917 1918 1919 1920 1921 1922 1923 1924 1925 1926 1927 1928 1929 1930 1931 1961 1962 1963 1964 1973 1974 1985 1986 1987 1988 1989 1990 1991 1992 1993 1994 1995 1996 1997 1998 1999 2000 2001 2002 2003 2004 2005 2006 2007 2008 2009 2010 2011
japan,1886,2025,nominal,start,0.8,,,,,,15,50,3,110,16,110,100.0,2017.0,543.0,
japan,1886,2025,nominal,start,0.8,,,,,,15,50,4,110,16,110,100.0,1749.0,399.0,
japan,1886,2025,nominal,start,0.8,,,,,,15,50,5,110,16,110,100.0,1474.0,243.0,
japan,1886,2025,nominal,start,0.8,,,,,,15,50,6,110,16,110,100.0,1222.0,81.0,
japan,1886,2025,nominal,start,0.8,,,,,,15,50,7,110,16,105,95.5,977.0,0.0,1990 1997 1998 2000 2001
japan,1886,2025,nominal,start,0.8,,,,,,15,50,8,110,16,89,80.9,728.0,0.0,1897 1920 1988 1989 1990 1991 1992 1994 1995 1996 1997 1998 1999 2000 2001 2002 2003 2005 2006 2007 2008
japan,1886,2025,nominal,start,0.8,,,,,,15,50,9,110,16,76,69.1,453.0,0.0,1896 1897 1907 1917 1919 1920 1921 1922 1926 1927 1928 1929 1988 1989 1990 1991 1992 1993 1994 1995 1996 1997 1998 1999 2000 2001 2002 2003 2004 2005 2006 2007 2008 2009
japan,1886,2025,nominal,start,0.8,,,,,,15,50,10,110,16,65,59.1,172.0,0.0,1895 1896 1897 1898 1907 1908 1911 1917 1918 1919 1920 1921 1922 1923 1924 1925 1926 1927 1928 1929 1930 1987 1988 1989 1990 1991 1992 1993 1994 1995 1996 1997 1998 1999 2000 2001 2002 2003 2004 2005 2006 2007 2008 2009 2010
japan,1886,2025,nominal,start,0.8,,,,,,15,50,11,110,16,48,43.6,0.0,0.0,1887 1888 1890 1893 1894 1895 1896 1897 1898 1899 1900 1907 1908 1910 1911 1912 1917 1918 1919 1920 1921 1922 1923 1924 1925 1926 1927 1928 1929 1930 1961 1962 1963 1964 1973 1974 1986 1987 1988 1989 1990 1991 1992 1993 1994 1995 1996 1997 1998 1999 2000 2001 2002 2003 2004 2005 2006 2007 2008 2009 2010 2011
japan,1886,2025,nominal,start,0.8,,,,,,15,50,12,110,16,34,30.9,0.0,0.0,1887 1888 1889 1890 1891 1892 1893 1894 1895 1896 1897 1898 1899 1900 1901 1903 1904 1906 1907 1908 1910 1911 1912 1913 1917 1918 1919 1920 1921 1922 1923 1924 1925 1926 1927 1928 1929 1930 1931 1960 1961 1962 1963 1964 1973 1974 1975 1978 1979 1985 1986 1987 1988 1989 1990 1991 1992 1993 1994 1995 1996 1997 1998 1999 2000 2001 2002 2003 2004 2005 2006 2007 2008 2009 2010 2011
japan,1886,2025,nominal,start,0.8,,,,,,15,25,3,110,16,110,100.0,1639.0,692.0,
japan,1886,2025,nominal,start,0.8,,,,,,15,25,4,110,16,110,100.0,1393.0,532.0,
japan,1886,2025,nominal,start,0.8,,,,,,15,25,5,110,16,110,100.0,1157.0,372.0,
japan,1886,2025,nominal,start,0.8,,,,,,15,25,6,110,16,110,100.0,926.0,212.0,
japan,1886,2025,nominal,start,0.8,,,,,,15,25,7,110,16,110,100.0,690.0,29.0,
japan,1886,2025,nominal,start,0.8,,,,,,15,25,8,110,16,98,89.1,456.0,0.0,1994 1997 1998 1999 2000 2001 2002 2003 2005 2006 2007 2008
japan,1886,2025,nominal,start,0.8,,,,,,15,25,9,110,16,79,71.8,222.0,0.0,1894 1896 1897 1907 1911 1917 1920 1929 1988 1989 1990 1991 1992 1993 1994 1995 1996 1997 1998 1999 2000 2001 2002 2003 2004 2005 2006 2007 2008 2009 2010
japan,1886,2025,nominal,start,0.8,,,,,,15,25,10,110,16,54,49.1,0.0,0.0,1887 1890 1893 1894 1895 1896 1897 1898 1899 1900 1907 1908 1910 1911 1912 1917 1918 1919 1920 1921 1922 1923 1924 1925 1926 1927 1928 1929 1930 1962 1986 1987 1988 1989 1990 1991 1992 1993 1994 1995 1996 1997 1998 1999 2000 2001 2002 2003 2004 2005 2006 2007 2008 2009 2010 2011
japan,1886,2025,nominal,start,0.8,,,,,,15,25,11,110,16,31,28.2,0.0,0.0,1887 1888 1889 1890 1891 1892 1893 1894 1895 1896 1897 1898 1899 1900 1901 1903 1904 1906 1907 1908 1909 1910 1911 1912 1913 1914 1916 1917 1918 1919 1920 1921 1922 1923 1924 1925 1926 1927 1928 1929 1930 1931 1960 1961 1962 1963 1964 1965 1973 1974 1978 1979 1985 1986 1987 1988 1989 1990 1991 1992 1993 1994 1995 1996 1997 1998 1999 2000 2001 2002 2003 2004 2005 2006 2007 2008 2009 2010 2011
japan,1886,2025,nominal,start,0.8,,,,,,15,25,12,110,16,6,5.5,0.0,0.0,1887 1888 1889 1890 1891 1892 1893 1894 1895 1896 1897 1898 1899 1900 1901 1902 1903 1904 1905 1906 1907 1908 1909 1910 1911 1912 1913 1914 1915 1916 1917 1918 1919 1920 1921 1922 1923 1924 1925 1926 1927 1928 1929 1930 1931 1950 1953 1954 1955 1956 1957 1958 1959 1960 1961 1962 1963 1964 1965 1966 1967 1968 1969 1970 1971 1972 1973 1974 1975 1976 1977 1978 1979 1980 1982 1983 1984 1985 1986 1987 1988 1989 1990 1991 1992 1993 1994 1995 1996 1997 1998 1999 2000 2001 2002 2003 2004 2005 2006 2007 2008 2009 2010 2011
japan,1886,2025,nominal,start,0.8,,,,,,15,0,3,126,0,126,100.0,1311.0,779.0,
japan,1886,2025,nominal,start,0.8,,,,,,15,0,4,126,0,126,100.0,1090.0,623.0,
japan,1886,2025,nominal,start,0.8,,,,,,15,0,5,126,0,126,100.0,883.0,432.0,
japan,1886,2025,nominal,start,0.8,,,,,,15,0,6,126,0,126,100.0,670.0,238.0,
japan,1886,2025,nominal,start,0.8,,,,,,15,0,7,126,0,126,100.0,448.0,44.0,
japan,1886,2025,nominal,start,0.8,,,,,,15,0,8,126,0,111,88.1,242.0,0.0,1893 1894 1910 1911 1998 1999 2000 2001 2002 2003 2004 2005 2006 2009 2011
japan,1886,2025,nominal,start,0.8,,,,,,15,0,9,126,0,68,54.0,13.0,0.0,1888 1890 1892 1893 1894 1895 1896 1897 1898 1899 1900 1901 1903 1904 1906 1907 1908 1909 1910 1911 1912 1913 1914 1916 1917 1918 1933 1934 1935 1936 1937 1938 1939 1940 1941 1942 1943 1944 1945 1946 1947 1994 1996 1997 1998 1999 2000 2001 2002 2003 2004 2005 2006 2007 2008 2009 2010 2011
japan,1886,2025,nominal,start,0.8,,,,,,15,0,10,126,0,11,8.7,0.0,0.0,1887 1888 1889 1890 1891 1892 1893 1894 1895 1896 1897 1898 1899 1900 1901 1902 1903 1904 1905 1906 1907 1908 1909 1910 1911 1912 1913 1914 1915 1916 1917 1918 1919 1920 1921 1922 1923 1924 1925 1926 1927 1928 1929 1930 1931 1932 1933 1934 1935 1936 1937 1938 1939 1940 1941 1942 1943 1944 1945 1946 1947 1948 1949 1950 1951 1952 1953 1954 1955 1956 1957 1958 1959 1960 1961 1962 1963 1964 1965 1966 1967 1968 1969 1970 1971 1972 1973 1978 1979 1985 1986 1987 1988 1989 1990 1992 1993 1994 1995 1996 1997 1998 1999 2000 2001 2002 2003 2004 2005 2006 2007 2008 2009 2010 2011
japan,1886,2025,nominal,start,0.8,,,,,,15,0,11,126,0,1,0.8,0.0,0.0,1886 1887 1888 1889 1890 1891 1892 1893 1894 1895 1896 1897 1898 1899 1900 1901 1902 1903 1904 1905 1906 1907 1908 1909 1910 1911 1912 1913 1914 1915 1916 1917 1918 1919 1920 1921 1922 1923 1924 1925 1926 1927 1928 1929 1930 1931 1932 1933 1934 1935 1936 1937 1938 1939 1940 1941 1942 1943 1944 1945 1946 1947 1948 1949 1950 1951 1952 1953 1954 1955 1956 1957 1958 1959 1960 1961 1962 1963 1964 1965 1966 1967 1968 1969 1970 1971 1972 1973 1974 1975 1976 1977 1978 1979 1980 1982 1983 1984 1985 1986 1987 1988 1989 1990 1991 1992 1993 1994 1995 1996 1997 1998 1999 2000 2001 2002 2003 2004 2005 2006 2007 2008 2009 2010 2011
japan,1886,2025,nominal,start,0.8,,,,,,15,0,12,126,0,0,0.0,0.0,0.0,1886 1887 1888 1889 1890 1891 1892 1893 1894 1895 1896 1897 1898 1899 1900 1901 1902 1903 1904 1905 1906 1907 1908 1909 1910 1911 1912 1913 1914 1915 1916 1917 1918 1919 1920 1921 1922 1923 1924 1925 1926 1927 1928 1929 1930 1931 1932 1933 1934 1935 1936 1937 1938 1939 1940 1941 1942 1943 1944 1945 1946 1947 1948 1949 1950 1951 1952 1953 1954 1955 1956 1957 1958 1959 1960 1961 1962 1963 1964 1965 1966 1967 1968 1969 1970 1971 1972 1973 1974 1975 1976 1977 1978 1979 1980 1981 1982 1983 1984 1985 1986 1987 1988 1989 1990 1991 1992 1993 1994 1995 1996 1997 1998 1999 2000 2001 2002 2003 2004 2005 2006 2007 2008 2009 2010 2011
japan,1886,2025,nominal,start,0.8,,,,,,20,100,3,100,21,99,99.0,3479.0,0.0,1990
japan,1886,2025,nominal,start,0.8,,,,,,20,100,4,100,21,92,92.0,3053.0,0.0,1988 1989 1990 1991 1992 1994 1995 1997
japan,1886,2025,nominal,start,0.8,,,,,,20,100,5,100,21,86,86.0,2491.0,0.0,1897 1988 1989 1990 1991 1992 1993 1994 1995 1996 1997 1998 2000 2001
japan,1886,2025,nominal,start,0.8,,,,,,20,100,6,100,21,80,80.0,1964.0,0.0,1897 1920 1921 1987 1988 1989 1990 1991 1992 1993 1994 1995 1996 1997 1998 1999 2000 2001 2002 2006
japan,1886,2025,nominal,start,0.8,,,,,,20,100,7,100,21,71,71.0,1512.0,0.0,1897 1907 1917 1919 1920 1921 1922 1925 1926 1986 1987 1988 1989 1990 1991 1992 1993 1994 1995 1996 1997 1998 1999 2000 2001 2002 2003 2005 2006
japan,1886,2025,nominal,start,0.8,,,,,,20,100,8,100,21,65,65.0,998.0,0.0,1896 1897 1898 1907 1917 1918 1919 1920 1921 1922 1923 1924 1925 1926 1986 1987 1988 1989 1990 1991 1992 1993 1994 1995 1996 1997 1998 1999 2000 2001 2002 2003 2004 2005 2006
japan,1886,2025,nominal,start,0.8,,,,,,20,100,9,100,21,62,62.0,641.0,0.0,1895 1896 1897 1898 1907 1908 1917 1918 1919 1920 1921 1922 1923 1924 1925 1926 1985 1986 1987 1988 1989 1990 1991 1992 1993 1994 1995 1996 1997 1998 1999 2000 2001 2002 2003 2004 2005 2006
japan,1886,2025,nominal,start,0.8,,,,,,20,100,10,100,21,53,53.0,288.0,0.0,1887 1890 1893 1894 1895 1896 1897 1898 1900 1907 1908 1911 1917 1918 1919 1920 1921 1922 1923 1924 1925 1926 1962 1974 1984 1985 1986 1987 1988 1989 1990 1991 1992 1993 1994 1995 1996 1997 1998 1999 2000 2001 2002 2003 2004 2005 2006
japan,1886,2025,nominal,start,0.8,,,,,,20,100,11,100,21,46,46.0,0.0,0.0,1887 1888 1889 1890 1893 1894 1895 1896 1897 1898 1900 1907 1908 1911 1917 1918 1919 1920 1921 1922 1923 1924 1925 1926 1961 1962 1963 1964 1973 1974 1982 1984 1985 1986 1987 1988 1989 1990 1991 1992 1993 1994 1995 1996 1997 1998 1999 2000 2001 2002 2003 2004 2005 2006
japan,1886,2025,nominal,start,0.8,,,,,,20,100,12,100,21,34,34.0,0.0,0.0,1887 1888 1889 1890 1893 1894 1895 1896 1897 1898 1899 1900 1906 1907 1908 1910 1911 1912 1913 1917 1918 1919 1920 1921 1922 1923 1924 1925 1926 1961 1962 1963 1964 1973 1974 1975 1977 1978 1979 1980 1981 1982 1983 1984 1985 1986 1987 1988 1989 1990 1991 1992 1993 1994 1995 1996 1997 1998 1999 2000 2001 2002 2003 2004 2005 2006
japan,1886,2025,nominal,start,0.8,,,,,,20,75,3,100,21,100,100.0,3166.0,136.0,
japan,1886,2025,nominal,start,0.8,,,,,,20,75,4,100,21,99,99.0,2672.0,0.0,1990
japan,1886,2025,nominal,start,0.8,,,,,,20,75,5,100,21,91,91.0,2219.0,0.0,1988 1989 1990 1991 1992 1994 1995 1997 2001
japan,1886,2025,nominal,start,0.8,,,,,,20,75,6,100,21,83,83.0,1758.0,0.0,1897 1920 1988 1989 1990 1991 1992 1993 1994 1995 1996 1997 1998 1999 2000 2001 2002
japan,1886,2025,nominal,start,0.8,,,,,,20,75,7,100,21,78,78.0,1308.0,0.0,1897 1920 1921 1987 1988 1989 1990 1991 1992 1993 1994 1995 1996 1997 1998 1999 2000 2001 2002 2003 2005 2006
japan,1886,2025,nominal,start,0.8,,,,,,20,75,8,100,21,66,66.0,886.0,0.0,1896 1897 1907 1917 1918 1919 1920 1921 1922 1923 1924 1925 1926 1986 1987 1988 1989 1990 1991 1992 1993 1994 1995 1996 1997 1998 1999 2000 2001 2002 2003 2004 2005 2006
japan,1886,2025,nominal,start,0.8,,,,,,20,75,9,100,21,61,61.0,470.0,0.0,1895 1896 1897 1898 1907 1908 1911 1917 1918 1919 1920 1921 1922 1923 1924 1925 1926 1985 1986 1987 1988 1989 1990 1991 1992 1993 1994 1995 1996 1997 1998 1999 2000 2001 2002 2003 2004 2005 2006
japan,1886,2025,nominal,start,0.8,,,,,,20,75,10,100,21,53,53.0,100.0,0.0,1887 1890 1893 1894 1895 1896 1897 1898 1900 1907 1908 1911 1917 1918 1919 1920 1921 1922 1923 1924 1925 1926 1961 1962 1974 1985 1986 1987 1988 1989 1990 1991 1992 1993 1994 1995 1996 1997 1998 1999 2000 2001 2002 2003 2004 2005 2006
japan,1886,2025,nominal,start,0.8,,,,,,20,75,11,100,21,39,39.0,0.0,0.0,1887 1888 1889 1890 1893 1894 1895 1896 1897 1898 1899 1900 1906 1907 1908 1910 1911 1912 1913 1917 1918 1919 1920 1921 1922 1923 1924 1925 1926 1961 1962 1963 1964 1973 1974 1975 1979 1982 1984 1985 1986 1987 1988 1989 1990 1991 1992 1993 1994 1995 1996 1997 1998 1999 2000 2001 2002 2003 2004 2005 2006
japan,1886,2025,nominal,start,0.8,,,,,,20,75,12,100,21,24,24.0,0.0,0.0,1887 1888 1889 1890 1891 1893 1894 1895 1896 1897 1898 1899 1900 1901 1903 1904 1906 1907 1908 1909 1910 1911 1912 1913 1914 1916 1917 1918 1919 1920 1921 1922 1923 1924 1925 1926 1960 1961 1962 1963 1964 1965 1973 1974 1975 1976 1977 1978 1979 1980 1981 1982 1983 1984 1985 1986 1987 1988 1989 1990 1991 1992 1993 1994 1995 1996 1997 1998 1999 2000 2001 2002 2003 2004 2005 2006
japan,1886,2025,nominal,start,0.8,,,,,,20,50,3,100,21,100,100.0,2757.0,415.0,
japan,1886,2025,nominal,start,0.8,,,,,,20,50,4,100,21,100,100.0,2364.0,217.0,
japan,1886,2025,nominal,start,0.8,,,,,,20,50,5,100,21,100,100.0,1975.0,19.0,
japan,1886,2025,nominal,start,0.8,,,,,,20,50,6,100,21,88,88.0,1572.0,0.0,1988 1989 1990 1991 1992 1994 1995 1996 1997 1998 2000 2001
japan,1886,2025,nominal,start,0.8,,,,,,20,50,7,100,21,79,79.0,1113.0,0.0,1897 1920 1987 1988 1989 1990 1991 1992 1993 1994 1995 1996 1997 1998 1999 2000 2001 2002 2003 2005 2006
japan,1886,2025,nominal,start,0.8,,,,,,20,50,8,100,21,66,66.0,659.0,0.0,1896 1897 1907 1917 1918 1919 1920 1921 1922 1923 1924 1925 1926 1986 1987 1988 1989 1990 1991 1992 1993 1994 1995 1996 1997 1998 1999 2000 2001 2002 2003 2004 2005 2006
japan,1886,2025,nominal,start,0.8,,,,,,20,50,9,100,21,56,56.0,213.0,0.0,1887 1890 1893 1894 1895 1896 1897 1898 1900 1907 1908 1911 1917 1918 1919 1920 1921 1922 1923 1924 1925 1926 1985 1986 1987 1988 1989 1990 1991 1992 1993 1994 1995 1996 1997 1998 1999 2000 2001 2002 2003 2004 2005 2006
japan,1886,2025,nominal,start,0.8,,,,,,20,50,10,100,21,42,42.0,0.0,0.0,1887 1888 1889 1890 1893 1894 1895 1896 1897 1898 1899 1900 1906 1907 1908 1910 1911 1912 1913 1917 1918 1919 1920 1921 1922 1923 1924 1925 1926 1961 1962 1963 1964 1973 1974 1984 1985 1986 1987 1988 1989 1990 1991 1992 1993 1994 1995 1996 1997 1998 1999 2000 2001 2002 2003 2004 2005 2006
japan,1886,2025,nominal,start,0.8,,,,,,20,50,11,100,21,23,23.0,0.0,0.0,1887 1888 1889 1890 1891 1892 1893 1894 1895 1896 1897 1898 1899 1900 1901 1903 1904 1906 1907 1908 1909 1910 1911 1912 1913 1914 1916 1917 1918 1919 1920 1921 1922 1923 1924 1925 1926 1960 1961 1962 1963 1964 1965 1973 1974 1975 1976 1977 1978 1979 1980 1981 1982 1983 1984 1985 1986 1987 1988 1989 1990 1991 1992 1993 1994 1995 1996 1997 1998 1999 2000 2001 2002 2003 2004 2005 2006
japan,1886,2025,nominal,start,0.8,,,,,,20,50,12,100,21,9,9.0,0.0,0.0,1887 1888 1889 1890 1891 1892 1893 1894 1895 1896 1897 1898 1899 1900 1901 1902 1903 1904 1905 1906 1907 1908 1909 1910 1911 1912 1913 1914 1915 1916 1917 1918 1919 1920 1921 1922 1923 1924 1925 1926 1954 1957 1958 1959 1960 1961 1962 1963 1964 1965 1966 1967 1968 1969 1970 1971 1972 1973 1974 1975 1976 1977 1978 1979 1980 1981 1982 1983 1984 1985 1986 1987 1988 1989 1990 1991 1992 1993 1994 1995 1996 1997 1998 1999 2000 2001 2002 2003 2004 2005 2006
japan,1886,2025,nominal,start,0.8,,,,,,20,25,3,100,21,100,100.0,2216.0,826.0,
japan,1886,2025,nominal,start,0.8,,,,,,20,25,4,100,21,100,100.0,1818.0,545.0,
japan,1886,2025,nominal,start,0.8,,,,,,20,25,5,100,21,100,100.0,1428.0,246.0,
japan,1886,2025,nominal,start,0.8,,,,,,20,25,6,100,21,96,96.0,1028.0,0.0,1997 1998 2000 2001
japan,1886,2025,nominal,start,0.8,,,,,,20,25,7,100,21,81,81.0,629.0,0.0,1897 1988 1989 1990 1992 1993 1994 1995 1996 1997 1998 1999 2000 2001 2002 2003 2004 2005 2006
japan,1886,2025,nominal,start,0.8,,,,,,20,25,8,100,21,61,61.0,251.0,0.0,1893 1894 1895 1896 1897 1898 1907 1908 1910 1911 1917 1918 1919 1920 1921 1922 1925 1926 1986 1987 1988 1989 1990 1991 1992 1993 1994 1995 1996 1997 1998 1999 2000 2001 2002 2003 2004 2005 2006
japan,1886,2025,nominal,start,0.8,,,,,,20,25,9,100,21,39,39.0,0.0,0.0,1887 1888 1889 1890 1892 1893 1894 1895 1896 1897 1898 1899 1900 1901 1903 1904 1906 1907 1908 1909 1910 1911 1912 1913 1914 1916 1917 1918 1919 1920 1921 1922 1923 1924 1925 1926 1961 1962 1963 1985 1986 1987 1988 1989 1990 1991 1992 1993 1994 1995 1996 1997 1998 1999 2000 2001 2002 2003 2004 2005 2006
japan,1886,2025,nominal,start,0.8,,,,,,20,25,10,100,21,16,16.0,0.0,0.0,1887 1888 1889 1890 1891 1892 1893 1894 1895 1896 1897 1898 1899 1900 1901 1902 1903 1904 1905 1906 1907 1908 1909 1910 1911 1912 1913 1914 1915 1916 1917 1918 1919 1920 1921 1922 1923 1924 1925 1926 1954 1957 1958 1959 1960 1961 1962 1963 1964 1965 1966 1967 1968 1970 1973 1974 1975 1978 1979 1982 1983 1984 1985 1986 1987 1988 1989 1990 1991 1992 1993 1994 1995 1996 1997 1998 1999 2000 2001 2002 2003 2004 2005 2006
japan,1886,2025,nominal,start,0.8,,,,,,20,25,11,100,21,4,4.0,0.0,0.0,1886 1887 1888 1889 1890 1891 1892 1893 1894 1895 1896 1897 1898 1899 1900 1901 1902 1903 1904 1905 1906 1907 1908 1909 1910 1911 1912 1913 1914 1915 1916 1917 1918 1919 1920 1921 1922 1923 1924 1925 1926 1950 1953 1954 1955 1956 1957 1958 1959 1960 1961 1962 1963 1964 1965 1966 1967 1968 1969 1970 1971 1972 1973 1974 1975 1976 1977 1978 1979 1980 1981 1982 1983 1984 1985 1986 1987 1988 1989 1990 1991 1992 1993 1994 1995 1996 1997 1998 1999 2000 2001 2002 2003 2004 2005 2006
japan,1886,2025,nominal,start,0.8,,,,,,20,25,12,100,21,2,2.0,0.0,0.0,1886 1887 1888 1889 1890 1891 1892 1893 1894 1895 1896 1897 1898 1899 1900 1901 1902 1903 1904 1905 1906 1907 1908 1909 1910 1911 1912 1913 1914 1915 1916 1917 1918 1919 1920 1921 1922 1923 1924 1925 1926 1950 1951 1952 1953 1954 1955 1956 1957 1958 1959 1960 1961 1962 1963 1964 1965 1966 1967 1968 1969 1970 1971 1972 1973 1974 1975 1976 1977 1978 1979 1980 1981 1982 1983 1984 1985 1986 1987 1988 1989 1990 1991 1992 1993 1994 1995 1996 1997 1998 1999 2000 2001 2002 2003 2004 2005 2006
japan,1886,2025,nominal,start,0.8,,,,,,20,0,3,121,0,121,100.0,1476.0,676.0,
japan,1886,2025,nominal,start,0.8,,,,,,20,0,4,121,0,121,100.0,1139.0,434.0,
japan,1886,2025,nominal,start,0.8,,,,,,20,0,5,121,0,121,100.0,795.0,191.0,
japan,1886,2025,nominal,start,0.8,,,,,,20,0,6,121,0,120,99.2,476.0,0.0,2003
japan,1886,2025,nominal,start,0.8,,,,,,20,0,7,121,0,89,73.6,157.0,0.0,1892 1893 1894 1895 1896 1897 1900 1910 1911 1912 1934 1935 1936 1937 1938 1939 1940 1941 1942 1943 1994 1996 1997 1998 1999 2000 2001 2002 2003 2004 2005 2006
japan,1886,2025,nominal,start,0.8,,,,,,20,0,8,121,0,37,30.6,0.0,0.0,1887 1888 1889 1890 1891 1892 1893 1894 1895 1896 1897 1898 1899 1900 1901 1902 1903 1904 1905 1906 1907 1908 1909 1910 1911 1912 1913 1914 1915 1916 1917 1918 1919 1920 1927 1928 1929 1930 1931 1932 1933 1934 1935 1936 1937 1938 1939 1940 1941 1942 1943 1944 1945 1946 1947 1948 1949 1950 1951 1952 1953 1954 1955 1985 1986 1987 1988 1989 1990 1992 1993 1994 1995 1996 1997 1998 1999 2000 2001 2002 2003 2004 2005 2006
japan,1886,2025,nominal,start,0.8,,,,,,20,0,9,121,0,6,5.0,0.0,0.0,1886 1887 1888 1889 1890 1891 1892 1893 1894 1895 1896 1897 1898 1899 1900 1901 1902 1903 1904 1905 1906 1907 1908 1909 1910 1911 1912 1913 1914 1915 1916 1917 1918 1919 1920 1921 1922 1923 1924 1925 1926 1927 1928 1929 1930 1931 1932 1933 1934 1935 1936 1937 1938 1939 1940 1941 1942 1943 1944 1945 1946 1947 1948 1949 1950 1951 1952 1953 1954 1955 1956 1957 1958 1959 1960 1961 1962 1963 1964 1965 1966 1967 1968 1969 1970 1971 1972 1973 1978 1979 1982 1983 1984 1985 1986 1987 1988 1989 1990 1991 1992 1993 1994 1995 1996 1997 1998 1999 2000 2001 2002 2003 2004 2005 2006
japan,1886,2025,nominal,start,0.8,,,,,,20,0,10,121,0,0,0.0,0.0,0.0,1886 1887 1888 1889 1890 1891 1892 1893 1894 1895 1896 1897 1898 1899 1900 1901 1902 1903 1904 1905 1906 1907 1908 1909 1910 1911 1912 1913 1914 1915 1916 1917 1918 1919 1920 1921 1922 1923 1924 1925 1926 1927 1928 1929 1930 1931 1932 1933 1934 1935 1936 1937 1938 1939 1940 1941 1942 1943 1944 1945 1946 1947 1948 1949 1950 1951 1952 1953 1954 1955 1956 1957 1958 1959 1960 1961 1962 1963 1964 1965 1966 1967 1968 1969 1970 1971 1972 1973 1974 1975 1976 1977 1978 1979 1980 1981 1982 1983 1984 1985 1986 1987 1988 1989 1990 1991 1992 1993 1994 1995 1996 1997 1998 1999 2000 2001 2002 2003 2004 2005 2006
japan,1886,2025,nominal,start,0.8,,,,,,20,0,11,121,0,0,0.0,0.0,0.0,1886 1887 1888 1889 1890 1891 1892 1893 1894 1895 1896 1897 1898 1899 1900 1901 1902 1903 1904 1905 1906 1907 1908 1909 1910 1911 1912 1913 1914 1915 1916 1917 1918 1919 1920 1921 1922 1923 1924 1925 1926 1927 1928 1929 1930 1931 1932 1933 1934 1935 1936 1937 1938 1939 1940 1941 1942 1943 1944 1945 1946 1947 1948 1949 1950 1951 1952 1953 1954 1955 1956 1957 1958 1959 1960 1961 1962 1963 1964 1965 1966 1967 1968 1969 1970 1971 1972 1973 1974 1975 1976 1977 1978 1979 1980 1981 1982 1983 1984 1985 1986 1987 1988 1989 1990 1991 1992 1993 1994 1995 1996 1997 1998 1999 2000 2001 2002 2003 2004 2005 2006
japan,1886,2025,nominal,start,0.8,,,,,,20,0,12,121,0,0,0.0,0.0,0.0,1886 1887 1888 1889 1890 1891 1892 1893 1894 1895 1896 1897 1898 1899 1900 1901 1902 1903 1904 1905 1906 1907 1908 1909 1910 1911 1912 1913 1914 1915 1916 1917 1918 1919 1920 1921 1922 1923 1924 1925 1926 1927 1928 1929 1930 1931 1932 1933 1934 1935 1936 1937 1938 1939 1940 1941 1942 1943 1944 1945 1946 1947 1948 1949 1950 1951 1952 1953 1954 1955 1956 1957 1958 1959 1960 1961 1962 1963 1964 1965 1966 1967 1968 1969 1970 1971 1972 1973 1974 1975 1976 1977 1978 1979 1980 1981 1982 1983 1984 1985 1986 1987 1988 1989 1990 1991 1992 1993 1994 1995 1996 1997 1998 1999 2000 2001 2002 2003 2004 2005 2006
japan,1886,2025,nominal,start,0.8,,,,,,25,100,3,90,26,85,94.4,4953.0,0.0,1988 1989 1990 1991 1992
japan,1886,2025,nominal,start,0.8,,,,,,25,100,4,90,26,78,86.7,4068.0,0.0,1988 1989 1990 1991 1992 1993 1994 1995 1996 1997 1998 2001
japan,1886,2025,nominal,start,0.8,,,,,,25,100,5,90,26,72,80.0,3179.0,0.0,1897 1920 1921 1987 1988 1989 1990 1991 1992 1993 1994 1995 1996 1997 1998 1999 2000 2001
japan,1886,2025,nominal,start,0.8,,,,,,25,100,6,90,26,71,78.9,2538.0,0.0,1897 1920 1921 1986 1987 1988 1989 1990 1991 1992 1993 1994 1995 1996 1997 1998 1999 2000 2001
japan,1886,2025,nominal,start,0.8,,,,,,25,100,7,90,26,65,72.2,1873.0,0.0,1896 1897 1907 1917 1918 1919 1920 1921 1985 1986 1987 1988 1989 1990 1991 1992 1993 1994 1995 1996 1997 1998 1999 2000 2001
japan,1886,2025,nominal,start,0.8,,,,,,25,100,8,90,26,62,68.9,1244.0,0.0,1896 1897 1898 1907 1908 1917 1918 1919 1920 1921 1984 1985 1986 1987 1988 1989 1990 1991 1992 1993 1994 1995 1996 1997 1998 1999 2000 2001
japan,1886,2025,nominal,start,0.8,,,,,,25,100,9,90,26,55,61.1,547.0,0.0,1887 1890 1895 1896 1897 1898 1907 1908 1911 1917 1918 1919 1920 1921 1962 1974 1982 1984 1985 1986 1987 1988 1989 1990 1991 1992 1993 1994 1995 1996 1997 1998 1999 2000 2001
japan,1886,2025,nominal,start,0.8,,,,,,25,100,10,90,26,42,46.7,0.0,0.0,1887 1888 1890 1893 1894 1895 1896 1897 1898 1900 1907 1908 1910 1911 1912 1913 1917 1918 1919 1920 1921 1961 1962 1973 1974 1979 1980 1981 1982 1983 1984 1985 1986 1987 1988 1989 1990 1991 1992 1993 1994 1995 1996 1997 1998 1999 2000 2001
japan,1886,2025,nominal,start,0.8,,,,,,25,100,11,90,26,31,34.4,0.0,0.0,1887 1888 1889 1890 1893 1894 1895 1896 1897 1898 1899 1900 1906 1907 1908 1910 1911 1912 1913 1914 1916 1917 1918 1919 1920 1921 1961 1962 1963 1964 1973 1974 1975 1976 1977 1978 1979 1980 1981 1982 1983 1984 1985 1986 1987 1988 1989 1990 1991 1992 1993 1994 1995 1996 1997 1998 1999 2000 2001
japan,1886,2025,nominal,start,0.8,,,,,,25,100,12,90,26,26,28.9,0.0,0.0,1887 1888 1889 1890 1891 1893 1894 1895 1896 1897 1898 1899 1900 1901 1904 1906 1907 1908 1909 1910 1911 1912 1913 1914 1916 1917 1918 1919 1920 1921 1960 1961 1962 1963 1964 1973 1974 1975 1976 1977 1978 1979 1980 1981 1982 1983 1984 1985 1986 1987 1988 1989 1990 1991 1992 1993 1994 1995 1996 1997 1998 1999 2000 2001
japan,1886,2025,nominal,start,0.8,,,,,,25,75,3,90,26,89,98.9,4370.0,0.0,1990
japan,1886,2025,nominal,start,0.8,,,,,,25,75,4,90,26,84,93.3,3583.0,0.0,1988 1989 1990 1991 1992 1997
japan,1886,2025,nominal,start,0.8,,,,,,25,75,5,90,26,77,85.6,2822.0,0.0,1988 1989 1990 1991 1992 1993 1994 1995 1996 1997 1998 2000 2001
japan,1886,2025,nominal,start,0.8,,,,,,25,75,6,90,26,72,80.0,2173.0,0.0,1897 1920 1921 1987 1988 1989 1990 1991 1992 1993 1994 1995 1996 1997 1998 1999 2000 2001
japan,1886,2025,nominal,start,0.8,,,,,,25,75,7,90,26,67,74.4,1600.0,0.0,1897 1907 1917 1918 1919 1920 1921 1986 1987 1988 1989 1990 1991 1992 1993 1994 1995 1996 1997 1998 1999 2000 2001
japan,1886,2025,nominal,start,0.8,,,,,,25,75,8,90,26,62,68.9,911.0,0.0,1896 1897 1898 1907 1908 1911 1917 1918 1919 1920 1921 1985 1986 1987 1988 1989 1990 1991 1992 1993 1994 1995 1996 1997 1998 1999 2000 2001
japan,1886,2025,nominal,start,0.8,,,,,,25,75,9,90,26,52,57.8,236.0,0.0,1887 1890 1893 1894 1895 1896 1897 1898 1900 1907 1908 1911 1917 1918 1919 1920 1921 1962 1974 1982 1984 1985 1986 1987 1988 1989 1990 1991 1992 1993 1994 1995 1996 1997 1998 1999 2000 2001
japan,1886,2025,nominal,start,0.8,,,,,,25,75,10,90,26,35,38.9,0.0,0.0,1887 1888 1889 1890 1893 1894 1895 1896 1897 1898 1900 1906 1907 1908 1910 1911 1912 1913 1916 1917 1918 1919 1920 1921 1961 1962 1963 1964 1973 1974 1975 1978 1979 1980 1981 1982 1983 1984 1985 1986 1987 1988 1989 1990 1991 1992 1993 1994 1995 1996 1997 1998 1999 2000 2001
japan,1886,2025,nominal,start,0.8,,,,,,25,75,11,90,26,26,28.9,0.0,0.0,1887 1888 1889 1890 1891 1893 1894 1895 1896 1897 1898 1899 1900 1901 1904 1906 1907 1908 1909 1910 1911 1912 1913 1914 1916 1917 1918 1919 1920 1921 1960 1961 1962 1963 1964 1973 1974 1975 1976 1977 1978 1979 1980 1981 1982 1983 1984 1985 1986 1987 1988 1989 1990 1991 1992 1993 1994 1995 1996 1997 1998 1999 2000 2001
japan,1886,2025,nominal,start,0.8,,,,,,25,75,12,90,26,20,22.2,0.0,0.0,1887 1888 1889 1890 1891 1892 1893 1894 1895 1896 1897 1898 1899 1900 1901 1903 1904 1906 1907 1908 1909 1910 1911 1912 1913 1914 1915 1916 1917 1918 1919 1920 1921 1960 1961 1962 1963 1964 1965 1967 1970 1973 1974 1975 1976 1977 1978 1979 1980 1981 1982 1983 1984 1985 1986 1987 1988 1989 1990 1991 1992 1993 1994 1995 1996 1997 1998 1999 2000 2001
japan,1886,2025,nominal,start,0.8,,,,,,25,50,3,90,26,90,100.0,3808.0,401.0,
japan,1886,2025,nominal,start,0.8,,,,,,25,50,4,90,26,90,100.0,3137.0,43.0,
japan,1886,2025,nominal,start,0.8,,,,,,25,50,5,90,26,78,86.7,2415.0,0.0,1988 1989 1990 1991 1992 1994 1995 1996 1997 1998 2000 2001
japan,1886,2025,nominal,start,0.8,,,,,,25,50,6,90,26,73,81.1,1723.0,0.0,1897 1920 1987 1988 1989 1990 1991 1992 1993 1994 1995 1996 1997 1998 1999 2000 2001
japan,1886,2025,nominal,start,0.8,,,,,,25,50,7,90,26,67,74.4,1002.0,0.0,1897 1907 1917 1918 1919 1920 1921 1986 1987 1988 1989 1990 1991 1992 1993 1994 1995 1996 1997 1998 1999 2000 2001
japan,1886,2025,nominal,start,0.8,,,,,,25,50,8,90,26,59,65.6,507.0,0.0,1893 1894 1895 1896 1897 1898 1907 1908 1911 1917 1918 1919 1920 1921 1985 1986 1987 1988 1989 1990 1991 1992 1993 1994 1995 1996 1997 1998 1999 2000 2001
japan,1886,2025,nominal,start,0.8,,,,,,25,50,9,90,26,41,45.6,0.0,0.0,1887 1888 1889 1890 1893 1894 1895 1896 1897 1898 1899 1900 1907 1908 1910 1911 1912 1913 1916 1917 1918 1919 1920 1921 1961 1962 1973 1974 1979 1982 1983 1984 1985 1986 1987 1988 1989 1990 1991 1992 1993 1994 1995 1996 1997 1998 1999 2000 2001
japan,1886,2025,nominal,start,0.8,,,,,,25,50,10,90,26,24,26.7,0.0,0.0,1887 1888 1889 1890 1891 1892 1893 1894 1895 1896 1897 1898 1899 1900 1901 1903 1904 1906 1907 1908 1909 1910 1911 1912 1913 1914 1916 1917 1918 1919 1920 1921 1960 1961 1962 1963 1964 1973 1974 1975 1976 1977 1978 1979 1980 1981 1982 1983 1984 1985 1986 1987 1988 1989 1990 1991 1992 1993 1994 1995 1996 1997 1998 1999 2000 2001
japan,1886,2025,nominal,start,0.8,,,,,,25,50,11,90,26,12,13.3,0.0,0.0,1887 1888 1889 1890 1891 1892 1893 1894 1895 1896 1897 1898 1899 1900 1901 1902 1903 1904 1905 1906 1907 1908 1909 1910 1911 1912 1913 1914 1915 1916 1917 1918 1919 1920 1921 1954 1957 1958 1960 1961 1962 1963 1964 1965 1966 1967 1970 1971 1972 1973 1974 1975 1976 1977 1978 1979 1980 1981 1982 1983 1984 1985 1986 1987 1988 1989 1990 1991 1992 1993 1994 1995 1996 1997 1998 1999 2000 2001
japan,1886,2025,nominal,start,0.8,,,,,,25,50,12,90,26,8,8.9,0.0,0.0,1886 1887 1888 1889 1890 1891 1892 1893 1894 1895 1896 1897 1898 1899 1900 1901 1902 1903 1904 1905 1906 1907 1908 1909 1910 1911 1912 1913 1914 1915 1916 1917 1918 1919 1920 1921 1954 1957 1958 1959 1960 1961 1962 1963 1964 1965 1966 1967 1968 1969 1970 1971 1972 1973 1974 1975 1976 1977 1978 1979 1980 1981 1982 1983 1984 1985 1986 1987 1988 1989 1990 1991 1992 1993 1994 1995 1996 1997 1998 1999 2000 2001
japan,1886,2025,nominal,start,0.8,,,,,,25,25,3,90,26,90,100.0,2641.0,742.0,
japan,1886,2025,nominal,start,0.8,,,,,,25,25,4,90,26,90,100.0,2097.0,376.0,
japan,1886,2025,nominal,start,0.8,,,,,,25,25,5,90,26,90,100.0,1556.0,2.0,
japan,1886,2025,nominal,start,0.8,,,,,,25,25,6,90,26,76,84.4,1042.0,0.0,1988 1989 1990 1991 1992 1993 1994 1995 1996 1997 1998 1999 2000 2001
japan,1886,2025,nominal,start,0.8,,,,,,25,25,7,90,26,62,68.9,507.0,0.0,1893 1894 1896 1897 1898 1907 1911 1917 1918 1919 1920 1921 1986 1987 1988 1989 1990 1991 1992 1993 1994 1995 1996 1997 1998 1999 2000 2001
japan,1886,2025,nominal,start,0.8,,,,,,25,25,8,90,26,41,45.6,0.0,0.0,1887 1888 1889 1890 1892 1893 1894 1895 1896 1897 1898 1899 1900 1901 1904 1906 1907 1908 1909 1910 1911 1912 1913 1914 1916 1917 1918 1919 1920 1921 1962 1984 1985 1986 1987 1988 1989 1990 1991 1992 1993 1994 1995 1996 1997 1998 1999 2000 2001
japan,1886,2025,nominal,start,0.8,,,,,,25,25,9,90,26,22,24.4,0.0,0.0,1887 1888 1889 1890 1891 1892 1893 1894 1895 1896 1897 1898 1899 1900 1901 1902 1903 1904 1905 1906 1907 1908 1909 1910 1911 1912 1913 1914 1915 1916 1917 1918 1919 1920 1921 1954 1960 1961 1962 1963 1964 1965 1973 1974 1975 1978 1979 1980 1982 1983 1984 1985 1986 1987 1988 1989 1990 1991 1992 1993 1994 1995 1996 1997 1998 1999 2000 2001
japan,1886,2025,nominal,start,0.8,,,,,,25,25,10,90,26,4,4.4,0.0,0.0,1886 1887 1888 1889 1890 1891 1892 1893 1894 1895 1896 1897 1898 1899 1900 1901 1902 1903 1904 1905 1906 1907 1908 1909 1910 1911 1912 1913 1914 1915 1916 1917 1918 1919 1920 1921 1950 1953 1954 1955 1956 1957 1958 1959 1960 1961 1962 1963 1964 1965 1966 1967 1968 1969 1970 1971 1972 1973 1974 1975 1976 1977 1978 1979 1980 1981 1982 1983 1984 1985 1986 1987 1988 1989 1990 1991 1992 1993 1994 1995 1996 1997 1998 1999 2000 2001
japan,1886,2025,nominal,start,0.8,,,,,,25,25,11,90,26,3,3.3,0.0,0.0,1886 1887 1888 1889 1890 1891 1892 1893 1894 1895 1896 1897 1898 1899 1900 1901 1902 1903 1904 1905 1906 1907 1908 1909 1910 1911 1912 1913 1914 1915 1916 1917 1918 1919 1920 1921 1950 1952 1953 1954 1955 1956 1957 1958 1959 1960 1961 1962 1963 1964 1965 1966 1967 1968 1969 1970 1971 1972 1973 1974 1975 1976 1977 1978 1979 1980 1981 1982 1983 1984 1985 1986 1987 1988 1989 1990 1991 1992 1993 1994 1995 1996 1997 1998 1999 2000 2001
japan,1886,2025,nominal,start,0.8,,,,,,25,25,12,90,26,0,0.0,0.0,0.0,1886 1887 1888 1889 1890 1891 1892 1893 1894 1895 1896 1897 1898 1899 1900 1901 1902 1903 1904 1905 1906 1907 1908 1909 1910 1911 1912 1913 1914 1915 1916 1917 1918 1919 1920 1921 1948 1949 1950 1951 1952 1953 1954 1955 1956 1957 1958 1959 1960 1961 1962 1963 1964 1965 1966 1967 1968 1969 1970 1971 1972 1973 1974 1975 1976 1977 1978 1979 1980 1981 1982 1983 1984 1985 1986 1987 1988 1989 1990 1991 1992 1993 1994 1995 1996 1997 1998 1999 2000 2001
japan,1886,2025,nominal,start,0.8,,,,,,25,0,3,116,0,116,100.0,1723.0,623.0,
japan,1886,2025,nominal,start,0.8,,,,,,25,0,4,116,0,116,100.0,1243.0,323.0,
japan,1886,2025,nominal,start,0.8,,,,,,25,0,5,116,0,116,100.0,755.0,24.0,
japan,1886,2025,nominal,start,0.8,,,,,,25,0,6,116,0,96,82.8,256.0,0.0,1892 1893 1894 1896 1910 1911 1934 1935 1936 1937 1938 1939 1940 1994 1996 1997 1998 1999 2000 2001
japan,1886,2025,nominal,start,0.8,,,,,,25,0,7,116,0,40,34.5,0.0,0.0,1887 1888 1889 1890 1891 1892 1893 1894 1895 1896 1897 1898 1899 1900 1901 1902 1903 1904 1905 1906 1907 1908 1909 1910 1911 1912 1913 1914 1915 1916 1917 1918 1919 1920 1926 1927 1928 1929 1930 1931 1932 1933 1934 1935 1936 1937 1938 1939 1940 1941 1942 1943 1944 1945 1946 1947 1948 1949 1950 1951 1985 1986 1987 1988 1989 1990 1992 1993 1994 1995 1996 1997 1998 1999 2000 2001
japan,1886,2025,nominal,start,0.8,,,,,,25,0,8,116,0,6,5.2,0.0,0.0,1886 1887 1888 1889 1890 1891 1892 1893 1894 1895 1896 1897 1898 1899 1900 1901 1902 1903 1904 1905 1906 1907 1908 1909 1910 1911 1912 1913 1914 1915 1916 1917 1918 1919 1920 1921 1922 1923 1924 1925 1926 1927 1928 1929 1930 1931 1932 1933 1934 1935 1936 1937 1938 1939 1940 1941 1942 1943 1944 1945 1946 1947 1948 1949 1950 1951 1952 1953 1954 1955 1956 1957 1958 1959 1960 1961 1962 1963 1964 1965 1966 1967 1968 1969 1970 1971 1972 1973 1978 1979 1982 1983 1984 1985 1986 1987 1988 1989 1990 1991 1992 1993 1994 1995 1996 1997 1998 1999 2000 2001
japan,1886,2025,nominal,start,0.8,,,,,,25,0,9,116,0,0,0.0,0.0,0.0,1886 1887 1888 1889 1890 1891 1892 1893 1894 1895 1896 1897 1898 1899 1900 1901 1902 1903 1904 1905 1906 1907 1908 1909 1910 1911 1912 1913 1914 1915 1916 1917 1918 1919 1920 1921 1922 1923 1924 1925 1926 1927 1928 1929 1930 1931 1932 1933 1934 1935 1936 1937 1938 1939 1940 1941 1942 1943 1944 1945 1946 1947 1948 1949 1950 1951 1952 1953 1954 1955 1956 1957 1958 1959 1960 1961 1962 1963 1964 1965 1966 1967 1968 1969 1970 1971 1972 1973 1974 1975 1976 1977 1978 1979 1980 1981 1982 1983 1984 1985 1986 1987 1988 1989 1990 1991 1992 1993 1994 1995 1996 1997 1998 1999 2000 2001
japan,1886,2025,nominal,start,0.8,,,,,,25,0,10,116,0,0,0.0,0.0,0.0,1886 1887 1888 1889 1890 1891 1892 1893 1894 1895 1896 1897 1898 1899 1900 1901 1902 1903 1904 1905 1906 1907 1908 1909 1910 1911 1912 1913 1914 1915 1916 1917 1918 1919 1920 1921 1922 1923 1924 1925 1926 1927 1928 1929 1930 1931 1932 1933 1934 1935 1936 1937 1938 1939 1940 1941 1942 1943 1944 1945 1946 1947 1948 1949 1950 1951 1952 1953 1954 1955 1956 1957 1958 1959 1960 1961 1962 1963 1964 1965 1966 1967 1968 1969 1970 1971 1972 1973 1974 1975 1976 1977 1978 1979 1980 1981 1982 1983 1984 1985 1986 1987 1988 1989 1990 1991 1992 1993 1994 1995 1996 1997 1998 1999 2000 2001
japan,1886,2025,nominal,start,0.8,,,,,,25,0,11,116,0,0,0.0,0.0,0.0,1886 1887 1888 1889 1890 1891 1892 1893 1894 1895 1896 1897 1898 1899 1900 1901 1902 1903 1904 1905 1906 1907 1908 1909 1910 1911 1912 1913 1914 1915 1916 1917 1918 1919 1920 1921 1922 1923 1924 1925 1926 1927 1928 1929 1930 1931 1932 1933 1934 1935 1936 1937 1938 1939 1940 1941 1942 1943 1944 1945 1946 1947 1948 1949 1950 1951 1952 1953 1954 1955 1956 1957 1958 1959 1960 1961 1962 1963 1964 1965 1966 1967 1968 1969 1970 1971 1972 1973 1974 1975 1976 1977 1978 1979 1980 1981 1982 1983 1984 1985 1986 1987 1988 1989 1990 1991 1992 1993 1994 1995 1996 1997 1998 1999 2000 2001
japan,1886,2025,nominal,start,0.8,,,,,,25,0,12,116,0,0,0.0,0.0,0.0,1886 1887 1888 1889 1890 1891 1892 1893 1894 1895 1896 1897 1898 1899 1900 1901 1902 1903 1904 1905 1906 1907 1908 1909 1910 1911 1912 1913 1914 1915 1916 1917 1918 1919 1920 1921 1922 1923 1924 1925 1926 1927 1928 1929 1930 1931 1932 1933 1934 1935 1936 1937 1938 1939 1940 1941 1942 1943 1944 1945 1946 1947 1948 1949 1950 1951 1952 1953 1954 1955 1956 1957 1958 1959 1960 1961 1962 1963 1964 1965 1966 1967 1968 1969 1970 1971 1972 1973 1974 1975 1976 1977 1978 1979 1980 1981 1982 1983 1984 1985 1986 1987 1988 1989 1990 1991 1992 1993 1994 1995 1996 1997 1998 1999 2000 2001
japan,1886,2025,nominal,start,0.8,,,,,,30,100,3,80,31,74,92.5,7744.0,0.0,1988 1989 1990 1991 1992 1995
japan,1886,2025,nominal,start,0.8,,,,,,30,100,4,80,31,70,87.5,6740.0,0.0,1987 1988 1989 1990 1991 1992 1993 1994 1995 1996
japan,1886,2025,nominal,start,0.8,,,,,,30,100,5,80,31,68,85.0,5774.0,0.0,1897 1986 1987 1988 1989 1990 1991 1992 1993 1994 1995 1996
japan,1886,2025,nominal,start,0.8,,,,,,30,100,6,80,31,66,82.5,4866.0,0.0,1897 1907 1985 1986 1987 1988 1989 1990 1991 1992 1993 1994 1995 1996
japan,1886,2025,nominal,start,0.8,,,,,,30,100,7,80,31,63,78.8,3355.0,0.0,1896 1897 1907 1908 1984 1985 1986 1987 1988 1989 1990 1991 1992 1993 1994 1995 1996
japan,1886,2025,nominal,start,0.8,,,,,,30,100,8,80,31,56,70.0,1656.0,0.0,1895 1896 1897 1898 1907 1908 1911 1974 1981 1982 1983 1984 1985 1986 1987 1988 1989 1990 1991 1992 1993 1994 1995 1996
japan,1886,2025,nominal,start,0.8,,,,,,30,100,9,80,31,47,58.8,424.0,0.0,1887 1890 1893 1895 1896 1897 1898 1900 1907 1908 1911 1962 1974 1977 1978 1979 1980 1981 1982 1983 1984 1985 1986 1987 1988 1989 1990 1991 1992 1993 1994 1995 1996
japan,1886,2025,nominal,start,0.8,,,,,,30,100,10,80,31,34,42.5,0.0,0.0,1887 1888 1889 1890 1893 1894 1895 1896 1897 1898 1900 1906 1907 1908 1910 1911 1912 1913 1916 1961 1962 1963 1973 1974 1975 1976 1977 1978 1979 1980 1981 1982 1983 1984 1985 1986 1987 1988 1989 1990 1991 1992 1993 1994 1995 1996
japan,1886,2025,nominal,start,0.8,,,,,,30,100,11,80,31,31,38.8,0.0,0.0,1887 1888 1889 1890 1893 1894 1895 1896 1897 1898 1899 1900 1906 1907 1908 1910 1911 1912 1913 1914 1916 1961 1962 1963 1964 1973 1974 1975 1976 1977 1978 1979 1980 1981 1982 1983 1984 1985 1986 1987 1988 1989 1990 1991 1992 1993 1994 1995 1996
japan,1886,2025,nominal,start,0.8,,,,,,30,100,12,80,31,24,30.0,0.0,0.0,1887 1888 1889 1890 1891 1893 1894 1895 1896 1897 1898 1899 1900 1901 1903 1904 1906 1907 1908 1909 1910 1911 1912 1913 1914 1915 1916 1960 1961 1962 1963 1964 1973 1974 1975 1976 1977 1978 1979 1980 1981 1982 1983 1984 1985 1986 1987 1988 1989 1990 1991 1992 1993 1994 1995 1996
japan,1886,2025,nominal,start,0.8,,,,,,30,75,3,80,31,77,96.2,6619.0,0.0,1989 1990 1991
japan,1886,2025,nominal,start,0.8,,,,,,30,75,4,80,31,73,91.2,5558.0,0.0,1988 1989 1990 1991 1992 1994 1995
japan,1886,2025,nominal,start,0.8,,,,,,30,75,5,80,31,70,87.5,4608.0,0.0,1987 1988 1989 1990 1991 1992 1993 1994 1995 1996
japan,1886,2025,nominal,start,0.8,,,,,,30,75,6,80,31,67,83.8,3634.0,0.0,1897 1985 1986 1987 1988 1989 1990 1991 1992 1993 1994 1995 1996
japan,1886,2025,nominal,start,0.8,,,,,,30,75,7,80,31,64,80.0,2180.0,0.0,1896 1897 1907 1984 1985 1986 1987 1988 1989 1990 1991 1992 1993 1994 1995 1996
japan,1886,2025,nominal,start,0.8,,,,,,30,75,8,80,31,57,71.2,1014.0,0.0,1895 1896 1897 1898 1907 1908 1911 1974 1982 1983 1984 1985 1986 1987 1988 1989 1990 1991 1992 1993 1994 1995 1996
japan,1886,2025,nominal,start,0.8,,,,,,30,75,9,80,31,40,50.0,63.0,0.0,1887 1888 1890 1893 1894 1895 1896 1897 1898 1900 1907 1908 1910 1911 1912 1913 1962 1973 1974 1975 1977 1978 1979 1980 1981 1982 1983 1984 1985 1986 1987 1988 1989 1990 1991 1992 1993 1994 1995 1996
japan,1886,2025,nominal,start,0.8,,,,,,30,75,10,80,31,30,37.5,0.0,0.0,1887 1888 1889 1890 1893 1894 1895 1896 1897 1898 1899 1900 1906 1907 1908 1909 1910 1911 1912 1913 1914 1916 1961 1962 1963 1964 1973 1974 1975 1976 1977 1978 1979 1980 1981 1982 1983 1984 1985 1986 1987 1988 1989 1990 1991 1992 1993 1994 1995 1996
japan,1886,2025,nominal,start,0.8,,,,,,30,75,11,80,31,23,28.8,0.0,0.0,1887 1888 1889 1890 1891 1892 1893 1894 1895 1896 1897 1898 1899 1900 1901 1903 1904 1906 1907 1908 1909 1910 1911 1912 1913 1914 1915 1916 1960 1961 1962 1963 1964 1973 1974 1975 1976 1977 1978 1979 1980 1981 1982 1983 1984 1985 1986 1987 1988 1989 1990 1991 1992 1993 1994 1995 1996
japan,1886,2025,nominal,start,0.8,,,,,,30,75,12,80,31,17,21.2,0.0,0.0,1887 1888 1889 1890 1891 1892 1893 1894 1895 1896 1897 1898 1899 1900 1901 1903 1904 1905 1906 1907 1908 1909 1910 1911 1912 1913 1914 1915 1916 1960 1961 1962 1963 1964 1965 1967 1970 1971 1972 1973 1974 1975 1976 1977 1978 1979 1980 1981 1982 1983 1984 1985 1986 1987 1988 1989 1990 1991 1992 1993 1994 1995 1996
japan,1886,2025,nominal,start,0.8,,,,,,30,50,3,80,31,80,100.0,5098.0,343.0,
japan,1886,2025,nominal,start,0.8,,,,,,30,50,4,80,31,78,97.5,4098.0,0.0,1989 1990
japan,1886,2025,nominal,start,0.8,,,,,,30,50,5,80,31,70,87.5,3081.0,0.0,1987 1988 1989 1990 1991 1992 1993 1994 1995 1996
japan,1886,2025,nominal,start,0.8,,,,,,30,50,6,80,31,68,85.0,2200.0,0.0,1897 1986 1987 1988 1989 1990 1991 1992 1993 1994 1995 1996
japan,1886,2025,nominal,start,0.8,,,,,,30,50,7,80,31,63,78.8,1181.0,0.0,1896 1897 1907 1908 1911 1985 1986 1987 1988 1989 1990 1991 1992 1993 1994 1995 1996
japan,1886,2025,nominal,start,0.8,,,,,,30,50,8,80,31,48,60.0,368.0,0.0,1887 1890 1893 1894 1895 1896 1897 1898 1900 1907 1908 1910 1911 1912 1913 1974 1979 1982 1983 1984 1985 1986 1987 1988 1989 1990 1991 1992 1993 1994 1995 1996
japan,1886,2025,nominal,start,0.8,,,,,,30,50,9,80,31,29,36.2,0.0,0.0,1887 1888 1889 1890 1893 1894 1895 1896 1897 1898 1899 1900 1904 1906 1907 1908 1909 1910 1911 1912 1913 1914 1916 1961 1962 1963 1964 1973 1974 1975 1976 1977 1978 1979 1980 1981 1982 1983 1984 1985 1986 1987 1988 1989 1990 1991 1992 1993 1994 1995 1996
japan,1886,2025,nominal,start,0.8,,,,,,30,50,10,80,31,20,25.0,0.0,0.0,1887 1888 1889 1890 1891 1892 1893 1894 1895 1896 1897 1898 1899 1900 1901 1903 1904 1905 1906 1907 1908 1909 1910 1911 1912 1913 1914 1915 1916 1960 1961 1962 1963 1964 1965 1970 1973 1974 1975 1976 1977 1978 1979 1980 1981 1982 1983 1984 1985 1986 1987 1988 1989 1990 1991 1992 1993 1994 1995 1996
japan,1886,2025,nominal,start,0.8,,,,,,30,50,11,80,31,8,10.0,0.0,0.0,1886 1887 1888 1889 1890 1891 1892 1893 1894 1895 1896 1897 1898 1899 1900 1901 1902 1903 1904 1905 1906 1907 1908 1909 1910 1911 1912 1913 1914 1915 1916 1954 1957 1958 1959 1960 1961 1962 1963 1964 1965 1966 1967 1968 1969 1970 1971 1972 1973 1974 1975 1976 1977 1978 1979 1980 1981 1982 1983 1984 1985 1986 1987 1988 1989 1990 1991 1992 1993 1994 1995 1996
japan,1886,2025,nominal,start,0.8,,,,,,30,50,12,80,31,4,5.0,0.0,0.0,1886 1887 1888 1889 1890 1891 1892 1893 1894 1895 1896 1897 1898 1899 1900 1901 1902 1903 1904 1905 1906 1907 1908 1909 1910 1911 1912 1913 1914 1915 1916 1950 1953 1954 1955 1956 1957 1958 1959 1960 1961 1962 1963 1964 1965 1966 1967 1968 1969 1970 1971 1972 1973 1974 1975 1976 1977 1978 1979 1980 1981 1982 1983 1984 1985 1986 1987 1988 1989 1990 1991 1992 1993 1994 1995 1996
japan,1886,2025,nominal,start,0.8,,,,,,30,25,3,80,31,80,100.0,3533.0,831.0,
japan,1886,2025,nominal,start,0.8,,,,,,30,25,4,80,31,80,100.0,2756.0,337.0,
japan,1886,2025,nominal,start,0.8,,,,,,30,25,5,80,31,75,93.8,1876.0,0.0,1988 1989 1990 1994 1996
japan,1886,2025,nominal,start,0.8,,,,,,30,25,6,80,31,68,85.0,1039.0,0.0,1897 1986 1987 1988 1989 1990 1991 1992 1993 1994 1995 1996
japan,1886,2025,nominal,start,0.8,,,,,,30,25,7,80,31,53,66.2,313.0,0.0,1887 1890 1893 1894 1895 1896 1897 1898 1900 1907 1908 1910 1911 1912 1984 1985 1986 1987 1988 1989 1990 1991 1992 1993 1994 1995 1996
japan,1886,2025,nominal,start,0.8,,,,,,30,25,8,80,31,29,36.2,0.0,0.0,1887 1888 1889 1890 1891 1892 1893 1894 1895 1896 1897 1898 1899 1900 1901 1903 1904 1905 1906 1907 1908 1909 1910 1911 1912 1913 1914 1915 1916 1961 1962 1963 1973 1974 1978 1979 1982 1983 1984 1985 1986 1987 1988 1989 1990 1991 1992 1993 1994 1995 1996
japan,1886,2025,nominal,start,0.8,,,,,,30,25,9,80,31,8,10.0,0.0,0.0,1886 1887 1888 1889 1890 1891 1892 1893 1894 1895 1896 1897 1898 1899 1900 1901 1902 1903 1904 1905 1906 1907 1908 1909 1910 1911 1912 1913 1914 1915 1916 1954 1957 1958 1959 1960 1961 1962 1963 1964 1965 1966 1967 1968 1969 1970 1971 1972 1973 1974 1975 1976 1977 1978 1979 1980 1981 1982 1983 1984 1985 1986 1987 1988 1989 1990 1991 1992 1993 1994 1995 1996
japan,1886,2025,nominal,start,0.8,,,,,,30,25,10,80,31,4,5.0,0.0,0.0,1886 1887 1888 1889 1890 1891 1892 1893 1894 1895 1896 1897 1898 1899 1900 1901 1902 1903 1904 1905 1906 1907 1908 1909 1910 1911 1912 1913 1914 1915 1916 1950 1953 1954 1955 1956 1957 1958 1959 1960 1961 1962 1963 1964 1965 1966 1967 1968 1969 1970 1971 1972 1973 1974 1975 1976 1977 1978 1979 1980 1981 1982 1983 1984 1985 1986 1987 1988 1989 1990 1991 1992 1993 1994 1995 1996
japan,1886,2025,nominal,start,0.8,,,,,,30,25,11,80,31,1,1.2,0.0,0.0,1886 1887 1888 1889 1890 1891 1892 1893 1894 1895 1896 1897 1898 1899 1900 1901 1902 1903 1904 1905 1906 1907 1908 1909 1910 1911 1912 1913 1914 1915 1916 1949 1950 1951 1952 1953 1954 1955 1956 1957 1958 1959 1960 1961 1962 1963 1964 1965 1966 1967 1968 1969 1970 1971 1972 1973 1974 1975 1976 1977 1978 1979 1980 1981 1982 1983 1984 1985 1986 1987 1988 1989 1990 1991 1992 1993 1994 1995 1996
japan,1886,2025,nominal,start,0.8,,,,,,30,25,12,80,31,0,0.0,0.0,0.0,1886 1887 1888 1889 1890 1891 1892 1893 1894 1895 1896 1897 1898 1899 1900 1901 1902 1903 1904 1905 1906 1907 1908 1909 1910 1911 1912 1913 1914 1915 1916 1948 1949 1950 1951 1952 1953 1954 1955 1956 1957 1958 1959 1960 1961 1962 1963 1964 1965 1966 1967 1968 1969 1970 1971 1972 1973 1974 1975 1976 1977 1978 1979 1980 1981 1982 1983 1984 1985 1986 1987 1988 1989 1990 1991 1992 1993 1994 1995 1996
japan,1886,2025,nominal,start,0.8,,,,,,30,0,3,111,0,111,100.0,1994.0,742.0,
japan,1886,2025,nominal,start,0.8,,,,,,30,0,4,111,0,111,100.0,1323.0,363.0,
japan,1886,2025,nominal,start,0.8,,,,,,30,0,5,111,0,109,98.2,657.0,0.0,1894 1996
japan,1886,2025,nominal,start,0.8,,,,,,30,0,6,111,0,56,50.5,3.0,0.0,1887 1888 1889 1890 1891 1892 1893 1894 1895 1896 1897 1898 1899 1900 1901 1902 1903 1904 1906 1907 1908 1909 1910 1911 1912 1913 1916 1917 1918 1928 1929 1930 1931 1933 1934 1935 1936 1937 1938 1939 1940 1941 1942 1943 1944 1945 1986 1987 1988 1989 1992 1993 1994 1995 1996
japan,1886,2025,nominal,start,0.8,,,,,,30,0,7,111,0,13,11.7,0.0,0.0,1886 1887 1888 1889 1890 1891 1892 1893 1894 1895 1896 1897 1898 1899 1900 1901 1902 1903 1904 1905 1906 1907 1908 1909 1910 1911 1912 1913 1914 1915 1916 1917 1918 1919 1920 1921 1922 1923 1924 1925 1926 1927 1928 1929 1930 1931 1932 1933 1934 1935 1936 1937 1938 1939 1940 1941 1942 1943 1944 1945 1946 1947 1948 1949 1950 1951 1952 1953 1954 1955 1956 1957 1958 1959 1960 1961 1962 1963 1964 1965 1966 1967 1978 1979 1983 1984 1985 1986 1987 1988 1989 1990 1991 1992 1993 1994 1995 1996
japan,1886,2025,nominal,start,0.8,,,,,,30,0,8,111,0,0,0.0,0.0,0.0,1886 1887 1888 1889 1890 1891 1892 1893 1894 1895 1896 1897 1898 1899 1900 1901 1902 1903 1904 1905 1906 1907 1908 1909 1910 1911 1912 1913 1914 1915 1916 1917 1918 1919 1920 1921 1922 1923 1924 1925 1926 1927 1928 1929 1930 1931 1932 1933 1934 1935 1936 1937 1938 1939 1940 1941 1942 1943 1944 1945 1946 1947 1948 1949 1950 1951 1952 1953 1954 1955 1956 1957 1958 1959 1960 1961 1962 1963 1964 1965 1966 1967 1968 1969 1970 1971 1972 1973 1974 1975 1976 1977 1978 1979 1980 1981 1982 1983 1984 1985 1986 1987 1988 1989 1990 1991 1992 1993 1994 1995 1996
japan,1886,2025,nominal,start,0.8,,,,,,30,0,9,111,0,0,0.0,0.0,0.0,1886 1887 1888 1889 1890 1891 1892 1893 1894 1895 1896 1897 1898 1899 1900 1901 1902 1903 1904 1905 1906 1907 1908 1909 1910 1911 1912 1913 1914 1915 1916 1917 1918 1919 1920 1921 1922 1923 1924 1925 1926 1927 1928 1929 1930 1931 1932 1933 1934 1935 1936 1937 1938 1939 1940 1941 1942 1943 1944 1945 1946 1947 1948 1949 1950 1951 1952 1953 1954 1955 1956 1957 1958 1959 1960 1961 1962 1963 1964 1965 1966 1967 1968 1969 1970 1971 1972 1973 1974 1975 1976 1977 1978 1979 1980 1981 1982 1983 1984 1985 1986 1987 1988 1989 1990 1991 1992 1993 1994 1995 1996
japan,1886,2025,nominal,start,0.8,,,,,,30,0,10,111,0,0,0.0,0.0,0.0,1886 1887 1888 1889 1890 1891 1892 1893 1894 1895 1896 1897 1898 1899 1900 1901 1902 1903 1904 1905 1906 1907 1908 1909 1910 1911 1912 1913 1914 1915 1916 1917 1918 1919 1920 1921 1922 1923 1924 1925 1926 1927 1928 1929 1930 1931 1932 1933 1934 1935 1936 1937 1938 1939 1940 1941 1942 1943 1944 1945 1946 1947 1948 1949 1950 1951 1952 1953 1954 1955 1956 1957 1958 1959 1960 1961 1962 1963 1964 1965 1966 1967 1968 1969 1970 1971 1972 1973 1974 1975 1976 1977 1978 1979 1980 1981 1982 1983 1984 1985 1986 1987 1988 1989 1990 1991 1992 1993 1994 1995 1996
japan,1886,2025,nominal,start,0.8,,,,,,30,0,11,111,0,0,0.0,0.0,0.0,1886 1887 1888 1889 1890 1891 1892 1893 1894 1895 1896 1897 1898 1899 1900 1901 1902 1903 1904 1905 1906 1907 1908 1909 1910 1911 1912 1913 1914 1915 1916 1917 1918 1919 1920 1921 1922 1923 1924 1925 1926 1927 1928 1929 1930 1931 1932 1933 1934 1935 1936 1937 1938 1939 1940 1941 1942 1943 1944 1945 1946 1947 1948 1949 1950 1951 1952 1953 1954 1955 1956 1957 1958 1959 1960 1961 1962 1963 1964 1965 1966 1967 1968 1969 1970 1971 1972 1973 1974 1975 1976 1977 1978 1979 1980 1981 1982 1983 1984 1985 1986 1987 1988 1989 1990 1991 1992 1993 1994 1995 1996
japan,1886,2025,nominal,start,0.8,,,,,,30,0,12,111,0,0,0.0,0.0,0.0,1886 1887 1888 1889 1890 1891 1892 1893 1894 1895 1896 1897 1898 1899 1900 1901 1902 1903 1904 1905 1906 1907 1908 1909 1910 1911 1912 1913 1914 1915 1916 1917 1918 1919 1920 1921 1922 1923 1924 1925 1926 1927 1928 1929 1930 1931 1932 1933 1934 1935 1936 1937 1938 1939 1940 1941 1942 1943 1944 1945 1946 1947 1948 1949 1950 1951 1952 1953 1954 1955 1956 1957 1958 1959 1960 1961 1962 1963 1964 1965 1966 1967 1968 1969 1970 1971 1972 1973 1974 1975 1976 1977 1978 1979 1980 1981 1982 1983 1984 1985 1986 1987 1988 1989 1990 1991 1992 1993 1994 1995 1996
japan,1886,2025,nominal,start,0.8,,,,,,35,100,3,70,36,66,94.3,10936.0,0.0,1988 1989 1990 1991
japan,1886,2025,nominal,start,0.8,,,,,,35,100,4,70,36,64,91.4,9406.0,0.0,1986 1987 1988 1989 1990 1991
japan,1886,2025,nominal,start,0.8,,,,,,35,100,5,70,36,62,88.6,7876.0,0.0,1897 1985 1986 1987 1988 1989 1990 1991
japan,1886,2025,nominal,start,0.8,,,,,,35,100,6,70,36,60,85.7,6231.0,0.0,1897 1907 1984 1985 1986 1987 1988 1989 1990 1991
japan,1886,2025,nominal,start,0.8,,,,,,35,100,7,70,36,52,74.3,4414.0,0.0,1896 1897 1898 1907 1908 1974 1980 1981 1982 1983 1984 1985 1986 1987 1988 1989 1990 1991
japan,1886,2025,nominal,start,0.8,,,,,,35,100,8,70,36,47,67.1,2809.0,0.0,1895 1896 1897 1898 1907 1908 1911 1974 1977 1978 1979 1980 1981 1982 1983 1984 1985 1986 1987 1988 1989 1990 1991
japan,1886,2025,nominal,start,0.8,,,,,,35,100,9,70,36,37,52.9,953.0,0.0,1887 1890 1893 1894 1895 1896 1897 1898 1900 1907 1908 1910 1911 1962 1973 1974 1975 1976 1977 1978 1979 1980 1981 1982 1983 1984 1985 1986 1987 1988 1989 1990 1991
japan,1886,2025,nominal,start,0.8,,,,,,35,100,10,70,36,31,44.3,0.0,0.0,1887 1888 1889 1890 1893 1894 1895 1896 1897 1898 1900 1906 1907 1908 1910 1911 1961 1962 1963 1964 1973 1974 1975 1976 1977 1978 1979 1980 1981 1982 1983 1984 1985 1986 1987 1988 1989 1990 1991
japan,1886,2025,nominal,start,0.8,,,,,,35,100,11,70,36,27,38.6,0.0,0.0,1887 1888 1889 1890 1891 1893 1894 1895 1896 1897 1898 1899 1900 1904 1906 1907 1908 1909 1910 1911 1961 1962 1963 1964 1973 1974 1975 1976 1977 1978 1979 1980 1981 1982 1983 1984 1985 1986 1987 1988 1989 1990 1991
japan,1886,2025,nominal,start,0.8,,,,,,35,100,12,70,36,18,25.7,0.0,0.0,1887 1888 1889 1890 1891 1892 1893 1894 1895 1896 1897 1898 1899 1900 1901 1903 1904 1905 1906 1907 1908 1909 1910 1911 1960 1961 1962 1963 1964 1965 1970 1971 1972 1973 1974 1975 1976 1977 1978 1979 1980 1981 1982 1983 1984 1985 1986 1987 1988 1989 1990 1991
japan,1886,2025,nominal,start,0.8,,,,,,35,75,3,70,36,66,94.3,9282.0,0.0,1988 1989 1990 1991
japan,1886,2025,nominal,start,0.8,,,,,,35,75,4,70,36,65,92.9,8059.0,0.0,1987 1988 1989 1990 1991
japan,1886,2025,nominal,start,0.8,,,,,,35,75,5,70,36,63,90.0,6684.0,0.0,1897 1986 1987 1988 1989 1990 1991
japan,1886,2025,nominal,start,0.8,,,,,,35,75,6,70,36,61,87.1,4728.0,0.0,1897 1907 1985 1986 1987 1988 1989 1990 1991
japan,1886,2025,nominal,start,0.8,,,,,,35,75,7,70,36,55,78.6,3306.0,0.0,1896 1897 1907 1908 1911 1982 1983 1984 1985 1986 1987 1988 1989 1990 1991
japan,1886,2025,nominal,start,0.8,,,,,,35,75,8,70,36,47,67.1,1879.0,0.0,1887 1895 1896 1897 1898 1907 1908 1911 1974 1978 1979 1980 1981 1982 1983 1984 1985 1986 1987 1988 1989 1990 1991
japan,1886,2025,nominal,start,0.8,,,,,,35,75,9,70,36,34,48.6,0.0,0.0,1887 1888 1890 1893 1894 1895 1896 1897 1898 1900 1906 1907 1908 1910 1911 1961 1962 1973 1974 1975 1976 1977 1978 1979 1980 1981 1982 1983 1984 1985 1986 1987 1988 1989 1990 1991
japan,1886,2025,nominal,start,0.8,,,,,,35,75,10,70,36,27,38.6,0.0,0.0,1887 1888 1889 1890 1893 1894 1895 1896 1897 1898 1899 1900 1901 1904 1906 1907 1908 1909 1910 1911 1961 1962 1963 1964 1973 1974 1975 1976 1977 1978 1979 1980 1981 1982 1983 1984 1985 1986 1987 1988 1989 1990 1991
japan,1886,2025,nominal,start,0.8,,,,,,35,75,11,70,36,18,25.7,0.0,0.0,1887 1888 1889 1890 1891 1892 1893 1894 1895 1896 1897 1898 1899 1900 1901 1903 1904 1905 1906 1907 1908 1909 1910 1911 1960 1961 1962 1963 1964 1965 1970 1971 1972 1973 1974 1975 1976 1977 1978 1979 1980 1981 1982 1983 1984 1985 1986 1987 1988 1989 1990 1991
japan,1886,2025,nominal,start,0.8,,,,,,35,75,12,70,36,12,17.1,0.0,0.0,1887 1888 1889 1890 1891 1892 1893 1894 1895 1896 1897 1898 1899 1900 1901 1902 1903 1904 1905 1906 1907 1908 1909 1910 1911 1954 1960 1961 1962 1963 1964 1965 1966 1967 1968 1969 1970 1971 1972 1973 1974 1975 1976 1977 1978 1979 1980 1981 1982 1983 1984 1985 1986 1987 1988 1989 1990 1991
japan,1886,2025,nominal,start,0.8,,,,,,35,50,3,70,36,70,100.0,7088.0,259.0,
japan,1886,2025,nominal,start,0.8,,,,,,35,50,4,70,36,66,94.3,5745.0,0.0,1988 1989 1990 1991
japan,1886,2025,nominal,start,0.8,,,,,,35,50,5,70,36,65,92.9,4445.0,0.0,1987 1988 1989 1990 1991
japan,1886,2025,nominal,start,0.8,,,,,,35,50,6,70,36,61,87.1,3199.0,0.0,1897 1907 1985 1986 1987 1988 1989 1990 1991
japan,1886,2025,nominal,start,0.8,,,,,,35,50,7,70,36,55,78.6,1632.0,0.0,1896 1897 1898 1907 1908 1911 1982 1984 1985 1986 1987 1988 1989 1990 1991
japan,1886,2025,nominal,start,0.8,,,,,,35,50,8,70,36,37,52.9,149.0,0.0,1887 1888 1890 1893 1894 1895 1896 1897 1898 1900 1906 1907 1908 1910 1911 1962 1973 1974 1977 1978 1979 1980 1981 1982 1983 1984 1985 1986 1987 1988 1989 1990 1991
japan,1886,2025,nominal,start,0.8,,,,,,35,50,9,70,36,24,34.3,0.0,0.0,1887 1888 1889 1890 1891 1892 1893 1894 1895 1896 1897 1898 1899 1900 1901 1903 1904 1906 1907 1908 1909 1910 1911 1961 1962 1963 1964 1973 1974 1975 1976 1977 1978 1979 1980 1981 1982 1983 1984 1985 1986 1987 1988 1989 1990 1991
japan,1886,2025,nominal,start,0.8,,,,,,35,50,10,70,36,16,22.9,0.0,0.0,1887 1888 1889 1890 1891 1892 1893 1894 1895 1896 1897 1898 1899 1900 1901 1902 1903 1904 1905 1906 1907 1908 1909 1910 1911 1960 1961 1962 1963 1964 1965 1967 1970 1971 1972 1973 1974 1975 1976 1977 1978 1979 1980 1981 1982 1983 1984 1985 1986 1987 1988 1989 1990 1991
japan,1886,2025,nominal,start,0.8,,,,,,35,50,11,70,36,8,11.4,0.0,0.0,1886 1887 1888 1889 1890 1891 1892 1893 1894 1895 1896 1897 1898 1899 1900 1901 1902 1903 1904 1905 1906 1907 1908 1909 1910 1911 1954 1957 1958 1959 1960 1961 1962 1963 1964 1965 1966 1967 1968 1969 1970 1971 1972 1973 1974 1975 1976 1977 1978 1979 1980 1981 1982 1983 1984 1985 1986 1987 1988 1989 1990 1991
japan,1886,2025,nominal,start,0.8,,,,,,35,50,12,70,36,4,5.7,0.0,0.0,1886 1887 1888 1889 1890 1891 1892 1893 1894 1895 1896 1897 1898 1899 1900 1901 1902 1903 1904 1905 1906 1907 1908 1909 1910 1911 1950 1953 1954 1955 1956 1957 1958 1959 1960 1961 1962 1963 1964 1965 1966 1967 1968 1969 1970 1971 1972 1973 1974 1975 1976 1977 1978 1979 1980 1981 1982 1983 1984 1985 1986 1987 1988 1989 1990 1991
japan,1886,2025,nominal,start,0.8,,,,,,35,25,3,70,36,70,100.0,4464.0,882.0,
japan,1886,2025,nominal,start,0.8,,,,,,35,25,4,70,36,70,100.0,3306.0,258.0,
japan,1886,2025,nominal,start,0.8,,,,,,35,25,5,70,36,66,94.3,2168.0,0.0,1988 1989 1990 1991
japan,1886,2025,nominal,start,0.8,,,,,,35,25,6,70,36,59,84.3,1135.0,0.0,1896 1897 1907 1911 1985 1986 1987 1988 1989 1990 1991
japan,1886,2025,nominal,start,0.8,,,,,,35,25,7,70,36,38,54.3,249.0,0.0,1887 1888 1889 1890 1892 1893 1894 1895 1896 1897 1898 1899 1900 1904 1906 1907 1908 1909 1910 1911 1978 1979 1982 1983 1984 1985 1986 1987 1988 1989 1990 1991
japan,1886,2025,nominal,start,0.8,,,,,,35,25,8,70,36,21,30.0,0.0,0.0,1887 1888 1889 1890 1891 1892 1893 1894 1895 1896 1897 1898 1899 1900 1901 1902 1903 1904 1905 1906 1907 1908 1909 1910 1911 1960 1961 1962 1963 1964 1973 1974 1975 1976 1977 1978 1979 1980 1981 1982 1983 1984 1985 1986 1987 1988 1989 1990 1991
japan,1886,2025,nominal,start,0.8,,,,,,35,25,9,70,36,4,5.7,0.0,0.0,1886 1887 1888 1889 1890 1891 1892 1893 1894 1895 1896 1897 1898 1899 1900 1901 1902 1903 1904 1905 1906 1907 1908 1909 1910 1911 1950 1953 1954 1955 1956 1957 1958 1959 1960 1961 1962 1963 1964 1965 1966 1967 1968 1969 1970 1971 1972 1973 1974 1975 1976 1977 1978 1979 1980 1981 1982 1983 1984 1985 1986 1987 1988 1989 1990 1991
japan,1886,2025,nominal,start,0.8,,,,,,35,25,10,70,36,3,4.3,0.0,0.0,1886 1887 1888 1889 1890 1891 1892 1893 1894 1895 1896 1897 1898 1899 1900 1901 1902 1903 1904 1905 1906 1907 1908 1909 1910 1911 1950 1952 1953 1954 1955 1956 1957 1958 1959 1960 1961 1962 1963 1964 1965 1966 1967 1968 1969 1970 1971 1972 1973 1974 1975 1976 1977 1978 1979 1980 1981 1982 1983 1984 1985 1986 1987 1988 1989 1990 1991
japan,1886,2025,nominal,start,0.8,,,,,,35,25,11,70,36,0,0.0,0.0,0.0,1886 1887 1888 1889 1890 1891 1892 1893 1894 1895 1896 1897 1898 1899 1900 1901 1902 1903 1904 1905 1906 1907 1908 1909 1910 1911 1948 1949 1950 1951 1952 1953 1954 1955 1956 1957 1958 1959 1960 1961 1962 1963 1964 1965 1966 1967 1968 1969 1970 1971 1972 1973 1974 1975 1976 1977 1978 1979 1980 1981 1982 1983 1984 1985 1986 1987 1988 1989 1990 1991
japan,1886,2025,nominal,start,0.8,,,,,,35,25,12,70,36,0,0.0,0.0,0.0,1886 1887 1888 1889 1890 1891 1892 1893 1894 1895 1896 1897 1898 1899 1900 1901 1902 1903 1904 1905 1906 1907 1908 1909 1910 1911 1948 1949 1950 1951 1952 1953 1954 1955 1956 1957 1958 1959 1960 1961 1962 1963 1964 1965 1966 1967 1968 1969 1970 1971 1972 1973 1974 1975 1976 1977 1978 1979 1980 1981 1982 1983 1984 1985 1986 1987 1988 1989 1990 1991
japan,1886,2025,nominal,start,0.8,,,,,,35,0,3,106,0,106,100.0,2343.0,1235.0,
japan,1886,2025,nominal,start,0.8,,,,,,35,0,4,106,0,106,100.0,1483.0,463.0,
japan,1886,2025,nominal,start,0.8,,,,,,35,0,5,106,0,101,95.3,593.0,0.0,1892 1893 1894 1911 1936
japan,1886,2025,nominal,start,0.8,,,,,,35,0,6,106,0,39,36.8,0.0,0.0,1886 1887 1888 1889 1890 1891 1892 1893 1894 1895 1896 1897 1898 1899 1900 1901 1902 1903 1904 1905 1906 1907 1908 1909 1910 1911 1912 1913 1914 1915 1916 1917 1918 1919 1920 1924 1925 1926 1927 1928 1929 1930 1931 1932 1933 1934 1935 1936 1937 1938 1939 1940 1941 1942 1943 1944 1945 1946 1947 1948 1985 1986 1987 1988 1989 1990 1991
japan,1886,2025,nominal,start,0.8,,,,,,35,0,7,106,0,6,5.7,0.0,0.0,1886 1887 1888 1889 1890 1891 1892 1893 1894 1895 1896 1897 1898 1899 1900 1901 1902 1903 1904 1905 1906 1907 1908 1909 1910 1911 1912 1913 1914 1915 1916 1917 1918 1919 1920 1921 1922 1923 1924 1925 1926 1927 1928 1929 1930 1931 1932 1933 1934 1935 1936 1937 1938 1939 1940 1941 1942 1943 1944 1945 1946 1947 1948 1949 1950 1951 1952 1953 1954 1955 1956 1957 1958 1959 1960 1961 1962 1963 1964 1965 1966 1967 1968 1969 1970 1971 1972 1973 1978 1979 1982 1983 1984 1985 1986 1987 1988 1989 1990 1991
japan,1886,2025,nominal,start,0.8,,,,,,35,0,8,106,0,0,0.0,0.0,0.0,1886 1887 1888 1889 1890 1891 1892 1893 1894 1895 1896 1897 1898 1899 1900 1901 1902 1903 1904 1905 1906 1907 1908 1909 1910 1911 1912 1913 1914 1915 1916 1917 1918 1919 1920 1921 1922 1923 1924 1925 1926 1927 1928 1929 1930 1931 1932 1933 1934 1935 1936 1937 1938 1939 1940 1941 1942 1943 1944 1945 1946 1947 1948 1949 1950 1951 1952 1953 1954 1955 1956 1957 1958 1959 1960 1961 1962 1963 1964 1965 1966 1967 1968 1969 1970 1971 1972 1973 1974 1975 1976 1977 1978 1979 1980 1981 1982 1983 1984 1985 1986 1987 1988 1989 1990 1991
japan,1886,2025,nominal,start,0.8,,,,,,35,0,9,106,0,0,0.0,0.0,0.0,1886 1887 1888 1889 1890 1891 1892 1893 1894 1895 1896 1897 1898 1899 1900 1901 1902 1903 1904 1905 1906 1907 1908 1909 1910 1911 1912 1913 1914 1915 1916 1917 1918 1919 1920 1921 1922 1923 1924 1925 1926 1927 1928 1929 1930 1931 1932 1933 1934 1935 1936 1937 1938 1939 1940 1941 1942 1943 1944 1945 1946 1947 1948 1949 1950 1951 1952 1953 1954 1955 1956 1957 1958 1959 1960 1961 1962 1963 1964 1965 1966 1967 1968 1969 1970 1971 1972 1973 1974 1975 1976 1977 1978 1979 1980 1981 1982 1983 1984 1985 1986 1987 1988 1989 1990 1991
japan,1886,2025,nominal,start,0.8,,,,,,35,0,10,106,0,0,0.0,0.0,0.0,1886 1887 1888 1889 1890 1891 1892 1893 1894 1895 1896 1897 1898 1899 1900 1901 1902 1903 1904 1905 1906 1907 1908 1909 1910 1911 1912 1913 1914 1915 1916 1917 1918 1919 1920 1921 1922 1923 1924 1925 1926 1927 1928 1929 1930 1931 1932 1933 1934 1935 1936 1937 1938 1939 1940 1941 1942 1943 1944 1945 1946 1947 1948 1949 1950 1951 1952 1953 1954 1955 1956 1957 1958 1959 1960 1961 1962 1963 1964 1965 1966 1967 1968 1969 1970 1971 1972 1973 1974 1975 1976 1977 1978 1979 1980 1981 1982 1983 1984 1985 1986 1987 1988 1989 1990 1991
japan,1886,2025,nominal,start,0.8,,,,,,35,0,11,106,0,0,0.0,0.0,0.0,1886 1887 1888 1889 1890 1891 1892 1893 1894 1895 1896 1897 1898 1899 1900 1901 1902 1903 1904 1905 1906 1907 1908 1909 1910 1911 1912 1913 1914 1915 1916 1917 1918 1919 1920 1921 1922 1923 1924 1925 1926 1927 1928 1929 1930 1931 1932 1933 1934 1935 1936 1937 1938 1939 1940 1941 1942 1943 1944 1945 1946 1947 1948 1949 1950 1951 1952 1953 1954 1955 1956 1957 1958 1959 1960 1961 1962 1963 1964 1965 1966 1967 1968 1969 1970 1971 1972 1973 1974 1975 1976 1977 1978 1979 1980 1981 1982 1983 1984 1985 1986 1987 1988 1989 1990 1991
japan,1886,2025,nominal,start,0.8,,,,,,35,0,12,106,0,0,0.0,0.0,0.0,1886 1887 1888 1889 1890 1891 1892 1893 1894 1895 1896 1897 1898 1899 1900 1901 1902 1903 1904 1905 1906 1907 1908 1909 1910 1911 1912 1913 1914 1915 1916 1917 1918 1919 1920 1921 1922 1923 1924 1925 1926 1927 1928 1929 1930 1931 1932 1933 1934 1935 1936 1937 1938 1939 1940 1941 1942 1943 1944 1945 1946 1947 1948 1949 1950 1951 1952 1953 1954 1955 1956 1957 1958 1959 1960 1961 1962 1963 1964 1965 1966 1967 1968 1969 1970 1971 1972 1973 1974 1975 1976 1977 1978 1979 1980 1981 1982 1983 1984 1985 1986 1987 1988 1989 1990 1991
japan,1886,2025,nominal,start,0.8,,,,,,40,100,3,60,41,60,100.0,15105.0,616.0,
japan,1886,2025,nominal,start,0.8,,,,,,40,100,4,60,41,59,98.3,12809.0,0.0,1986
japan,1886,2025,nominal,start,0.8,,,,,,40,100,5,60,41,57,95.0,9977.0,0.0,1897 1985 1986
japan,1886,2025,nominal,start,0.8,,,,,,40,100,6,60,41,54,90.0,7697.0,0.0,1897 1982 1983 1984 1985 1986
japan,1886,2025,nominal,start,0.8,,,,,,40,100,7,60,41,47,78.3,5163.0,0.0,1896 1897 1898 1974 1978 1979 1980 1981 1982 1983 1984 1985 1986
japan,1886,2025,nominal,start,0.8,,,,,,40,100,8,60,41,41,68.3,2990.0,0.0,1887 1895 1896 1897 1898 1973 1974 1975 1976 1977 1978 1979 1980 1981 1982 1983 1984 1985 1986
japan,1886,2025,nominal,start,0.8,,,,,,40,100,9,60,41,35,58.3,1134.0,0.0,1887 1890 1893 1894 1895 1896 1897 1898 1900 1906 1962 1973 1974 1975 1976 1977 1978 1979 1980 1981 1982 1983 1984 1985 1986
japan,1886,2025,nominal,start,0.8,,,,,,40,100,10,60,41,29,48.3,0.0,0.0,1887 1888 1889 1890 1893 1894 1895 1896 1897 1898 1899 1900 1906 1961 1962 1963 1964 1973 1974 1975 1976 1977 1978 1979 1980 1981 1982 1983 1984 1985 1986
japan,1886,2025,nominal,start,0.8,,,,,,40,100,11,60,41,23,38.3,0.0,0.0,1887 1888 1889 1890 1891 1893 1894 1895 1896 1897 1898 1899 1900 1901 1903 1904 1906 1961 1962 1963 1964 1970 1972 1973 1974 1975 1976 1977 1978 1979 1980 1981 1982 1983 1984 1985 1986
japan,1886,2025,nominal,start,0.8,,,,,,40,100,12,60,41,17,28.3,0.0,0.0,1887 1888 1889 1890 1891 1892 1893 1894 1895 1896 1897 1898 1899 1900 1901 1903 1904 1905 1906 1960 1961 1962 1963 1964 1965 1967 1970 1971 1972 1973 1974 1975 1976 1977 1978 1979 1980 1981 1982 1983 1984 1985 1986
japan,1886,2025,nominal,start,0.8,,,,,,40,75,3,60,41,60,100.0,12673.0,1311.0,
japan,1886,2025,nominal,start,0.8,,,,,,40,75,4,60,41,60,100.0,10739.0,312.0,
japan,1886,2025,nominal,start,0.8,,,,,,40,75,5,60,41,57,95.0,8509.0,0.0,1897 1985 1986
japan,1886,2025,nominal,start,0.8,,,,,,40,75,6,60,41,56,93.3,6305.0,0.0,1897 1984 1985 1986
japan,1886,2025,nominal,start,0.8,,,,,,40,75,7,60,41,48,80.0,4103.0,0.0,1896 1897 1898 1974 1979 1980 1981 1982 1983 1984 1985 1986
japan,1886,2025,nominal,start,0.8,,,,,,40,75,8,60,41,38,63.3,1882.0,0.0,1887 1890 1893 1895 1896 1897 1898 1900 1973 1974 1975 1976 1977 1978 1979 1980 1981 1982 1983 1984 1985 1986
japan,1886,2025,nominal,start,0.8,,,,,,40,75,9,60,41,31,51.7,12.0,0.0,1887 1888 1889 1890 1893 1894 1895 1896 1897 1898 1900 1906 1961 1962 1963 1973 1974 1975 1976 1977 1978 1979 1980 1981 1982 1983 1984 1985 1986
japan,1886,2025,nominal,start,0.8,,,,,,40,75,10,60,41,25,41.7,0.0,0.0,1887 1888 1889 1890 1891 1893 1894 1895 1896 1897 1898 1899 1900 1901 1903 1904 1906 1961 1962 1963 1964 1973 1974 1975 1976 1977 1978 1979 1980 1981 1982 1983 1984 1985 1986
japan,1886,2025,nominal,start,0.8,,,,,,40,75,11,60,41,17,28.3,0.0,0.0,1887 1888 1889 1890 1891 1892 1893 1894 1895 1896 1897 1898 1899 1900 1901 1903 1904 1905 1906 1960 1961 1962 1963 1964 1965 1967 1970 1971 1972 1973 1974 1975 1976 1977 1978 1979 1980 1981 1982 1983 1984 1985 1986
japan,1886,2025,nominal,start,0.8,,,,,,40,75,12,60,41,11,18.3,0.0,0.0,1886 1887 1888 1889 1890 1891 1892 1893 1894 1895 1896 1897 1898 1899 1900 1901 1902 1903 1904 1905 1906 1954 1960 1961 1962 1963 1964 1965 1966 1967 1968 1969 1970 1971 1972 1973 1974 1975 1976 1977 1978 1979 1980 1981 1982 1983 1984 1985 1986
japan,1886,2025,nominal,start,0.8,,,,,,40,50,3,60,41,60,100.0,9551.0,1631.0,
japan,1886,2025,nominal,start,0.8,,,,,,40,50,4,60,41,60,100.0,7564.0,729.0,
japan,1886,2025,nominal,start,0.8,,,,,,40,50,5,60,41,59,98.3,5748.0,0.0,1986
japan,1886,2025,nominal,start,0.8,,,,,,40,50,6,60,41,57,95.0,3798.0,0.0,1897 1985 1986
japan,1886,2025,nominal,start,0.8,,,,,,40,50,7,60,41,49,81.7,2039.0,0.0,1896 1897 1898 1974 1978 1979 1982 1983 1984 1985 1986
japan,1886,2025,nominal,start,0.8,,,,,,40,50,8,60,41,32,53.3,431.0,0.0,1887 1888 1889 1890 1893 1894 1895 1896 1897 1898 1899 1900 1906 1962 1973 1974 1975 1976 1977 1978 1979 1980 1981 1982 1983 1984 1985 1986
japan,1886,2025,nominal,start,0.8,,,,,,40,50,9,60,41,21,35.0,0.0,0.0,1887 1888 1889 1890 1891 1892 1893 1894 1895 1896 1897 1898 1899 1900 1901 1903 1904 1905 1906 1960 1961 1962 1963 1964 1970 1973 1974 1975 1976 1977 1978 1979 1980 1981 1982 1983 1984 1985 1986
japan,1886,2025,nominal,start,0.8,,,,,,40,50,10,60,41,13,21.7,0.0,0.0,1887 1888 1889 1890 1891 1892 1893 1894 1895 1896 1897 1898 1899 1900 1901 1902 1903 1904 1905 1906 1960 1961 1962 1963 1964 1965 1966 1967 1968 1969 1970 1971 1972 1973 1974 1975 1976 1977 1978 1979 1980 1981 1982 1983 1984 1985 1986
japan,1886,2025,nominal,start,0.8,,,,,,40,50,11,60,41,8,13.3,0.0,0.0,1886 1887 1888 1889 1890 1891 1892 1893 1894 1895 1896 1897 1898 1899 1900 1901 1902 1903 1904 1905 1906 1954 1957 1958 1959 1960 1961 1962 1963 1964 1965 1966 1967 1968 1969 1970 1971 1972 1973 1974 1975 1976 1977 1978 1979 1980 1981 1982 1983 1984 1985 1986
japan,1886,2025,nominal,start,0.8,,,,,,40,50,12,60,41,4,6.7,0.0,0.0,1886 1887 1888 1889 1890 1891 1892 1893 1894 1895 1896 1897 1898 1899 1900 1901 1902 1903 1904 1905 1906 1950 1953 1954 1955 1956 1957 1958 1959 1960 1961 1962 1963 1964 1965 1966 1967 1968 1969 1970 1971 1972 1973 1974 1975 1976 1977 1978 1979 1980 1981 1982 1983 1984 1985 1986
japan,1886,2025,nominal,start,0.8,,,,,,40,25,3,60,41,60,100.0,5609.0,1575.0,
japan,1886,2025,nominal,start,0.8,,,,,,40,25,4,60,41,60,100.0,4149.0,793.0,
japan,1886,2025,nominal,start,0.8,,,,,,40,25,5,60,41,60,100.0,2803.0,11.0,
japan,1886,2025,nominal,start,0.8,,,,,,40,25,6,60,41,52,86.7,1363.0,0.0,1893 1894 1896 1897 1898 1984 1985 1986
japan,1886,2025,nominal,start,0.8,,,,,,40,25,7,60,41,31,51.7,270.0,0.0,1887 1888 1889 1890 1891 1892 1893 1894 1895 1896 1897 1898 1899 1900 1901 1903 1904 1906 1973 1974 1978 1979 1980 1981 1982 1983 1984 1985 1986
japan,1886,2025,nominal,start,0.8,,,,,,40,25,8,60,41,15,25.0,0.0,0.0,1886 1887 1888 1889 1890 1891 1892 1893 1894 1895 1896 1897 1898 1899 1900 1901 1902 1903 1904 1905 1906 1960 1961 1962 1963 1964 1965 1967 1970 1971 1972 1973 1974 1975 1976 1977 1978 1979 1980 1981 1982 1983 1984 1985 1986
japan,1886,2025,nominal,start,0.8,,,,,,40,25,9,60,41,4,6.7,0.0,0.0,1886 1887 1888 1889 1890 1891 1892 1893 1894 1895 1896 1897 1898 1899 1900 1901 1902 1903 1904 1905 1906 1950 1953 1954 1955 1956 1957 1958 1959 1960 1961 1962 1963 1964 1965 1966 1967 1968 1969 1970 1971 1972 1973 1974 1975 1976 1977 1978 1979 1980 1981 1982 1983 1984 1985 1986
japan,1886,2025,nominal,start,0.8,,,,,,40,25,10,60,41,3,5.0,0.0,0.0,1886 1887 1888 1889 1890 1891 1892 1893 1894 1895 1896 1897 1898 1899 1900 1901 1902 1903 1904 1905 1906 1950 1952 1953 1954 1955 1956 1957 1958 1959 1960 1961 1962 1963 1964 1965 1966 1967 1968 1969 1970 1971 1972 1973 1974 1975 1976 1977 1978 1979 1980 1981 1982 1983 1984 1985 1986
japan,1886,2025,nominal,start,0.8,,,,,,40,25,11,60,41,0,0.0,0.0,0.0,1886 1887 1888 1889 1890 1891 1892 1893 1894 1895 1896 1897 1898 1899 1900 1901 1902 1903 1904 1905 1906 1948 1949 1950 1951 1952 1953 1954 1955 1956 1957 1958 1959 1960 1961 1962 1963 1964 1965 1966 1967 1968 1969 1970 1971 1972 1973 1974 1975 1976 1977 1978 1979 1980 1981 1982 1983 1984 1985 1986
japan,1886,2025,nominal,start,0.8,,,,,,40,25,12,60,41,0,0.0,0.0,0.0,1886 1887 1888 1889 1890 1891 1892 1893 1894 1895 1896 1897 1898 1899 1900 1901 1902 1903 1904 1905 1906 1948 1949 1950 1951 1952 1953 1954 1955 1956 1957 1958 1959 1960 1961 1962 1963 1964 1965 1966 1967 1968 1969 1970 1971 1972 1973 1974 1975 1976 1977 1978 1979 1980 1981 1982 1983 1984 1985 1986
japan,1886,2025,nominal,start,0.8,,,,,,40,0,3,101,0,101,100.0,2873.0,1242.0,
japan,1886,2025,nominal,start,0.8,,,,,,40,0,4,101,0,101,100.0,1660.0,382.0,
japan,1886,2025,nominal,start,0.8,,,,,,40,0,5,101,0,78,77.2,496.0,0.0,1888 1890 1892 1893 1894 1895 1896 1897 1898 1899 1900 1910 1911 1912 1933 1934 1935 1936 1937 1938 1939 1940 1986
japan,1886,2025,nominal,start,0.8,,,,,,40,0,6,101,0,28,27.7,0.0,0.0,1886 1887 1888 1889 1890 1891 1892 1893 1894 1895 1896 1897 1898 1899 1900 1901 1902 1903 1904 1905 1906 1907 1908 1909 1910 1911 1912 1913 1914 1915 1916 1917 1918 1919 1920 1921 1922 1923 1924 1925 1926 1927 1928 1929 1930 1931 1932 1933 1934 1935 1936 1937 1938 1939 1940 1941 1942 1943 1944 1945 1946 1947 1948 1949 1950 1951 1952 1978 1979 1983 1984 1985 1986
japan,1886,2025,nominal,start,0.8,,,,,,40,0,7,101,0,0,0.0,0.0,0.0,1886 1887 1888 1889 1890 1891 1892 1893 1894 1895 1896 1897 1898 1899 1900 1901 1902 1903 1904 1905 1906 1907 1908 1909 1910 1911 1912 1913 1914 1915 1916 1917 1918 1919 1920 1921 1922 1923 1924 1925 1926 1927 1928 1929 1930 1931 1932 1933 1934 1935 1936 1937 1938 1939 1940 1941 1942 1943 1944 1945 1946 1947 1948 1949 1950 1951 1952 1953 1954 1955 1956 1957 1958 1959 1960 1961 1962 1963 1964 1965 1966 1967 1968 1969 1970 1971 1972 1973 1974 1975 1976 1977 1978 1979 1980 1981 1982 1983 1984 1985 1986
japan,1886,2025,nominal,start,0.8,,,,,,40,0,8,101,0,0,0.0,0.0,0.0,1886 1887 1888 1889 1890 1891 1892 1893 1894 1895 1896 1897 1898 1899 1900 1901 1902 1903 1904 1905 1906 1907 1908 1909 1910 1911 1912 1913 1914 1915 1916 1917 1918 1919 1920 1921 1922 1923 1924 1925 1926 1927 1928 1929 1930 1931 1932 1933 1934 1935 1936 1937 1938 1939 1940 1941 1942 1943 1944 1945 1946 1947 1948 1949 1950 1951 1952 1953 1954 1955 1956 1957 1958 1959 1960 1961 1962 1963 1964 1965 1966 1967 1968 1969 1970 1971 1972 1973 1974 1975 1976 1977 1978 1979 1980 1981 1982 1983 1984 1985 1986
japan,1886,2025,nominal,start,0.8,,,,,,40,0,9,101,0,0,0.0,0.0,0.0,1886 1887 1888 1889 1890 1891 1892 1893 1894 1895 1896 1897 1898 1899 1900 1901 1902 1903 1904 1905 1906 1907 1908 1909 1910 1911 1912 1913 1914 1915 1916 1917 1918 1919 1920 1921 1922 1923 1924 1925 1926 1927 1928 1929 1930 1931 1932 1933 1934 1935 1936 1937 1938 1939 1940 1941 1942 1943 1944 1945 1946 1947 1948 1949 1950 1951 1952 1953 1954 1955 1956 1957 1958 1959 1960 1961 1962 1963 1964 1965 1966 1967 1968 1969 1970 1971 1972 1973 1974 1975 1976 1977 1978 1979 1980 1981 1982 1983 1984 1985 1986
japan,1886,2025,nominal,start,0.8,,,,,,40,0,10,101,0,0,0.0,0.0,0.0,1886 1887 1888 1889 1890 1891 1892 1893 1894 1895 1896 1897 1898 1899 1900 1901 1902 1903 1904 1905 1906 1907 1908 1909 1910 1911 1912 1913 1914 1915 1916 1917 1918 1919 1920 1921 1922 1923 1924 1925 1926 1927 1928 1929 1930 1931 1932 1933 1934 1935 1936 1937 1938 1939 1940 1941 1942 1943 1944 1945 1946 1947 1948 1949 1950 1951 1952 1953 1954 1955 1956 1957 1958 1959 1960 1961 1962 1963 1964 1965 1966 1967 1968 1969 1970 1971 1972 1973 1974 1975 1976 1977 1978 1979 1980 1981 1982 1983 1984 1985 1986
japan,1886,2025,nominal,start,0.8,,,,,,40,0,11,101,0,0,0.0,0.0,0.0,1886 1887 1888 1889 1890 1891 1892 1893 1894 1895 1896 1897 1898 1899 1900 1901 1902 1903 1904 1905 1906 1907 1908 1909 1910 1911 1912 1913 1914 1915 1916 1917 1918 1919 1920 1921 1922 1923 1924 1925 1926 1927 1928 1929 1930 1931 1932 1933 1934 1935 1936 1937 1938 1939 1940 1941 1942 1943 1944 1945 1946 1947 1948 1949 1950 1951 1952 1953 1954 1955 1956 1957 1958 1959 1960 1961 1962 1963 1964 1965 1966 1967 1968 1969 1970 1971 1972 1973 1974 1975 1976 1977 1978 1979 1980 1981 1982 1983 1984 1985 1986
japan,1886,2025,nominal,start,0.8,,,,,,40,0,12,101,0,0,0.0,0.0,0.0,1886 1887 1888 1889 1890 1891 1892 1893 1894 1895 1896 1897 1898 1899 1900 1901 1902 1903 1904 1905 1906 1907 1908 1909 1910 1911 1912 1913 1914 1915 1916 1917 1918 1919 1920 1921 1922 1923 1924 1925 1926 1927 1928 1929 1930 1931 1932 1933 1934 1935 1936 1937 1938 1939 1940 1941 1942 1943 1944 1945 1946 1947 1948 1949 1950 1951 1952 1953 1954 1955 1956 1957 1958 1959 1960 1961 1962 1963 1964 1965 1966 1967 1968 1969 1970 1971 1972 1973 1974 1975 1976 1977 1978 1979 1980 1981 1982 1983 1984 1985 1986
japan,1886,2025,nominal,start,0.8,,,,,,45,100,3,50,46,50,100.0,17248.0,2624.0,
japan,1886,2025,nominal,start,0.8,,,,,,45,100,4,50,46,50,100.0,14095.0,492.0,
japan,1886,2025,nominal,start,0.8,,,,,,45,100,5,50,46,49,98.0,11052.0,0.0,1897
japan,1886,2025,nominal,start,0.8,,,,,,45,100,6,50,46,46,92.0,7887.0,0.0,1897 1974 1980 1981
japan,1886,2025,nominal,start,0.8,,,,,,45,100,7,50,46,41,82.0,5331.0,0.0,1896 1897 1898 1974 1977 1978 1979 1980 1981
japan,1886,2025,nominal,start,0.8,,,,,,45,100,8,50,46,35,70.0,3275.0,0.0,1887 1890 1895 1896 1897 1898 1973 1974 1975 1976 1977 1978 1979 1980 1981
japan,1886,2025,nominal,start,0.8,,,,,,45,100,9,50,46,31,62.0,1376.0,0.0,1887 1890 1893 1894 1895 1896 1897 1898 1900 1962 1973 1974 1975 1976 1977 1978 1979 1980 1981
japan,1886,2025,nominal,start,0.8,,,,,,45,100,10,50,46,25,50.0,108.0,0.0,1887 1888 1889 1890 1893 1894 1895 1896 1897 1898 1899 1900 1961 1962 1963 1964 1973 1974 1975 1976 1977 1978 1979 1980 1981
japan,1886,2025,nominal,start,0.8,,,,,,45,100,11,50,46,19,38.0,0.0,0.0,1887 1888 1889 1890 1891 1893 1894 1895 1896 1897 1898 1899 1900 1901 1960 1961 1962 1963 1964 1970 1971 1972 1973 1974 1975 1976 1977 1978 1979 1980 1981
japan,1886,2025,nominal,start,0.8,,,,,,45,100,12,50,46,16,32.0,0.0,0.0,1887 1888 1889 1890 1891 1892 1893 1894 1895 1896 1897 1898 1899 1900 1901 1960 1961 1962 1963 1964 1965 1967 1970 1971 1972 1973 1974 1975 1976 1977 1978 1979 1980 1981
japan,1886,2025,nominal,start,0.8,,,,,,45,75,3,50,46,50,100.0,14986.0,3762.0,
japan,1886,2025,nominal,start,0.8,,,,,,45,75,4,50,46,50,100.0,11945.0,2060.0,
japan,1886,2025,nominal,start,0.8,,,,,,45,75,5,50,46,49,98.0,9021.0,0.0,1897
japan,1886,2025,nominal,start,0.8,,,,,,45,75,6,50,46,49,98.0,6628.0,0.0,1897
japan,1886,2025,nominal,start,0.8,,,,,,45,75,7,50,46,42,84.0,4024.0,0.0,1896 1897 1898 1974 1978 1979 1980 1981
japan,1886,2025,nominal,start,0.8,,,,,,45,75,8,50,46,32,64.0,2211.0,0.0,1887 1890 1893 1894 1895 1896 1897 1898 1900 1973 1974 1975 1976 1977 1978 1979 1980 1981
japan,1886,2025,nominal,start,0.8,,,,,,45,75,9,50,46,25,50.0,353.0,0.0,1887 1888 1889 1890 1893 1894 1895 1896 1897 1898 1899 1900 1961 1962 1963 1964 1973 1974 1975 1976 1977 1978 1979 1980 1981
japan,1886,2025,nominal,start,0.8,,,,,,45,75,10,50,46,19,38.0,0.0,0.0,1887 1888 1889 1890 1891 1893 1894 1895 1896 1897 1898 1899 1900 1901 1960 1961 1962 1963 1964 1970 1971 1972 1973 1974 1975 1976 1977 1978 1979 1980 1981
japan,1886,2025,nominal,start,0.8,,,,,,45,75,11,50,46,14,28.0,0.0,0.0,1887 1888 1889 1890 1891 1892 1893 1894 1895 1896 1897 1898 1899 1900 1901 1960 1961 1962 1963 1964 1965 1967 1968 1969 1970 1971 1972 1973 1974 1975 1976 1977 1978 1979 1980 1981
japan,1886,2025,nominal,start,0.8,,,,,,45,75,12,50,46,9,18.0,0.0,0.0,1886 1887 1888 1889 1890 1891 1892 1893 1894 1895 1896 1897 1898 1899 1900 1901 1954 1957 1958 1960 1961 1962 1963 1964 1965 1966 1967 1968 1969 1970 1971 1972 1973 1974 1975 1976 1977 1978 1979 1980 1981
japan,1886,2025,nominal,start,0.8,,,,,,45,50,3,50,46,50,100.0,11361.0,4184.0,
japan,1886,2025,nominal,start,0.8,,,,,,45,50,4,50,46,50,100.0,8612.0,2626.0,
japan,1886,2025,nominal,start,0.8,,,,,,45,50,5,50,46,50,100.0,6691.0,282.0,
japan,1886,2025,nominal,start,0.8,,,,,,45,50,6,50,46,49,98.0,4368.0,0.0,1897
japan,1886,2025,nominal,start,0.8,,,,,,45,50,7,50,46,39,78.0,2457.0,0.0,1893 1894 1895 1896 1897 1898 1974 1978 1979 1980 1981
japan,1886,2025,nominal,start,0.8,,,,,,45,50,8,50,46,27,54.0,334.0,0.0,1887 1888 1889 1890 1893 1894 1895 1896 1897 1898 1899 1900 1961 1962 1973 1974 1975 1976 1977 1978 1979 1980 1981
japan,1886,2025,nominal,start,0.8,,,,,,45,50,9,50,46,16,32.0,0.0,0.0,1887 1888 1889 1890 1891 1892 1893 1894 1895 1896 1897 1898 1899 1900 1901 1960 1961 1962 1963 1964 1965 1967 1970 1971 1972 1973 1974 1975 1976 1977 1978 1979 1980 1981
japan,1886,2025,nominal,start,0.8,,,,,,45,50,10,50,46,9,18.0,0.0,0.0,1886 1887 1888 1889 1890 1891 1892 1893 1894 1895 1896 1897 1898 1899 1900 1901 1954 1957 1958 1960 1961 1962 1963 1964 1965 1966 1967 1968 1969 1970 1971 1972 1973 1974 1975 1976 1977 1978 1979 1980 1981
japan,1886,2025,nominal,start,0.8,,,,,,45,50,11,50,46,8,16.0,0.0,0.0,1886 1887 1888 1889 1890 1891 1892 1893 1894 1895 1896 1897 1898 1899 1900 1901 1954 1957 1958 1959 1960 1961 1962 1963 1964 1965 1966 1967 1968 1969 1970 1971 1972 1973 1974 1975 1976 1977 1978 1979 1980 1981
japan,1886,2025,nominal,start,0.8,,,,,,45,50,12,50,46,4,8.0,0.0,0.0,1886 1887 1888 1889 1890 1891 1892 1893 1894 1895 1896 1897 1898 1899 1900 1901 1950 1953 1954 1955 1956 1957 1958 1959 1960 1961 1962 1963 1964 1965 1966 1967 1968 1969 1970 1971 1972 1973 1974 1975 1976 1977 1978 1979 1980 1981
japan,1886,2025,nominal,start,0.8,,,,,,45,25,3,50,46,50,100.0,7169.0,3549.0,
japan,1886,2025,nominal,start,0.8,,,,,,45,25,4,50,46,50,100.0,5323.0,2165.0,
japan,1886,2025,nominal,start,0.8,,,,,,45,25,5,50,46,50,100.0,3756.0,233.0,
japan,1886,2025,nominal,start,0.8,,,,,,45,25,6,50,46,43,86.0,2191.0,0.0,1893 1894 1895 1896 1897 1898 1900
japan,1886,2025,nominal,start,0.8,,,,,,45,25,7,50,46,27,54.0,151.0,0.0,1887 1888 1889 1890 1891 1892 1893 1894 1895 1896 1897 1898 1899 1900 1901 1962 1973 1974 1977 1978 1979 1980 1981
japan,1886,2025,nominal,start,0.8,,,,,,45,25,8,50,46,9,18.0,0.0,0.0,1886 1887 1888 1889 1890 1891 1892 1893 1894 1895 1896 1897 1898 1899 1900 1901 1954 1957 1958 1960 1961 1962 1963 1964 1965 1966 1967 1968 1969 1970 1971 1972 1973 1974 1975 1976 1977 1978 1979 1980 1981
japan,1886,2025,nominal,start,0.8,,,,,,45,25,9,50,46,4,8.0,0.0,0.0,1886 1887 1888 1889 1890 1891 1892 1893 1894 1895 1896 1897 1898 1899 1900 1901 1950 1953 1954 1955 1956 1957 1958 1959 1960 1961 1962 1963 1964 1965 1966 1967 1968 1969 1970 1971 1972 1973 1974 1975 1976 1977 1978 1979 1980 1981
japan,1886,2025,nominal,start,0.8,,,,,,45,25,10,50,46,2,4.0,0.0,0.0,1886 1887 1888 1889 1890 1891 1892 1893 1894 1895 1896 1897 1898 1899 1900 1901 1950 1951 1952 1953 1954 1955 1956 1957 1958 1959 1960 1961 1962 1963 1964 1965 1966 1967 1968 1969 1970 1971 1972 1973 1974 1975 1976 1977 1978 1979 1980 1981
japan,1886,2025,nominal,start,0.8,,,,,,45,25,11,50,46,0,0.0,0.0,0.0,1886 1887 1888 1889 1890 1891 1892 1893 1894 1895 1896 1897 1898 1899 1900 1901 1948 1949 1950 1951 1952 1953 1954 1955 1956 1957 1958 1959 1960 1961 1962 1963 1964 1965 1966 1967 1968 1969 1970 1971 1972 1973 1974 1975 1976 1977 1978 1979 1980 1981
japan,1886,2025,nominal,start,0.8,,,,,,45,25,12,50,46,0,0.0,0.0,0.0,1886 1887 1888 1889 1890 1891 1892 1893 1894 1895 1896 1897 1898 1899 1900 1901 1948 1949 1950 1951 1952 1953 1954 1955 1956 1957 1958 1959 1960 1961 1962 1963 1964 1965 1966 1967 1968 1969 1970 1971 1972 1973 1974 1975 1976 1977 1978 1979 1980 1981
japan,1886,2025,nominal,start,0.8,,,,,,45,0,3,96,0,96,100.0,3654.0,1801.0,
japan,1886,2025,nominal,start,0.8,,,,,,45,0,4,96,0,96,100.0,2004.0,236.0,
japan,1886,2025,nominal,start,0.8,,,,,,45,0,5,96,0,64,66.7,446.0,0.0,1887 1888 1889 1890 1891 1892 1893 1894 1895 1896 1897 1898 1899 1900 1901 1903 1904 1906 1907 1910 1911 1912 1933 1934 1935 1936 1937 1938 1939 1940 1941 1942
japan,1886,2025,nominal,start,0.8,,,,,,45,0,6,96,0,24,25.0,0.0,0.0,1886 1887 1888 1889 1890 1891 1892 1893 1894 1895 1896 1897 1898 1899 1900 1901 1902 1903 1904 1905 1906 1907 1908 1909 1910 1911 1912 1913 1914 1915 1916 1917 1918 1919 1920 1921 1922 1923 1924 1925 1926 1927 1928 1929 1930 1931 1932 1933 1934 1935 1936 1937 1938 1939 1940 1941 1942 1943 1944 1945 1946 1947 1948 1949 1950 1951 1952 1953 1954 1955 1978 1979
japan,1886,2025,nominal,start,0.8,,,,,,45,0,7,96,0,0,0.0,0.0,0.0,1886 1887 1888 1889 1890 1891 1892 1893 1894 1895 1896 1897 1898 1899 1900 1901 1902 1903 1904 1905 1906 1907 1908 1909 1910 1911 1912 1913 1914 1915 1916 1917 1918 1919 1920 1921 1922 1923 1924 1925 1926 1927 1928 1929 1930 1931 1932 1933 1934 1935 1936 1937 1938 1939 1940 1941 1942 1943 1944 1945 1946 1947 1948 1949 1950 1951 1952 1953 1954 1955 1956 1957 1958 1959 1960 1961 1962 1963 1964 1965 1966 1967 1968 1969 1970 1971 1972 1973 1974 1975 1976 1977 1978 1979 1980 1981
japan,1886,2025,nominal,start,0.8,,,,,,45,0,8,96,0,0,0.0,0.0,0.0,1886 1887 1888 1889 1890 1891 1892 1893 1894 1895 1896 1897 1898 1899 1900 1901 1902 1903 1904 1905 1906 1907 1908 1909 1910 1911 1912 1913 1914 1915 1916 1917 1918 1919 1920 1921 1922 1923 1924 1925 1926 1927 1928 1929 1930 1931 1932 1933 1934 1935 1936 1937 1938 1939 1940 1941 1942 1943 1944 1945 1946 1947 1948 1949 1950 1951 1952 1953 1954 1955 1956 1957 1958 1959 1960 1961 1962 1963 1964 1965 1966 1967 1968 1969 1970 1971 1972 1973 1974 1975 1976 1977 1978 1979 1980 1981
japan,1886,2025,nominal,start,0.8,,,,,,45,0,9,96,0,0,0.0,0.0,0.0,1886 1887 1888 1889 1890 1891 1892 1893 1894 1895 1896 1897 1898 1899 1900 1901 1902 1903 1904 1905 1906 1907 1908 1909 1910 1911 1912 1913 1914 1915 1916 1917 1918 1919 1920 1921 1922 1923 1924 1925 1926 1927 1928 1929 1930 1931 1932 1933 1934 1935 1936 1937 1938 1939 1940 1941 1942 1943 1944 1945 1946 1947 1948 1949 1950 1951 1952 1953 1954 1955 1956 1957 1958 1959 1960 1961 1962 1963 1964 1965 1966 1967 1968 1969 1970 1971 1972 1973 1974 1975 1976 1977 1978 1979 1980 1981
japan,1886,2025,nominal,start,0.8,,,,,,45,0,10,96,0,0,0.0,0.0,0.0,1886 1887 1888 1889 1890 1891 1892 1893 1894 1895 1896 1897 1898 1899 1900 1901 1902 1903 1904 1905 1906 1907 1908 1909 1910 1911 1912 1913 1914 1915 1916 1917 1918 1919 1920 1921 1922 1923 1924 1925 1926 1927 1928 1929 1930 1931 1932 1933 1934 1935 1936 1937 1938 1939 1940 1941 1942 1943 1944 1945 1946 1947 1948 1949 1950 1951 1952 1953 1954 1955 1956 1957 1958 1959 1960 1961 1962 1963 1964 1965 1966 1967 1968 1969 1970 1971 1972 1973 1974 1975 1976 1977 1978 1979 1980 1981
japan,1886,2025,nominal,start,0.8,,,,,,45,0,11,96,0,0,0.0,0.0,0.0,1886 1887 1888 1889 1890 1891 1892 1893 1894 1895 1896 1897 1898 1899 1900 1901 1902 1903 1904 1905 1906 1907 1908 1909 1910 1911 1912 1913 1914 1915 1916 1917 1918 1919 1920 1921 1922 1923 1924 1925 1926 1927 1928 1929 1930 1931 1932 1933 1934 1935 1936 1937 1938 1939 1940 1941 1942 1943 1944 1945 1946 1947 1948 1949 1950 1951 1952 1953 1954 1955 1956 1957 1958 1959 1960 1961 1962 1963 1964 1965 1966 1967 1968 1969 1970 1971 1972 1973 1974 1975 1976 1977 1978 1979 1980 1981
japan,1886,2025,nominal,start,0.8,,,,,,45,0,12,96,0,0,0.0,0.0,0.0,1886 1887 1888 1889 1890 1891 1892 1893 1894 1895 1896 1897 1898 1899 1900 1901 1902 1903 1904 1905 1906 1907 1908 1909 1910 1911 1912 1913 1914 1915 1916 1917 1918 1919 1920 1921 1922 1923 1924 1925 1926 1927 1928 1929 1930 1931 1932 1933 1934 1935 1936 1937 1938 1939 1940 1941 1942 1943 1944 1945 1946 1947 1948 1949 1950 1951 1952 1953 1954 1955 1956 1957 1958 1959 1960 1961 1962 1963 1964 1965 1966 1967 1968 1969 1970 1971 1972 1973 1974 1975 1976 1977 1978 1979 1980 1981
japan,1886,2025,nominal,start,0.8,,,,,,50,100,3,40,51,40,100.0,27056.0,4327.0,
japan,1886,2025,nominal,start,0.8,,,,,,50,100,4,40,51,40,100.0,21618.0,2631.0,
japan,1886,2025,nominal,start,0.8,,,,,,50,100,5,40,51,40,100.0,16220.0,934.0,
japan,1886,2025,nominal,start,0.8,,,,,,50,100,6,40,51,38,95.0,11705.0,0.0,1896 1974
japan,1886,2025,nominal,start,0.8,,,,,,50,100,7,40,51,35,87.5,8028.0,0.0,1896 1973 1974 1975 1976
japan,1886,2025,nominal,start,0.8,,,,,,50,100,8,40,51,32,80.0,5948.0,0.0,1887 1890 1895 1896 1973 1974 1975 1976
japan,1886,2025,nominal,start,0.8,,,,,,50,100,9,40,51,25,62.5,3644.0,0.0,1887 1888 1890 1893 1894 1895 1896 1961 1962 1963 1964 1973 1974 1975 1976
japan,1886,2025,nominal,start,0.8,,,,,,50,100,10,40,51,21,52.5,1635.0,0.0,1887 1888 1889 1890 1893 1894 1895 1896 1961 1962 1963 1964 1970 1971 1972 1973 1974 1975 1976
japan,1886,2025,nominal,start,0.8,,,,,,50,100,11,40,51,17,42.5,0.0,0.0,1887 1888 1889 1890 1891 1893 1894 1895 1896 1960 1961 1962 1963 1964 1965 1967 1970 1971 1972 1973 1974 1975 1976
japan,1886,2025,nominal,start,0.8,,,,,,50,100,12,40,51,14,35.0,0.0,0.0,1887 1888 1889 1890 1891 1892 1893 1894 1895 1896 1960 1961 1962 1963 1964 1965 1967 1968 1969 1970 1971 1972 1973 1974 1975 1976
japan,1886,2025,nominal,start,0.8,,,,,,50,75,3,40,51,40,100.0,21409.0,5502.0,
japan,1886,2025,nominal,start,0.8,,,,,,50,75,4,40,51,40,100.0,16914.0,3704.0,
japan,1886,2025,nominal,start,0.8,,,,,,50,75,5,40,51,40,100.0,13379.0,1905.0,
japan,1886,2025,nominal,start,0.8,,,,,,50,75,6,40,51,40,100.0,9066.0,106.0,
japan,1886,2025,nominal,start,0.8,,,,,,50,75,7,40,51,37,92.5,6735.0,0.0,1896 1973 1974
japan,1886,2025,nominal,start,0.8,,,,,,50,75,8,40,51,29,72.5,4171.0,0.0,1887 1890 1893 1894 1895 1896 1962 1973 1974 1975 1976
japan,1886,2025,nominal,start,0.8,,,,,,50,75,9,40,51,24,60.0,1878.0,0.0,1887 1888 1889 1890 1893 1894 1895 1896 1961 1962 1963 1964 1973 1974 1975 1976
japan,1886,2025,nominal,start,0.8,,,,,,50,75,10,40,51,16,40.0,0.0,0.0,1887 1888 1889 1890 1891 1892 1893 1894 1895 1896 1960 1961 1962 1963 1964 1965 1967 1970 1971 1972 1973 1974 1975 1976
japan,1886,2025,nominal,start,0.8,,,,,,50,75,11,40,51,13,32.5,0.0,0.0,1887 1888 1889 1890 1891 1892 1893 1894 1895 1896 1960 1961 1962 1963 1964 1965 1966 1967 1968 1969 1970 1971 1972 1973 1974 1975 1976
japan,1886,2025,nominal,start,0.8,,,,,,50,75,12,40,51,9,22.5,0.0,0.0,1886 1887 1888 1889 1890 1891 1892 1893 1894 1895 1896 1954 1957 1958 1960 1961 1962 1963 1964 1965 1966 1967 1968 1969 1970 1971 1972 1973 1974 1975 1976
japan,1886,2025,nominal,start,0.8,,,,,,50,50,3,40,51,40,100.0,14499.0,5919.0,
japan,1886,2025,nominal,start,0.8,,,,,,50,50,4,40,51,40,100.0,12136.0,4146.0,
japan,1886,2025,nominal,start,0.8,,,,,,50,50,5,40,51,40,100.0,8982.0,2373.0,
japan,1886,2025,nominal,start,0.8,,,,,,50,50,6,40,51,40,100.0,6450.0,213.0,
japan,1886,2025,nominal,start,0.8,,,,,,50,50,7,40,51,33,82.5,3981.0,0.0,1887 1893 1894 1895 1896 1973 1974
japan,1886,2025,nominal,start,0.8,,,,,,50,50,8,40,51,24,60.0,935.0,0.0,1887 1888 1889 1890 1893 1894 1895 1896 1961 1962 1963 1964 1973 1974 1975 1976
japan,1886,2025,nominal,start,0.8,,,,,,50,50,9,40,51,16,40.0,0.0,0.0,1887 1888 1889 1890 1891 1892 1893 1894 1895 1896 1960 1961 1962 1963 1964 1965 1967 1970 1971 1972 1973 1974 1975 1976
japan,1886,2025,nominal,start,0.8,,,,,,50,50,10,40,51,8,20.0,0.0,0.0,1886 1887 1888 1889 1890 1891 1892 1893 1894 1895 1896 1954 1957 1958 1959 1960 1961 1962 1963 1964 1965 1966 1967 1968 1969 1970 1971 1972 1973 1974 1975 1976
japan,1886,2025,nominal,start,0.8,,,,,,50,50,11,40,51,8,20.0,0.0,0.0,1886 1887 1888 1889 1890 1891 1892 1893 1894 1895 1896 1954 1957 1958 1959 1960 1961 1962 1963 1964 1965 1966 1967 1968 1969 1970 1971 1972 1973 1974 1975 1976
japan,1886,2025,nominal,start,0.8,,,,,,50,50,12,40,51,4,10.0,0.0,0.0,1886 1887 1888 1889 1890 1891 1892 1893 1894 1895 1896 1950 1953 1954 1955 1956 1957 1958 1959 1960 1961 1962 1963 1964 1965 1966 1967 1968 1969 1970 1971 1972 1973 1974 1975 1976
japan,1886,2025,nominal,start,0.8,,,,,,50,25,3,40,51,40,100.0,9861.0,5494.0,
japan,1886,2025,nominal,start,0.8,,,,,,50,25,4,40,51,40,100.0,7077.0,3820.0,
japan,1886,2025,nominal,start,0.8,,,,,,50,25,5,40,51,40,100.0,4683.0,1228.0,
japan,1886,2025,nominal,start,0.8,,,,,,50,25,6,40,51,35,87.5,2451.0,0.0,1887 1893 1894 1895 1896
japan,1886,2025,nominal,start,0.8,,,,,,50,25,7,40,51,24,60.0,487.0,0.0,1887 1888 1889 1890 1891 1892 1893 1894 1895 1896 1961 1962 1973 1974 1975 1976
japan,1886,2025,nominal,start,0.8,,,,,,50,25,8,40,51,8,20.0,0.0,0.0,1886 1887 1888 1889 1890 1891 1892 1893 1894 1895 1896 1954 1957 1958 1959 1960 1961 1962 1963 1964 1965 1966 1967 1968 1969 1970 1971 1972 1973 1974 1975 1976
japan,1886,2025,nominal,start,0.8,,,,,,50,25,9,40,51,4,10.0,0.0,0.0,1886 1887 1888 1889 1890 1891 1892 1893 1894 1895 1896 1950 1953 1954 1955 1956 1957 1958 1959 1960 1961 1962 1963 1964 1965 1966 1967 1968 1969 1970 1971 1972 1973 1974 1975 1976
japan,1886,2025,nominal,start,0.8,,,,,,50,25,10,40,51,2,5.0,0.0,0.0,1886 1887 1888 1889 1890 1891 1892 1893 1894 1895 1896 1950 1951 1952 1953 1954 1955 1956 1957 1958 1959 1960 1961 1962 1963 1964 1965 1966 1967 1968 1969 1970 1971 1972 1973 1974 1975 1976
japan,1886,2025,nominal,start,0.8,,,,,,50,25,11,40,51,0,0.0,0.0,0.0,1886 1887 1888 1889 1890 1891 1892 1893 1894 1895 1896 1948 1949 1950 1951 1952 1953 1954 1955 1956 1957 1958 1959 1960 1961 1962 1963 1964 1965 1966 1967 1968 1969 1970 1971 1972 1973 1974 1975 1976
japan,1886,2025,nominal,start,0.8,,,,,,50,25,12,40,51,0,0.0,0.0,0.0,1886 1887 1888 1889 1890 1891 1892 1893 1894 1895 1896 1948 1949 1950 1951 1952 1953 1954 1955 1956 1957 1958 1959 1960 1961 1962 1963 1964 1965 1966 1967 1968 1969 1970 1971 1972 1973 1974 1975 1976
japan,1886,2025,nominal,start,0.8,,,,,,50,0,3,91,0,91,100.0,4732.0,1915.0,
japan,1886,2025,nominal,start,0.8,,,,,,50,0,4,91,0,91,100.0,2479.0,55.0,
japan,1886,2025,nominal,start,0.8,,,,,,50,0,5,91,0,47,51.6,48.0,0.0,1887 1888 1889 1890 1891 1892 1893 1894 1895 1896 1897 1898 1899 1900 1901 1902 1903 1904 1906 1907 1908 1909 1910 1911 1912 1913 1916 1917 1918 1928 1929 1930 1931 1933 1934 1935 1936 1937 1938 1939 1940 1941 1942 1943
japan,1886,2025,nominal,start,0.8,,,,,,50,0,6,91,0,14,15.4,0.0,0.0,1886 1887 1888 1889 1890 1891 1892 1893 1894 1895 1896 1897 1898 1899 1900 1901 1902 1903 1904 1905 1906 1907 1908 1909 1910 1911 1912 1913 1914 1915 1916 1917 1918 1919 1920 1921 1922 1923 1924 1925 1926 1927 1928 1929 1930 1931 1932 1933 1934 1935 1936 1937 1938 1939 1940 1941 1942 1943 1944 1945 1946 1947 1948 1949 1950 1951 1952 1953 1954 1955 1956 1957 1958 1959 1960 1967 1973
japan,1886,2025,nominal,start,0.8,,,,,,50,0,7,91,0,0,0.0,0.0,0.0,1886 1887 1888 1889 1890 1891 1892 1893 1894 1895 1896 1897 1898 1899 1900 1901 1902 1903 1904 1905 1906 1907 1908 1909 1910 1911 1912 1913 1914 1915 1916 1917 1918 1919 1920 1921 1922 1923 1924 1925 1926 1927 1928 1929 1930 1931 1932 1933 1934 1935 1936 1937 1938 1939 1940 1941 1942 1943 1944 1945 1946 1947 1948 1949 1950 1951 1952 1953 1954 1955 1956 1957 1958 1959 1960 1961 1962 1963 1964 1965 1966 1967 1968 1969 1970 1971 1972 1973 1974 1975 1976
japan,1886,2025,nominal,start,0.8,,,,,,50,0,8,91,0,0,0.0,0.0,0.0,1886 1887 1888 1889 1890 1891 1892 1893 1894 1895 1896 1897 1898 1899 1900 1901 1902 1903 1904 1905 1906 1907 1908 1909 1910 1911 1912 1913 1914 1915 1916 1917 1918 1919 1920 1921 1922 1923 1924 1925 1926 1927 1928 1929 1930 1931 1932 1933 1934 1935 1936 1937 1938 1939 1940 1941 1942 1943 1944 1945 1946 1947 1948 1949 1950 1951 1952 1953 1954 1955 1956 1957 1958 1959 1960 1961 1962 1963 1964 1965 1966 1967 1968 1969 1970 1971 1972 1973 1974 1975 1976
japan,1886,2025,nominal,start,0.8,,,,,,50,0,9,91,0,0,0.0,0.0,0.0,1886 1887 1888 1889 1890 1891 1892 1893 1894 1895 1896 1897 1898 1899 1900 1901 1902 1903 1904 1905 1906 1907 1908 1909 1910 1911 1912 1913 1914 1915 1916 1917 1918 1919 1920 1921 1922 1923 1924 1925 1926 1927 1928 1929 1930 1931 1932 1933 1934 1935 1936 1937 1938 1939 1940 1941 1942 1943 1944 1945 1946 1947 1948 1949 1950 1951 1952 1953 1954 1955 1956 1957 1958 1959 1960 1961 1962 1963 1964 1965 1966 1967 1968 1969 1970 1971 1972 1973 1974 1975 1976
japan,1886,2025,nominal,start,0.8,,,,,,50,0,10,91,0,0,0.0,0.0,0.0,1886 1887 1888 1889 1890 1891 1892 1893 1894 1895 1896 1897 1898 1899 1900 1901 1902 1903 1904 1905 1906 1907 1908 1909 1910 1911 1912 1913 1914 1915 1916 1917 1918 1919 1920 1921 1922 1923 1924 1925 1926 1927 1928 1929 1930 1931 1932 1933 1934 1935 1936 1937 1938 1939 1940 1941 1942 1943 1944 1945 1946 1947 1948 1949 1950 1951 1952 1953 1954 1955 1956 1957 1958 1959 1960 1961 1962 1963 1964 1965 1966 1967 1968 1969 1970 1971 1972 1973 1974 1975 1976
japan,1886,2025,nominal,start,0.8,,,,,,50,0,11,91,0,0,0.0,0.0,0.0,1886 1887 1888 1889 1890 1891 1892 1893 1894 1895 1896 1897 1898 1899 1900 1901 1902 1903 1904 1905 1906 1907 1908 1909 1910 1911 1912 1913 1914 1915 1916 1917 1918 1919 1920 1921 1922 1923 1924 1925 1926 1927 1928 1929 1930 1931 1932 1933 1934 1935 1936 1937 1938 1939 1940 1941 1942 1943 1944 1945 1946 1947 1948 1949 1950 1951 1952 1953 1954 1955 1956 1957 1958 1959 1960 1961 1962 1963 1964 1965 1966 1967 1968 1969 1970 1971 1972 1973 1974 1975 1976
japan,1886,2025,nominal,start,0.8,,,,,,50,0,12,91,0,0,0.0,0.0,0.0,1886 1887 1888 1889 1890 1891 1892 1893 1894 1895 1896 1897 1898 1899 1900 1901 1902 1903 1904 1905 1906 1907 1908 1909 1910 1911 1912 1913 1914 1915 1916 1917 1918 1919 1920 1921 1922 1923 1924 1925 1926 1927 1928 1929 1930 1931 1932 1933 1934 1935 1936 1937 1938 1939 1940 1941 1942 1943 1944 1945 1946 1947 1948 1949 1950 1951 1952 1953 1954 1955 1956 1957 1958 1959 1960 1961 1962 1963 1964 1965 1966 1967 1968 1969 1970 1971 1972 1973 1974 1975 1976
japan,1886,2025,nominal,start,0.8,,,,,,60,100,3,20,61,20,100.0,73380.0,22406.0,
japan,1886,2025,nominal,start,0.8,,,,,,60,100,4,20,61,20,100.0,67149.0,17733.0,
japan,1886,2025,nominal,start,0.8,,,,,,60,100,5,20,61,20,100.0,59822.0,13061.0,
japan,1886,2025,nominal,start,0.8,,,,,,60,100,6,20,61,20,100.0,52496.0,8389.0,
japan,1886,2025,nominal,start,0.8,,,,,,60,100,7,20,61,20,100.0,45170.0,3716.0,
japan,1886,2025,nominal,start,0.8,,,,,,60,100,8,20,61,19,95.0,37844.0,0.0,1962
japan,1886,2025,nominal,start,0.8,,,,,,60,100,9,20,61,16,80.0,30518.0,0.0,1961 1962 1963 1964
japan,1886,2025,nominal,start,0.8,,,,,,60,100,10,20,61,16,80.0,23191.0,0.0,1961 1962 1963 1964
japan,1886,2025,nominal,start,0.8,,,,,,60,100,11,20,61,14,70.0,16012.0,0.0,1960 1961 1962 1963 1964 1965
japan,1886,2025,nominal,start,0.8,,,,,,60,100,12,20,61,13,65.0,8835.0,0.0,1960 1961 1962 1963 1964 1965 1966
japan,1886,2025,nominal,start,0.8,,,,,,60,75,3,20,61,20,100.0,59322.0,22126.0,
japan,1886,2025,nominal,start,0.8,,,,,,60,75,4,20,61,20,100.0,52489.0,17319.0,
japan,1886,2025,nominal,start,0.8,,,,,,60,75,5,20,61,20,100.0,45464.0,12512.0,
japan,1886,2025,nominal,start,0.8,,,,,,60,75,6,20,61,20,100.0,38439.0,7705.0,
japan,1886,2025,nominal,start,0.8,,,,,,60,75,7,20,61,20,100.0,31414.0,2897.0,
japan,1886,2025,nominal,start,0.8,,,,,,60,75,8,20,61,19,95.0,24460.0,0.0,1962
japan,1886,2025,nominal,start,0.8,,,,,,60,75,9,20,61,16,80.0,17508.0,0.0,1961 1962 1963 1964
japan,1886,2025,nominal,start,0.8,,,,,,60,75,10,20,61,14,70.0,10555.0,0.0,1960 1961 1962 1963 1964 1965
japan,1886,2025,nominal,start,0.8,,,,,,60,75,11,20,61,13,65.0,3694.0,0.0,1960 1961 1962 1963 1964 1965 1966
japan,1886,2025,nominal,start,0.8,,,,,,60,75,12,20,61,8,40.0,0.0,0.0,1886 1954 1957 1958 1959 1960 1961 1962 1963 1964 1965 1966
japan,1886,2025,nominal,start,0.8,,,,,,60,50,3,20,61,20,100.0,40492.0,18501.0,
japan,1886,2025,nominal,start,0.8,,,,,,60,50,4,20,61,20,100.0,34393.0,14303.0,
japan,1886,2025,nominal,start,0.8,,,,,,60,50,5,20,61,20,100.0,28293.0,9843.0,
japan,1886,2025,nominal,start,0.8,,,,,,60,50,6,20,61,20,100.0,22194.0,5382.0,
japan,1886,2025,nominal,start,0.8,,,,,,60,50,7,20,61,20,100.0,16095.0,922.0,
japan,1886,2025,nominal,start,0.8,,,,,,60,50,8,20,61,16,80.0,9996.0,0.0,1961 1962 1963 1964
japan,1886,2025,nominal,start,0.8,,,,,,60,50,9,20,61,13,65.0,3887.0,0.0,1960 1961 1962 1963 1964 1965 1966
japan,1886,2025,nominal,start,0.8,,,,,,60,50,10,20,61,8,40.0,0.0,0.0,1886 1954 1957 1958 1959 1960 1961 1962 1963 1964 1965 1966
japan,1886,2025,nominal,start,0.8,,,,,,60,50,11,20,61,6,30.0,0.0,0.0,1886 1954 1955 1956 1957 1958 1959 1960 1961 1962 1963 1964 1965 1966
japan,1886,2025,nominal,start,0.8,,,,,,60,50,12,20,61,4,20.0,0.0,0.0,1886 1950 1953 1954 1955 1956 1957 1958 1959 1960 1961 1962 1963 1964 1965 1966
japan,1886,2025,nominal,start,0.8,,,,,,60,25,3,20,61,20,100.0,21784.0,12844.0,
japan,1886,2025,nominal,start,0.8,,,,,,60,25,4,20,61,20,100.0,17078.0,9475.0,
japan,1886,2025,nominal,start,0.8,,,,,,60,25,5,20,61,20,100.0,12372.0,6022.0,
japan,1886,2025,nominal,start,0.8,,,,,,60,25,6,20,61,20,100.0,7666.0,2266.0,
japan,1886,2025,nominal,start,0.8,,,,,,60,25,7,20,61,16,80.0,2974.0,0.0,1961 1962 1963 1964
japan,1886,2025,nominal,start,0.8,,,,,,60,25,8,20,61,8,40.0,0.0,0.0,1886 1954 1957 1958 1959 1960 1961 1962 1963 1964 1965 1966
japan,1886,2025,nominal,start,0.8,,,,,,60,25,9,20,61,4,20.0,0.0,0.0,1886 1950 1953 1954 1955 1956 1957 1958 1959 1960 1961 1962 1963 1964 1965 1966
japan,1886,2025,nominal,start,0.8,,,,,,60,25,10,20,61,2,10.0,0.0,0.0,1886 1950 1951 1952 1953 1954 1955 1956 1957 1958 1959 1960 1961 1962 1963 1964 1965 1966
japan,1886,2025,nominal,start,0.8,,,,,,60,25,11,20,61,0,0.0,0.0,0.0,1886 1948 1949 1950 1951 1952 1953 1954 1955 1956 1957 1958 1959 1960 1961 1962 1963 1964 1965 1966
japan,1886,2025,nominal,start,0.8,,,,,,60,25,12,20,61,0,0.0,0.0,0.0,1886 1948 1949 1950 1951 1952 1953 1954 1955 1956 1957 1958 1959 1960 1961 1962 1963 1964 1965 1966
japan,1886,2025,nominal,start,0.8,,,,,,60,0,3,81,0,81,100.0,7884.0,2416.0,
japan,1886,2025,nominal,start,0.8,,,,,,60,0,4,81,0,80,98.8,3576.0,0.0,1894
japan,1886,2025,nominal,start,0.8,,,,,,60,0,5,81,0,33,40.7,0.0,0.0,1887 1888 1889 1890 1891 1892 1893 1894 1895 1896 1897 1898 1899 1900 1901 1902 1903 1904 1905 1906 1907 1908 1909 1910 1911 1912 1913 1914 1916 1917 1918 1919 1928 1929 1930 1931 1933 1934 1935 1936 1937 1938 1939 1940 1941 1942 1943 1944
japan,1886,2025,nominal,start,0.8,,,,,,60,0,6,81,0,0,0.0,0.0,0.0,1886 1887 1888 1889 1890 1891 1892 1893 1894 1895 1896 1897 1898 1899 1900 1901 1902 1903 1904 1905 1906 1907 1908 1909 1910 1911 1912 1913 1914 1915 1916 1917 1918 1919 1920 1921 1922 1923 1924 1925 1926 1927 1928 1929 1930 1931 1932 1933 1934 1935 1936 1937 1938 1939 1940 1941 1942 1943 1944 1945 1946 1947 1948 1949 1950 1951 1952 1953 1954 1955 1956 1957 1958 1959 1960 1961 1962 1963 1964 1965 1966
japan,1886,2025,nominal,start,0.8,,,,,,60,0,7,81,0,0,0.0,0.0,0.0,1886 1887 1888 1889 1890 1891 1892 1893 1894 1895 1896 1897 1898 1899 1900 1901 1902 1903 1904 1905 1906 1907 1908 1909 1910 1911 1912 1913 1914 1915 1916 1917 1918 1919 1920 1921 1922 1923 1924 1925 1926 1927 1928 1929 1930 1931 1932 1933 1934 1935 1936 1937 1938 1939 1940 1941 1942 1943 1944 1945 1946 1947 1948 1949 1950 1951 1952 1953 1954 1955 1956 1957 1958 1959 1960 1961 1962 1963 1964 1965 1966
japan,1886,2025,nominal,start,0.8,,,,,,60,0,8,81,0,0,0.0,0.0,0.0,1886 1887 1888 1889 1890 1891 1892 1893 1894 1895 1896 1897 1898 1899 1900 1901 1902 1903 1904 1905 1906 1907 1908 1909 1910 1911 1912 1913 1914 1915 1916 1917 1918 1919 1920 1921 1922 1923 1924 1925 1926 1927 1928 1929 1930 1931 1932 1933 1934 1935 1936 1937 1938 1939 1940 1941 1942 1943 1944 1945 1946 1947 1948 1949 1950 1951 1952 1953 1954 1955 1956 1957 1958 1959 1960 1961 1962 1963 1964 1965 1966
japan,1886,2025,nominal,start,0.8,,,,,,60,0,9,81,0,0,0.0,0.0,0.0,1886 1887 1888 1889 1890 1891 1892 1893 1894 1895 1896 1897 1898 1899 1900 1901 1902 1903 1904 1905 1906 1907 1908 1909 1910 1911 1912 1913 1914 1915 1916 1917 1918 1919 1920 1921 1922 1923 1924 1925 1926 1927 1928 1929 1930 1931 1932 1933 1934 1935 1936 1937 1938 1939 1940 1941 1942 1943 1944 1945 1946 1947 1948 1949 1950 1951 1952 1953 1954 1955 1956 1957 1958 1959 1960 1961 1962 1963 1964 1965 1966
japan,1886,2025,nominal,start,0.8,,,,,,60,0,10,81,0,0,0.0,0.0,0.0,1886 1887 1888 1889 1890 1891 1892 1893 1894 1895 1896 1897 1898 1899 1900 1901 1902 1903 1904 1905 1906 1907 1908 1909 1910 1911 1912 1913 1914 1915 1916 1917 1918 1919 1920 1921 1922 1923 1924 1925 1926 1927 1928 1929 1930 1931 1932 1933 1934 1935 1936 1937 1938 1939 1940 1941 1942 1943 1944 1945 1946 1947 1948 1949 1950 1951 1952 1953 1954 1955 1956 1957 1958 1959 1960 1961 1962 1963 1964 1965 1966
japan,1886,2025,nominal,start,0.8,,,,,,60,0,11,81,0,0,0.0,0.0,0.0,1886 1887 1888 1889 1890 1891 1892 1893 1894 1895 1896 1897 1898 1899 1900 1901 1902 1903 1904 1905 1906 1907 1908 1909 1910 1911 1912 1913 1914 1915 1916 1917 1918 1919 1920 1921 1922 1923 1924 1925 1926 1927 1928 1929 1930 1931 1932 1933 1934 1935 1936 1937 1938 1939 1940 1941 1942 1943 1944 1945 1946 1947 1948 1949 1950 1951 1952 1953 1954 1955 1956 1957 1958 1959 1960 1961 1962 1963 1964 1965 1966
japan,1886,2025,nominal,start,0.8,,,,,,60,0,12,81,0,0,0.0,0.0,0.0,1886 1887 1888 1889 1890 1891 1892 1893 1894 1895 1896 1897 1898 1899 1900 1901 1902 1903 1904 1905 1906 1907 1908 1909 1910 1911 1912 1913 1914 1915 1916 1917 1918 1919 1920 1921 1922 1923 1924 1925 1926 1927 1928 1929 1930 1931 1932 1933 1934 1935 1936 1937 1938 1939 1940 1941 1942 1943 1944 1945 1946 1947 1948 1949 1950 1951 1952 1953 1954 1955 1956 1957 1958 1959 1960 1961 1962 1963 1964 1965 1966
