market,sample_start,sample_end,model,timing,period,stock_pct,rate_pct,n_windows,n_skipped,n_success,success_pct,median_terminal_per_1000,min_terminal_per_1000,failed_starts
us,1926,2025,inflation_adjusted,start,15,100,3,86,0,86,100.0,3086.0,491.0,
us,1926,2025,inflation_adjusted,start,15,100,4,86,0,86,100.0,2514.0,285.0,
us,1926,2025,inflation_adjusted,start,15,100,5,86,0,86,100.0,2088.0,78.0,
us,1926,2025,inflation_adjusted,start,15,100,6,86,0,77,89.5,1752.0,0.0,1929 1930 1937 1966 1968 1969 1972 1973 2000
us,1926,2025,inflation_adjusted,start,15,100,7,86,0,71,82.6,1203.0,0.0,1929 1930 1937 1965 1966 1967 1968 1969 1970 1971 1972 1973 1999 2000 2001
us,1926,2025,inflation_adjusted,start,15,100,8,86,0,63,73.3,720.0,0.0,1928 1929 1930 1931 1936 1937 1964 1965 1966 1967 1968 1969 1970 1971 1972 1973 1974 1998 1999 2000 2001 2002 2007
us,1926,2025,inflation_adjusted,start,15,100,9,86,0,51,59.3,415.0,0.0,1928 1929 1930 1931 1936 1937 1938 1939 1940 1946 1962 1963 1964 1965 1966 1967 1968 1969 1970 1971 1972 1973 1974 1976 1977 1998 1999 2000 2001 2002 2004 2005 2006 2007 2008
us,1926,2025,inflation_adjusted,start,15,100,10,86,0,46,53.5,129.0,0.0,1928 1929 1930 1931 1934 1936 1937 1938 1939 1940 1941 1946 1961 1962 1963 1964 1965 1966 1967 1968 1969 1970 1971 1972 1973 1974 1976 1977 1997 1998 1999 2000 2001 2002 2003 2004 2005 2006 2007 2008
us,1926,2025,inflation_adjusted,start,15,100,11,86,0,37,43.0,0.0,0.0,1927 1928 1929 1930 1931 1934 1935 1936 1937 1938 1939 1940 1941 1946 1956 1957 1959 1960 1961 1962 1963 1964 1965 1966 1967 1968 1969 1970 1971 1972 1973 1974 1975 1976 1977 1978 1996 1997 1998 1999 2000 2001 2002 2003 2004 2005 2006 2007 2008
us,1926,2025,inflation_adjusted,start,15,100,12,86,0,28,32.6,0.0,0.0,1926 1927 1928 1929 1930 1931 1934 1935 1936 1937 1938 1939 1940 1941 1944 1945 1946 1956 1957 1959 1960 1961 1962 1963 1964 1965 1966 1967 1968 1969 1970 1971 1972 1973 1974 1975 1976 1977 1978 1979 1980 1981 1987 1990 1992 1996 1997 1998 1999 2000 2001 2002 2003 2004 2005 2006 2007 2008
us,1926,2025,inflation_adjusted,start,15,75,3,86,0,86,100.0,2531.0,765.0,
us,1926,2025,inflation_adjusted,start,15,75,4,86,0,86,100.0,2103.0,562.0,
us,1926,2025,inflation_adjusted,start,15,75,5,86,0,86,100.0,1641.0,359.0,
us,1926,2025,inflation_adjusted,start,15,75,6,86,0,82,95.3,1306.0,0.0,1968 1969 1972 1973
us,1926,2025,inflation_adjusted,start,15,75,7,86,0,71,82.6,949.0,0.0,1929 1937 1965 1966 1967 1968 1969 1970 1971 1972 1973 1974 1999 2000 2001
us,1926,2025,inflation_adjusted,start,15,75,8,86,0,65,75.6,539.0,0.0,1929 1930 1936 1937 1939 1940 1964 1965 1966 1967 1968 1969 1970 1971 1972 1973 1974 1999 2000 2001 2002
us,1926,2025,inflation_adjusted,start,15,75,9,86,0,49,57.0,260.0,0.0,1928 1929 1930 1931 1934 1936 1937 1938 1939 1940 1941 1946 1961 1962 1963 1964 1965 1966 1967 1968 1969 1970 1971 1972 1973 1974 1976 1977 1998 1999 2000 2001 2002 2004 2005 2006 2007
us,1926,2025,inflation_adjusted,start,15,75,10,86,0,39,45.3,0.0,0.0,1928 1929 1930 1931 1934 1935 1936 1937 1938 1939 1940 1941 1945 1946 1956 1959 1960 1961 1962 1963 1964 1965 1966 1967 1968 1969 1970 1971 1972 1973 1974 1975 1976 1977 1978 1997 1998 1999 2000 2001 2002 2003 2004 2005 2006 2007 2008
us,1926,2025,inflation_adjusted,start,15,75,11,86,0,32,37.2,0.0,0.0,1928 1929 1930 1931 1934 1935 1936 1937 1938 1939 1940 1941 1942 1943 1944 1945 1946 1956 1957 1959 1960 1961 1962 1963 1964 1965 1966 1967 1968 1969 1970 1971 1972 1973 1974 1975 1976 1977 1978 1979 1987 1996 1997 1998 1999 2000 2001 2002 2003 2004 2005 2006 2007 2008
us,1926,2025,inflation_adjusted,start,15,75,12,86,0,17,19.8,0.0,0.0,1926 1927 1928 1929 1930 1931 1932 1933 1934 1935 1936 1937 1938 1939 1940 1941 1942 1943 1944 1945 1946 1947 1955 1956 1957 1958 1959 1960 1961 1962 1963 1964 1965 1966 1967 1968 1969 1970 1971 1972 1973 1974 1975 1976 1977 1978 1979 1980 1981 1987 1990 1992 1993 1994 1996 1997 1998 1999 2000 2001 2002 2003 2004 2005 2006 2007 2008 2010 2011
us,1926,2025,inflation_adjusted,start,15,50,3,86,0,86,100.0,2037.0,988.0,
us,1926,2025,inflation_adjusted,start,15,50,4,86,0,86,100.0,1689.0,758.0,
us,1926,2025,inflation_adjusted,start,15,50,5,86,0,86,100.0,1341.0,398.0,
us,1926,2025,inflation_adjusted,start,15,50,6,86,0,82,95.3,1005.0,0.0,1968 1969 1972 1973
us,1926,2025,inflation_adjusted,start,15,50,7,86,0,73,84.9,632.0,0.0,1937 1939 1940 1965 1966 1967 1968 1969 1970 1971 1972 1973 1974
us,1926,2025,inflation_adjusted,start,15,50,8,86,0,61,70.9,308.0,0.0,1936 1937 1938 1939 1940 1941 1946 1962 1963 1964 1965 1966 1967 1968 1969 1970 1971 1972 1973 1974 1976 1977 1999 2000 2001
us,1926,2025,inflation_adjusted,start,15,50,9,86,0,42,48.8,0.0,0.0,1929 1930 1934 1935 1936 1937 1938 1939 1940 1941 1942 1944 1945 1946 1956 1959 1960 1961 1962 1963 1964 1965 1966 1967 1968 1969 1970 1971 1972 1973 1974 1975 1976 1977 1978 1998 1999 2000 2001 2002 2004 2005 2006 2007
us,1926,2025,inflation_adjusted,start,15,50,10,86,0,30,34.9,0.0,0.0,1928 1929 1930 1931 1934 1935 1936 1937 1938 1939 1940 1941 1942 1943 1944 1945 1946 1947 1955 1956 1957 1958 1959 1960 1961 1962 1963 1964 1965 1966 1967 1968 1969 1970 1971 1972 1973 1974 1975 1976 1977 1978 1979 1997 1998 1999 2000 2001 2002 2003 2004 2005 2006 2007 2008 2011
us,1926,2025,inflation_adjusted,start,15,50,11,86,0,16,18.6,0.0,0.0,1928 1929 1930 1931 1932 1933 1934 1935 1936 1937 1938 1939 1940 1941 1942 1943 1944 1945 1946 1947 1950 1951 1952 1953 1955 1956 1957 1958 1959 1960 1961 1962 1963 1964 1965 1966 1967 1968 1969 1970 1971 1972 1973 1974 1975 1976 1977 1978 1979 1980 1987 1992 1993 1994 1996 1997 1998 1999 2000 2001 2002 2003 2004 2005 2006 2007 2008 2009 2010 2011
us,1926,2025,inflation_adjusted,start,15,50,12,86,0,5,5.8,0.0,0.0,1926 1927 1928 1929 1930 1931 1932 1933 1934 1935 1936 1937 1938 1939 1940 1941 1942 1943 1944 1945 1946 1947 1948 1949 1950 1951 1952 1953 1954 1955 1956 1957 1958 1959 1960 1961 1962 1963 1964 1965 1966 1967 1968 1969 1970 1971 1972 1973 1974 1975 1976 1977 1978 1979 1980 1981 1986 1987 1988 1989 1990 1992 1993 1994 1995 1996 1997 1998 1999 2000 2001 2002 2003 2004 2005 2006 2007 2008 2009 2010 2011
us,1926,2025,inflation_adjusted,start,15,25,3,86,0,86,100.0,1448.0,964.0,
us,1926,2025,inflation_adjusted,start,15,25,4,86,0,86,100.0,1186.0,643.0,
us,1926,2025,inflation_adjusted,start,15,25,5,86,0,86,100.0,927.0,322.0,
us,1926,2025,inflation_adjusted,start,15,25,6,86,0,82,95.3,672.0,0.0,1968 1969 1972 1973
us,1926,2025,inflation_adjusted,start,15,25,7,86,0,67,77.9,396.0,0.0,1936 1937 1938 1939 1940 1941 1945 1946 1964 1965 1966 1967 1968 1969 1970 1971 1972 1973 1974
us,1926,2025,inflation_adjusted,start,15,25,8,86,0,53,61.6,118.0,0.0,1934 1935 1936 1937 1938 1939 1940 1941 1942 1943 1944 1945 1946 1947 1956 1961 1962 1963 1964 1965 1966 1967 1968 1969 1970 1971 1972 1973 1974 1975 1976 1977 1999
us,1926,2025,inflation_adjusted,start,15,25,9,86,0,25,29.1,0.0,0.0,1933 1934 1935 1936 1937 1938 1939 1940 1941 1942 1943 1944 1945 1946 1947 1948 1949 1950 1951 1952 1953 1954 1955 1956 1957 1958 1959 1960 1961 1962 1963 1964 1965 1966 1967 1968 1969 1970 1971 1972 1973 1974 1975 1976 1977 1978 1979 1998 1999 2000 2001 2002 2003 2004 2005 2006 2007 2008 2009 2010 2011
us,1926,2025,inflation_adjusted,start,15,25,10,86,0,17,19.8,0.0,0.0,1929 1930 1931 1932 1933 1934 1935 1936 1937 1938 1939 1940 1941 1942 1943 1944 1945 1946 1947 1948 1949 1950 1951 1952 1953 1954 1955 1956 1957 1958 1959 1960 1961 1962 1963 1964 1965 1966 1967 1968 1969 1970 1971 1972 1973 1974 1975 1976 1977 1978 1979 1987 1994 1996 1997 1998 1999 2000 2001 2002 2003 2004 2005 2006 2007 2008 2009 2010 2011
us,1926,2025,inflation_adjusted,start,15,25,11,86,0,7,8.1,0.0,0.0,1927 1928 1929 1930 1931 1932 1933 1934 1935 1936 1937 1938 1939 1940 1941 1942 1943 1944 1945 1946 1947 1948 1949 1950 1951 1952 1953 1954 1955 1956 1957 1958 1959 1960 1961 1962 1963 1964 1965 1966 1967 1968 1969 1970 1971 1972 1973 1974 1975 1976 1977 1978 1979 1980 1986 1987 1988 1989 1990 1992 1993 1994 1995 1996 1997 1998 1999 2000 2001 2002 2003 2004 2005 2006 2007 2008 2009 2010 2011
us,1926,2025,inflation_adjusted,start,15,25,12,86,0,2,2.3,0.0,0.0,1926 1927 1928 1929 1930 1931 1932 1933 1934 1935 1936 1937 1938 1939 1940 1941 1942 1943 1944 1945 1946 1947 1948 1949 1950 1951 1952 1953 1954 1955 1956 1957 1958 1959 1960 1961 1962 1963 1964 1965 1966 1967 1968 1969 1970 1971 1972 1973 1974 1975 1976 1977 1978 1979 1980 1981 1983 1984 1986 1987 1988 1989 1990 1991 1992 1993 1994 1995 1996 1997 1998 1999 2000 2001 2002 2003 2004 2005 2006 2007 2008 2009 2010 2011
us,1926,2025,inflation_adjusted,start,15,0,3,86,0,86,100.0,1122.0,529.0,
us,1926,2025,inflation_adjusted,start,15,0,4,86,0,86,100.0,878.0,262.0,
us,1926,2025,inflation_adjusted,start,15,0,5,86,0,85,98.8,571.0,0.0,1941
us,1926,2025,inflation_adjusted,start,15,0,6,86,0,71,82.6,288.0,0.0,1939 1940 1941 1942 1943 1944 1945 1946 1966 1967 1968 1969 1971 1972 1973
us,1926,2025,inflation_adjusted,start,15,0,7,86,0,46,53.5,31.0,0.0,1934 1935 1936 1937 1938 1939 1940 1941 1942 1943 1944 1945 1946 1947 1948 1949 1950 1951 1954 1955 1956 1958 1961 1962 1963 1964 1965 1966 1967 1968 1969 1970 1971 1972 1973 1974 1975 1976 1977 2009
us,1926,2025,inflation_adjusted,start,15,0,8,86,0,33,38.4,0.0,0.0,1933 1934 1935 1936 1937 1938 1939 1940 1941 1942 1943 1944 1945 1946 1947 1948 1949 1950 1951 1952 1953 1954 1955 1956 1957 1958 1959 1960 1961 1962 1963 1964 1965 1966 1967 1968 1969 1970 1971 1972 1973 1974 1975 1976 1977 1978 2003 2004 2005 2008 2009 2010 2011
us,1926,2025,inflation_adjusted,start,15,0,9,86,0,22,25.6,0.0,0.0,1932 1933 1934 1935 1936 1937 1938 1939 1940 1941 1942 1943 1944 1945 1946 1947 1948 1949 1950 1951 1952 1953 1954 1955 1956 1957 1958 1959 1960 1961 1962 1963 1964 1965 1966 1967 1968 1969 1970 1971 1972 1973 1974 1975 1976 1977 1978 1979 1987 1994 1996 1998 1999 2001 2002 2003 2004 2005 2006 2007 2008 2009 2010 2011
us,1926,2025,inflation_adjusted,start,15,0,10,86,0,8,9.3,0.0,0.0,1927 1928 1930 1931 1932 1933 1934 1935 1936 1937 1938 1939 1940 1941 1942 1943 1944 1945 1946 1947 1948 1949 1950 1951 1952 1953 1954 1955 1956 1957 1958 1959 1960 1961 1962 1963 1964 1965 1966 1967 1968 1969 1970 1971 1972 1973 1974 1975 1976 1977 1978 1979 1980 1986 1987 1988 1990 1991 1992 1993 1994 1995 1996 1997 1998 1999 2000 2001 2002 2003 2004 2005 2006 2007 2008 2009 2010 2011
us,1926,2025,inflation_adjusted,start,15,0,11,86,0,4,4.7,0.0,0.0,1926 1927 1928 1929 1930 1931 1932 1933 1934 1935 1936 1937 1938 1939 1940 1941 1942 1943 1944 1945 1946 1947 1948 1949 1950 1951 1952 1953 1954 1955 1956 1957 1958 1959 1960 1961 1962 1963 1964 1965 1966 1967 1968 1969 1970 1971 1972 1973 1974 1975 1976 1977 1978 1979 1980 1983 1986 1987 1988 1989 1990 1991 1992 1993 1994 1995 1996 1997 1998 1999 2000 2001 2002 2003 2004 2005 2006 2007 2008 2009 2010 2011
us,1926,2025,inflation_adjusted,start,15,0,12,86,0,1,1.2,0.0,0.0,1926 1927 1928 1929 1930 1931 1932 1933 1934 1935 1936 1937 1938 1939 1940 1941 1942 1943 1944 1945 1946 1947 1948 1949 1950 1951 1952 1953 1954 1955 1956 1957 1958 1959 1960 1961 1962 1963 1964 1965 1966 1967 1968 1969 1970 1971 1972 1973 1974 1975 1976 1977 1978 1979 1980 1981 1983 1984 1985 1986 1987 1988 1989 1990 1991 1992 1993 1994 1995 1996 1997 1998 1999 2000 2001 2002 2003 2004 2005 2006 2007 2008 2009 2010 2011
us,1926,2025,inflation_adjusted,start,20,100,3,81,0,81,100.0,4362.0,597.0,
us,1926,2025,inflation_adjusted,start,20,100,4,81,0,81,100.0,3421.0,186.0,
us,1926,2025,inflation_adjusted,start,20,100,5,81,0,73,90.1,2521.0,0.0,1929 1930 1965 1966 1968 1969 1973 2000
us,1926,2025,inflation_adjusted,start,20,100,6,81,0,65,80.2,1884.0,0.0,1929 1930 1937 1964 1965 1966 1967 1968 1969 1970 1971 1972 1973 1999 2000 2001
us,1926,2025,inflation_adjusted,start,20,100,7,81,0,57,70.4,1185.0,0.0,1928 1929 1930 1931 1936 1937 1962 1963 1964 1965 1966 1967 1968 1969 1970 1971 1972 1973 1974 1998 1999 2000 2001 2002
us,1926,2025,inflation_adjusted,start,20,100,8,81,0,45,55.6,347.0,0.0,1928 1929 1930 1931 1934 1936 1937 1939 1940 1959 1960 1961 1962 1963 1964 1965 1966 1967 1968 1969 1970 1971 1972 1973 1974 1976 1977 1997 1998 1999 2000 2001 2002 2004 2005 2006
us,1926,2025,inflation_adjusted,start,20,100,9,81,0,37,45.7,0.0,0.0,1927 1928 1929 1930 1931 1934 1936 1937 1938 1939 1940 1941 1946 1956 1957 1959 1960 1961 1962 1963 1964 1965 1966 1967 1968 1969 1970 1971 1972 1973 1974 1976 1977 1996 1997 1998 1999 2000 2001 2002 2003 2004 2005 2006
us,1926,2025,inflation_adjusted,start,20,100,10,81,0,28,34.6,0.0,0.0,1926 1927 1928 1929 1930 1931 1934 1935 1936 1937 1938 1939 1940 1941 1946 1956 1957 1959 1960 1961 1962 1963 1964 1965 1966 1967 1968 1969 1970 1971 1972 1973 1974 1975 1976 1977 1978 1979 1987 1992 1993 1994 1996 1997 1998 1999 2000 2001 2002 2003 2004 2005 2006
us,1926,2025,inflation_adjusted,start,20,100,11,81,0,17,21.0,0.0,0.0,1926 1927 1928 1929 1930 1931 1932 1933 1934 1935 1936 1937 1938 1939 1940 1941 1944 1945 1946 1955 1956 1957 1958 1959 1960 1961 1962 1963 1964 1965 1966 1967 1968 1969 1970 1971 1972 1973 1974 1975 1976 1977 1978 1979 1980 1981 1987 1989 1990 1992 1993 1994 1995 1996 1997 1998 1999 2000 2001 2002 2003 2004 2005 2006
us,1926,2025,inflation_adjusted,start,20,100,12,81,0,10,12.3,0.0,0.0,1926 1927 1928 1929 1930 1931 1932 1933 1934 1935 1936 1937 1938 1939 1940 1941 1942 1943 1944 1945 1946 1947 1955 1956 1957 1958 1959 1960 1961 1962 1963 1964 1965 1966 1967 1968 1969 1970 1971 1972 1973 1974 1975 1976 1977 1978 1979 1980 1981 1984 1986 1987 1988 1989 1990 1991 1992 1993 1994 1995 1996 1997 1998 1999 2000 2001 2002 2003 2004 2005 2006
us,1926,2025,inflation_adjusted,start,20,75,3,81,0,81,100.0,3635.0,958.0,
us,1926,2025,inflation_adjusted,start,20,75,4,81,0,81,100.0,2957.0,580.0,
us,1926,2025,inflation_adjusted,start,20,75,5,81,0,76,93.8,1995.0,0.0,1965 1966 1968 1969 1973
us,1926,2025,inflation_adjusted,start,20,75,6,81,0,64,79.0,1367.0,0.0,1929 1930 1937 1962 1964 1965 1966 1967 1968 1969 1970 1971 1972 1973 1999 2000 2001
us,1926,2025,inflation_adjusted,start,20,75,7,81,0,54,66.7,677.0,0.0,1929 1930 1931 1936 1937 1939 1940 1960 1961 1962 1963 1964 1965 1966 1967 1968 1969 1970 1971 1972 1973 1974 1998 1999 2000 2001 2002
us,1926,2025,inflation_adjusted,start,20,75,8,81,0,40,49.4,0.0,0.0,1928 1929 1930 1931 1934 1936 1937 1938 1939 1940 1941 1946 1956 1957 1959 1960 1961 1962 1963 1964 1965 1966 1967 1968 1969 1970 1971 1972 1973 1974 1976 1977 1997 1998 1999 2000 2001 2002 2004 2005 2006
us,1926,2025,inflation_adjusted,start,20,75,9,81,0,33,40.7,0.0,0.0,1928 1929 1930 1931 1934 1935 1936 1937 1938 1939 1940 1941 1945 1946 1956 1957 1958 1959 1960 1961 1962 1963 1964 1965 1966 1967 1968 1969 1970 1971 1972 1973 1974 1975 1976 1977 1978 1996 1997 1998 1999 2000 2001 2002 2003 2004 2005 2006
us,1926,2025,inflation_adjusted,start,20,75,10,81,0,19,23.5,0.0,0.0,1926 1927 1928 1929 1930 1931 1932 1933 1934 1935 1936 1937 1938 1939 1940 1941 1942 1943 1944 1945 1946 1955 1956 1957 1958 1959 1960 1961 1962 1963 1964 1965 1966 1967 1968 1969 1970 1971 1972 1973 1974 1975 1976 1977 1978 1979 1987 1990 1992 1993 1994 1996 1997 1998 1999 2000 2001 2002 2003 2004 2005 2006
us,1926,2025,inflation_adjusted,start,20,75,11,81,0,9,11.1,0.0,0.0,1926 1927 1928 1929 1930 1931 1932 1933 1934 1935 1936 1937 1938 1939 1940 1941 1942 1943 1944 1945 1946 1947 1952 1953 1955 1956 1957 1958 1959 1960 1961 1962 1963 1964 1965 1966 1967 1968 1969 1970 1971 1972 1973 1974 1975 1976 1977 1978 1979 1980 1981 1986 1987 1988 1989 1990 1991 1992 1993 1994 1995 1996 1997 1998 1999 2000 2001 2002 2003 2004 2005 2006
us,1926,2025,inflation_adjusted,start,20,75,12,81,0,2,2.5,0.0,0.0,1926 1927 1928 1929 1930 1931 1932 1933 1934 1935 1936 1937 1938 1939 1940 1941 1942 1943 1944 1945 1946 1947 1948 1950 1951 1952 1953 1954 1955 1956 1957 1958 1959 1960 1961 1962 1963 1964 1965 1966 1967 1968 1969 1970 1971 1972 1973 1974 1975 1976 1977 1978 1979 1980 1981 1983 1984 1985 1986 1987 1988 1989 1990 1991 1992 1993 1994 1995 1996 1997 1998 1999 2000 2001 2002 2003 2004 2005 2006
us,1926,2025,inflation_adjusted,start,20,50,3,81,0,81,100.0,2740.0,1179.0,
us,1926,2025,inflation_adjusted,start,20,50,4,81,0,81,100.0,2007.0,571.0,
us,1926,2025,inflation_adjusted,start,20,50,5,81,0,75,92.6,1356.0,0.0,1965 1966 1967 1968 1969 1973
us,1926,2025,inflation_adjusted,start,20,50,6,81,0,64,79.0,797.0,0.0,1936 1937 1939 1940 1962 1963 1964 1965 1966 1967 1968 1969 1970 1971 1972 1973 1974
us,1926,2025,inflation_adjusted,start,20,50,7,81,0,48,59.3,193.0,0.0,1929 1930 1934 1936 1937 1938 1939 1940 1941 1946 1956 1959 1960 1961 1962 1963 1964 1965 1966 1967 1968 1969 1970 1971 1972 1973 1974 1976 1977 1999 2000 2001 2002
us,1926,2025,inflation_adjusted,start,20,50,8,81,0,30,37.0,0.0,0.0,1928 1929 1930 1931 1934 1935 1936 1937 1938 1939 1940 1941 1942 1943 1944 1945 1946 1955 1956 1957 1958 1959 1960 1961 1962 1963 1964 1965 1966 1967 1968 1969 1970 1971 1972 1973 1974 1975 1976 1977 1978 1997 1998 1999 2000 2001 2002 2003 2004 2005 2006
us,1926,2025,inflation_adjusted,start,20,50,9,81,0,19,23.5,0.0,0.0,1928 1929 1930 1931 1932 1933 1934 1935 1936 1937 1938 1939 1940 1941 1942 1943 1944 1945 1946 1947 1952 1953 1955 1956 1957 1958 1959 1960 1961 1962 1963 1964 1965 1966 1967 1968 1969 1970 1971 1972 1973 1974 1975 1976 1977 1978 1979 1987 1992 1993 1994 1996 1997 1998 1999 2000 2001 2002 2003 2004 2005 2006
us,1926,2025,inflation_adjusted,start,20,50,10,81,0,6,7.4,0.0,0.0,1926 1927 1928 1929 1930 1931 1932 1933 1934 1935 1936 1937 1938 1939 1940 1941 1942 1943 1944 1945 1946 1947 1948 1949 1950 1951 1952 1953 1954 1955 1956 1957 1958 1959 1960 1961 1962 1963 1964 1965 1966 1967 1968 1969 1970 1971 1972 1973 1974 1975 1976 1977 1978 1979 1980 1986 1987 1988 1989 1990 1992 1993 1994 1995 1996 1997 1998 1999 2000 2001 2002 2003 2004 2005 2006
us,1926,2025,inflation_adjusted,start,20,50,11,81,0,2,2.5,0.0,0.0,1926 1927 1928 1929 1930 1931 1932 1933 1934 1935 1936 1937 1938 1939 1940 1941 1942 1943 1944 1945 1946 1947 1948 1949 1950 1951 1952 1953 1954 1955 1956 1957 1958 1959 1960 1961 1962 1963 1964 1965 1966 1967 1968 1969 1970 1971 1972 1973 1974 1975 1976 1977 1978 1979 1980 1981 1983 1984 1986 1987 1988 1989 1990 1991 1992 1993 1994 1995 1996 1997 1998 1999 2000 2001 2002 2003 2004 2005 2006
us,1926,2025,inflation_adjusted,start,20,50,12,81,0,1,1.2,0.0,0.0,1926 1927 1928 1929 1930 1931 1932 1933 1934 1935 1936 1937 1938 1939 1940 1941 1942 1943 1944 1945 1946 1947 1948 1949 1950 1951 1952 1953 1954 1955 1956 1957 1958 1959 1960 1961 1962 1963 1964 1965 1966 1967 1968 1969 1970 1971 1972 1973 1974 1975 1976 1977 1978 1979 1980 1981 1983 1984 1985 1986 1987 1988 1989 1990 1991 1992 1993 1994 1995 1996 1997 1998 1999 2000 2001 2002 2003 2004 2005 2006
us,1926,2025,inflation_adjusted,start,20,25,3,81,0,81,100.0,1643.0,990.0,
us,1926,2025,inflation_adjusted,start,20,25,4,81,0,81,100.0,1184.0,393.0,
us,1926,2025,inflation_adjusted,start,20,25,5,81,0,68,84.0,746.0,0.0,1937 1939 1940 1941 1963 1964 1965 1966 1967 1968 1969 1972 1973
us,1926,2025,inflation_adjusted,start,20,25,6,81,0,52,64.2,353.0,0.0,1934 1935 1936 1937 1938 1939 1940 1941 1942 1943 1944 1945 1946 1956 1959 1961 1962 1963 1964 1965 1966 1967 1968 1969 1970 1971 1972 1973 1974
us,1926,2025,inflation_adjusted,start,20,25,7,81,0,33,40.7,0.0,0.0,1933 1934 1935 1936 1937 1938 1939 1940 1941 1942 1943 1944 1945 1946 1947 1950 1954 1955 1956 1957 1958 1959 1960 1961 1962 1963 1964 1965 1966 1967 1968 1969 1970 1971 1972 1973 1974 1975 1976 1977 1999 2000 2001 2002 2003 2004 2005 2006
us,1926,2025,inflation_adjusted,start,20,25,8,81,0,16,19.8,0.0,0.0,1928 1929 1930 1931 1932 1933 1934 1935 1936 1937 1938 1939 1940 1941 1942 1943 1944 1945 1946 1947 1948 1949 1950 1951 1952 1953 1954 1955 1956 1957 1958 1959 1960 1961 1962 1963 1964 1965 1966 1967 1968 1969 1970 1971 1972 1973 1974 1975 1976 1977 1978 1979 1987 1994 1996 1997 1998 1999 2000 2001 2002 2003 2004 2005 2006
us,1926,2025,inflation_adjusted,start,20,25,9,81,0,9,11.1,0.0,0.0,1926 1927 1928 1929 1930 1931 1932 1933 1934 1935 1936 1937 1938 1939 1940 1941 1942 1943 1944 1945 1946 1947 1948 1949 1950 1951 1952 1953 1954 1955 1956 1957 1958 1959 1960 1961 1962 1963 1964 1965 1966 1967 1968 1969 1970 1971 1972 1973 1974 1975 1976 1977 1978 1979 1987 1988 1990 1992 1993 1994 1995 1996 1997 1998 1999 2000 2001 2002 2003 2004 2005 2006
us,1926,2025,inflation_adjusted,start,20,25,10,81,0,4,4.9,0.0,0.0,1926 1927 1928 1929 1930 1931 1932 1933 1934 1935 1936 1937 1938 1939 1940 1941 1942 1943 1944 1945 1946 1947 1948 1949 1950 1951 1952 1953 1954 1955 1956 1957 1958 1959 1960 1961 1962 1963 1964 1965 1966 1967 1968 1969 1970 1971 1972 1973 1974 1975 1976 1977 1978 1979 1980 1983 1986 1987 1988 1989 1990 1991 1992 1993 1994 1995 1996 1997 1998 1999 2000 2001 2002 2003 2004 2005 2006
us,1926,2025,inflation_adjusted,start,20,25,11,81,0,1,1.2,0.0,0.0,1926 1927 1928 1929 1930 1931 1932 1933 1934 1935 1936 1937 1938 1939 1940 1941 1942 1943 1944 1945 1946 1947 1948 1949 1950 1951 1952 1953 1954 1955 1956 1957 1958 1959 1960 1961 1962 1963 1964 1965 1966 1967 1968 1969 1970 1971 1972 1973 1974 1975 1976 1977 1978 1979 1980 1981 1983 1984 1985 1986 1987 1988 1989 1990 1991 1992 1993 1994 1995 1996 1997 1998 1999 2000 2001 2002 2003 2004 2005 2006
us,1926,2025,inflation_adjusted,start,20,25,12,81,0,1,1.2,0.0,0.0,1926 1927 1928 1929 1930 1931 1932 1933 1934 1935 1936 1937 1938 1939 1940 1941 1942 1943 1944 1945 1946 1947 1948 1949 1950 1951 1952 1953 1954 1955 1956 1957 1958 1959 1960 1961 1962 1963 1964 1965 1966 1967 1968 1969 1970 1971 1972 1973 1974 1975 1976 1977 1978 1979 1980 1981 1983 1984 1985 1986 1987 1988 1989 1990 1991 1992 1993 1994 1995 1996 1997 1998 1999 2000 2001 2002 2003 2004 2005 2006
us,1926,2025,inflation_adjusted,start,20,0,3,81,0,81,100.0,1129.0,256.0,
us,1926,2025,inflation_adjusted,start,20,0,4,81,0,79,97.5,626.0,0.0,1940 1941
us,1926,2025,inflation_adjusted,start,20,0,5,81,0,54,66.7,235.0,0.0,1934 1935 1936 1937 1938 1939 1940 1941 1942 1943 1944 1945 1946 1947 1950 1961 1962 1963 1964 1965 1966 1967 1968 1969 1971 1972 1973
us,1926,2025,inflation_adjusted,start,20,0,6,81,0,36,44.4,0.0,0.0,1933 1934 1935 1936 1937 1938 1939 1940 1941 1942 1943 1944 1945 1946 1947 1948 1949 1950 1951 1952 1953 1954 1955 1956 1957 1958 1959 1960 1961 1962 1963 1964 1965 1966 1967 1968 1969 1970 1971 1972 1973 1974 1975 1976 1977
us,1926,2025,inflation_adjusted,start,20,0,7,81,0,24,29.6,0.0,0.0,1931 1932 1933 1934 1935 1936 1937 1938 1939 1940 1941 1942 1943 1944 1945 1946 1947 1948 1949 1950 1951 1952 1953 1954 1955 1956 1957 1958 1959 1960 1961 1962 1963 1964 1965 1966 1967 1968 1969 1970 1971 1972 1973 1974 1975 1976 1977 1978 1996 1998 1999 2001 2002 2003 2004 2005 2006
us,1926,2025,inflation_adjusted,start,20,0,8,81,0,13,16.0,0.0,0.0,1927 1928 1929 1930 1931 1932 1933 1934 1935 1936 1937 1938 1939 1940 1941 1942 1943 1944 1945 1946 1947 1948 1949 1950 1951 1952 1953 1954 1955 1956 1957 1958 1959 1960 1961 1962 1963 1964 1965 1966 1967 1968 1969 1970 1971 1972 1973 1974 1975 1976 1977 1978 1979 1987 1992 1993 1994 1996 1997 1998 1999 2000 2001 2002 2003 2004 2005 2006
us,1926,2025,inflation_adjusted,start,20,0,9,81,0,5,6.2,0.0,0.0,1926 1927 1928 1929 1930 1931 1932 1933 1934 1935 1936 1937 1938 1939 1940 1941 1942 1943 1944 1945 1946 1947 1948 1949 1950 1951 1952 1953 1954 1955 1956 1957 1958 1959 1960 1961 1962 1963 1964 1965 1966 1967 1968 1969 1970 1971 1972 1973 1974 1975 1976 1977 1978 1979 1980 1986 1987 1988 1989 1990 1991 1992 1993 1994 1995 1996 1997 1998 1999 2000 2001 2002 2003 2004 2005 2006
us,1926,2025,inflation_adjusted,start,20,0,10,81,0,2,2.5,0.0,0.0,1926 1927 1928 1929 1930 1931 1932 1933 1934 1935 1936 1937 1938 1939 1940 1941 1942 1943 1944 1945 1946 1947 1948 1949 1950 1951 1952 1953 1954 1955 1956 1957 1958 1959 1960 1961 1962 1963 1964 1965 1966 1967 1968 1969 1970 1971 1972 1973 1974 1975 1976 1977 1978 1979 1980 1983 1984 1985 1986 1987 1988 1989 1990 1991 1992 1993 1994 1995 1996 1997 1998 1999 2000 2001 2002 2003 2004 2005 2006
us,1926,2025,inflation_adjusted,start,20,0,11,81,0,1,1.2,0.0,0.0,1926 1927 1928 1929 1930 1931 1932 1933 1934 1935 1936 1937 1938 1939 1940 1941 1942 1943 1944 1945 1946 1947 1948 1949 1950 1951 1952 1953 1954 1955 1956 1957 1958 1959 1960 1961 1962 1963 1964 1965 1966 1967 1968 1969 1970 1971 1972 1973 1974 1975 1976 1977 1978 1979 1980 1981 1983 1984 1985 1986 1987 1988 1989 1990 1991 1992 1993 1994 1995 1996 1997 1998 1999 2000 2001 2002 2003 2004 2005 2006
us,1926,2025,inflation_adjusted,start,20,0,12,81,0,0,0.0,0.0,0.0,1926 1927 1928 1929 1930 1931 1932 1933 1934 1935 1936 1937 1938 1939 1940 1941 1942 1943 1944 1945 1946 1947 1948 1949 1950 1951 1952 1953 1954 1955 1956 1957 1958 1959 1960 1961 1962 1963 1964 1965 1966 1967 1968 1969 1970 1971 1972 1973 1974 1975 1976 1977 1978 1979 1980 1981 1982 1983 1984 1985 1986 1987 1988 1989 1990 1991 1992 1993 1994 1995 1996 1997 1998 1999 2000 2001 2002 2003 2004 2005 2006
us,1926,2025,inflation_adjusted,start,25,100,3,76,0,76,100.0,6904.0,1017.0,
us,1926,2025,inflation_adjusted,start,25,100,4,76,0,75,98.7,5583.0,0.0,1929
us,1926,2025,inflation_adjusted,start,25,100,5,76,0,61,80.3,4571.0,0.0,1929 1930 1937 1964 1965 1966 1967 1968 1969 1970 1972 1973 1999 2000 2001
us,1926,2025,inflation_adjusted,start,25,100,6,76,0,53,69.7,2964.0,0.0,1928 1929 1930 1931 1937 1961 1962 1963 1964 1965 1966 1967 1968 1969 1970 1971 1972 1973 1974 1998 1999 2000 2001
us,1926,2025,inflation_adjusted,start,25,100,7,76,0,48,63.2,1361.0,0.0,1928 1929 1930 1931 1936 1937 1939 1959 1960 1961 1962 1963 1964 1965 1966 1967 1968 1969 1970 1971 1972 1973 1974 1997 1998 1999 2000 2001
us,1926,2025,inflation_adjusted,start,25,100,8,76,0,37,48.7,0.0,0.0,1926 1927 1928 1929 1930 1931 1934 1936 1937 1938 1939 1940 1946 1956 1957 1959 1960 1961 1962 1963 1964 1965 1966 1967 1968 1969 1970 1971 1972 1973 1974 1976 1977 1996 1997 1998 1999 2000 2001
us,1926,2025,inflation_adjusted,start,25,100,9,76,0,27,35.5,0.0,0.0,1926 1927 1928 1929 1930 1931 1934 1935 1936 1937 1938 1939 1940 1941 1946 1955 1956 1957 1958 1959 1960 1961 1962 1963 1964 1965 1966 1967 1968 1969 1970 1971 1972 1973 1974 1975 1976 1977 1987 1990 1992 1993 1994 1996 1997 1998 1999 2000 2001
us,1926,2025,inflation_adjusted,start,25,100,10,76,0,18,23.7,0.0,0.0,1926 1927 1928 1929 1930 1931 1932 1933 1934 1935 1936 1937 1938 1939 1940 1941 1945 1946 1955 1956 1957 1958 1959 1960 1961 1962 1963 1964 1965 1966 1967 1968 1969 1970 1971 1972 1973 1974 1975 1976 1977 1978 1979 1981 1987 1988 1989 1990 1992 1993 1994 1995 1996 1997 1998 1999 2000 2001
us,1926,2025,inflation_adjusted,start,25,100,11,76,0,12,15.8,0.0,0.0,1926 1927 1928 1929 1930 1931 1932 1933 1934 1935 1936 1937 1938 1939 1940 1941 1944 1945 1946 1953 1955 1956 1957 1958 1959 1960 1961 1962 1963 1964 1965 1966 1967 1968 1969 1970 1971 1972 1973 1974 1975 1976 1977 1978 1979 1980 1981 1984 1986 1987 1988 1989 1990 1991 1992 1993 1994 1995 1996 1997 1998 1999 2000 2001
us,1926,2025,inflation_adjusted,start,25,100,12,76,0,5,6.6,0.0,0.0,1926 1927 1928 1929 1930 1931 1932 1933 1934 1935 1936 1937 1938 1939 1940 1941 1942 1943 1944 1945 1946 1947 1952 1953 1954 1955 1956 1957 1958 1959 1960 1961 1962 1963 1964 1965 1966 1967 1968 1969 1970 1971 1972 1973 1974 1975 1976 1977 1978 1979 1980 1981 1983 1984 1985 1986 1987 1988 1989 1990 1991 1992 1993 1994 1995 1996 1997 1998 1999 2000 2001
us,1926,2025,inflation_adjusted,start,25,75,3,76,0,76,100.0,5692.0,1541.0,
us,1926,2025,inflation_adjusted,start,25,75,4,76,0,76,100.0,4253.0,169.0,
us,1926,2025,inflation_adjusted,start,25,75,5,76,0,63,82.9,3014.0,0.0,1929 1937 1962 1964 1965 1966 1967 1968 1969 1971 1972 1973 2000
us,1926,2025,inflation_adjusted,start,25,75,6,76,0,53,69.7,1757.0,0.0,1929 1930 1936 1937 1959 1960 1961 1962 1963 1964 1965 1966 1967 1968 1969 1970 1971 1972 1973 1974 1999 2000 2001
us,1926,2025,inflation_adjusted,start,25,75,7,76,0,40,52.6,209.0,0.0,1928 1929 1930 1931 1934 1936 1937 1938 1939 1940 1946 1956 1957 1958 1959 1960 1961 1962 1963 1964 1965 1966 1967 1968 1969 1970 1971 1972 1973 1974 1976 1977 1998 1999 2000 2001
us,1926,2025,inflation_adjusted,start,25,75,8,76,0,33,43.4,0.0,0.0,1927 1928 1929 1930 1931 1934 1935 1936 1937 1938 1939 1940 1941 1946 1955 1956 1957 1958 1959 1960 1961 1962 1963 1964 1965 1966 1967 1968 1969 1970 1971 1972 1973 1974 1975 1976 1977 1996 1997 1998 1999 2000 2001
us,1926,2025,inflation_adjusted,start,25,75,9,76,0,19,25.0,0.0,0.0,1926 1927 1928 1929 1930 1931 1932 1933 1934 1935 1936 1937 1938 1939 1940 1941 1942 1943 1944 1945 1946 1955 1956 1957 1958 1959 1960 1961 1962 1963 1964 1965 1966 1967 1968 1969 1970 1971 1972 1973 1974 1975 1976 1977 1978 1979 1987 1990 1992 1993 1994 1996 1997 1998 1999 2000 2001
us,1926,2025,inflation_adjusted,start,25,75,10,76,0,7,9.2,0.0,0.0,1926 1927 1928 1929 1930 1931 1932 1933 1934 1935 1936 1937 1938 1939 1940 1941 1942 1943 1944 1945 1946 1947 1951 1952 1953 1954 1955 1956 1957 1958 1959 1960 1961 1962 1963 1964 1965 1966 1967 1968 1969 1970 1971 1972 1973 1974 1975 1976 1977 1978 1979 1980 1981 1986 1987 1988 1989 1990 1991 1992 1993 1994 1995 1996 1997 1998 1999 2000 2001
us,1926,2025,inflation_adjusted,start,25,75,11,76,0,2,2.6,0.0,0.0,1926 1927 1928 1929 1930 1931 1932 1933 1934 1935 1936 1937 1938 1939 1940 1941 1942 1943 1944 1945 1946 1947 1948 1950 1951 1952 1953 1954 1955 1956 1957 1958 1959 1960 1961 1962 1963 1964 1965 1966 1967 1968 1969 1970 1971 1972 1973 1974 1975 1976 1977 1978 1979 1980 1981 1983 1984 1985 1986 1987 1988 1989 1990 1991 1992 1993 1994 1995 1996 1997 1998 1999 2000 2001
us,1926,2025,inflation_adjusted,start,25,75,12,76,0,1,1.3,0.0,0.0,1926 1927 1928 1929 1930 1931 1932 1933 1934 1935 1936 1937 1938 1939 1940 1941 1942 1943 1944 1945 1946 1947 1948 1949 1950 1951 1952 1953 1954 1955 1956 1957 1958 1959 1960 1961 1962 1963 1964 1965 1966 1967 1968 1969 1970 1971 1972 1973 1974 1975 1976 1977 1978 1979 1980 1981 1983 1984 1985 1986 1987 1988 1989 1990 1991 1992 1993 1994 1995 1996 1997 1998 1999 2000 2001
us,1926,2025,inflation_adjusted,start,25,50,3,76,0,76,100.0,3496.0,1634.0,
us,1926,2025,inflation_adjusted,start,25,50,4,76,0,76,100.0,2330.0,3.0,
us,1926,2025,inflation_adjusted,start,25,50,5,76,0,62,81.6,1556.0,0.0,1937 1961 1962 1963 1964 1965 1966 1967 1968 1969 1970 1971 1972 1973
us,1926,2025,inflation_adjusted,start,25,50,6,76,0,44,57.9,607.0,0.0,1929 1930 1934 1936 1937 1938 1939 1940 1941 1946 1956 1957 1958 1959 1960 1961 1962 1963 1964 1965 1966 1967 1968 1969 1970 1971 1972 1973 1974 1999 2000 2001
us,1926,2025,inflation_adjusted,start,25,50,7,76,0,32,42.1,0.0,0.0,1928 1929 1930 1931 1934 1935 1936 1937 1938 1939 1940 1941 1942 1943 1944 1945 1946 1955 1956 1957 1958 1959 1960 1961 1962 1963 1964 1965 1966 1967 1968 1969 1970 1971 1972 1973 1974 1975 1976 1977 1998 1999 2000 2001
us,1926,2025,inflation_adjusted,start,25,50,8,76,0,16,21.1,0.0,0.0,1927 1928 1929 1930 1931 1932 1933 1934 1935 1936 1937 1938 1939 1940 1941 1942 1943 1944 1945 1946 1947 1951 1952 1953 1954 1955 1956 1957 1958 1959 1960 1961 1962 1963 1964 1965 1966 1967 1968 1969 1970 1971 1972 1973 1974 1975 1976 1977 1978 1979 1987 1992 1993 1994 1996 1997 1998 1999 2000 2001
us,1926,2025,inflation_adjusted,start,25,50,9,76,0,5,6.6,0.0,0.0,1926 1927 1928 1929 1930 1931 1932 1933 1934 1935 1936 1937 1938 1939 1940 1941 1942 1943 1944 1945 1946 1947 1948 1949 1950 1951 1952 1953 1954 1955 1956 1957 1958 1959 1960 1961 1962 1963 1964 1965 1966 1967 1968 1969 1970 1971 1972 1973 1974 1975 1976 1977 1978 1979 1980 1986 1987 1988 1989 1990 1991 1992 1993 1994 1995 1996 1997 1998 1999 2000 2001
us,1926,2025,inflation_adjusted,start,25,50,10,76,0,2,2.6,0.0,0.0,1926 1927 1928 1929 1930 1931 1932 1933 1934 1935 1936 1937 1938 1939 1940 1941 1942 1943 1944 1945 1946 1947 1948 1949 1950 1951 1952 1953 1954 1955 1956 1957 1958 1959 1960 1961 1962 1963 1964 1965 1966 1967 1968 1969 1970 1971 1972 1973 1974 1975 1976 1977 1978 1979 1980 1981 1983 1984 1986 1987 1988 1989 1990 1991 1992 1993 1994 1995 1996 1997 1998 1999 2000 2001
us,1926,2025,inflation_adjusted,start,25,50,11,76,0,1,1.3,0.0,0.0,1926 1927 1928 1929 1930 1931 1932 1933 1934 1935 1936 1937 1938 1939 1940 1941 1942 1943 1944 1945 1946 1947 1948 1949 1950 1951 1952 1953 1954 1955 1956 1957 1958 1959 1960 1961 1962 1963 1964 1965 1966 1967 1968 1969 1970 1971 1972 1973 1974 1975 1976 1977 1978 1979 1980 1981 1983 1984 1985 1986 1987 1988 1989 1990 1991 1992 1993 1994 1995 1996 1997 1998 1999 2000 2001
us,1926,2025,inflation_adjusted,start,25,50,12,76,0,0,0.0,0.0,0.0,1926 1927 1928 1929 1930 1931 1932 1933 1934 1935 1936 1937 1938 1939 1940 1941 1942 1943 1944 1945 1946 1947 1948 1949 1950 1951 1952 1953 1954 1955 1956 1957 1958 1959 1960 1961 1962 1963 1964 1965 1966 1967 1968 1969 1970 1971 1972 1973 1974 1975 1976 1977 1978 1979 1980 1981 1982 1983 1984 1985 1986 1987 1988 1989 1990 1991 1992 1993 1994 1995 1996 1997 1998 1999 2000 2001
us,1926,2025,inflation_adjusted,start,25,25,3,76,0,76,100.0,1829.0,931.0,
us,1926,2025,inflation_adjusted,start,25,25,4,76,0,73,96.1,1087.0,0.0,1965 1966 1967
us,1926,2025,inflation_adjusted,start,25,25,5,76,0,47,61.8,416.0,0.0,1934 1936 1937 1938 1939 1940 1941 1942 1944 1945 1946 1956 1957 1958 1959 1960 1961 1962 1963 1964 1965 1966 1967 1968 1969 1970 1971 1972 1973
us,1926,2025,inflation_adjusted,start,25,25,6,76,0,28,36.8,0.0,0.0,1929 1930 1931 1933 1934 1935 1936 1937 1938 1939 1940 1941 1942 1943 1944 1945 1946 1947 1950 1951 1952 1953 1954 1955 1956 1957 1958 1959 1960 1961 1962 1963 1964 1965 1966 1967 1968 1969 1970 1971 1972 1973 1974 1976 1977 1999 2000 2001
us,1926,2025,inflation_adjusted,start,25,25,7,76,0,18,23.7,0.0,0.0,1928 1929 1930 1931 1932 1933 1934 1935 1936 1937 1938 1939 1940 1941 1942 1943 1944 1945 1946 1947 1948 1949 1950 1951 1952 1953 1954 1955 1956 1957 1958 1959 1960 1961 1962 1963 1964 1965 1966 1967 1968 1969 1970 1971 1972 1973 1974 1975 1976 1977 1978 1994 1996 1997 1998 1999 2000 2001
us,1926,2025,inflation_adjusted,start,25,25,8,76,0,9,11.8,0.0,0.0,1926 1927 1928 1929 1930 1931 1932 1933 1934 1935 1936 1937 1938 1939 1940 1941 1942 1943 1944 1945 1946 1947 1948 1949 1950 1951 1952 1953 1954 1955 1956 1957 1958 1959 1960 1961 1962 1963 1964 1965 1966 1967 1968 1969 1970 1971 1972 1973 1974 1975 1976 1977 1978 1979 1987 1988 1990 1992 1993 1994 1995 1996 1997 1998 1999 2000 2001
us,1926,2025,inflation_adjusted,start,25,25,9,76,0,5,6.6,0.0,0.0,1926 1927 1928 1929 1930 1931 1932 1933 1934 1935 1936 1937 1938 1939 1940 1941 1942 1943 1944 1945 1946 1947 1948 1949 1950 1951 1952 1953 1954 1955 1956 1957 1958 1959 1960 1961 1962 1963 1964 1965 1966 1967 1968 1969 1970 1971 1972 1973 1974 1975 1976 1977 1978 1979 1980 1986 1987 1988 1989 1990 1991 1992 1993 1994 1995 1996 1997 1998 1999 2000 2001
us,1926,2025,inflation_adjusted,start,25,25,10,76,0,1,1.3,0.0,0.0,1926 1927 1928 1929 1930 1931 1932 1933 1934 1935 1936 1937 1938 1939 1940 1941 1942 1943 1944 1945 1946 1947 1948 1949 1950 1951 1952 1953 1954 1955 1956 1957 1958 1959 1960 1961 1962 1963 1964 1965 1966 1967 1968 1969 1970 1971 1972 1973 1974 1975 1976 1977 1978 1979 1980 1981 1983 1984 1985 1986 1987 1988 1989 1990 1991 1992 1993 1994 1995 1996 1997 1998 1999 2000 2001
us,1926,2025,inflation_adjusted,start,25,25,11,76,0,1,1.3,0.0,0.0,1926 1927 1928 1929 1930 1931 1932 1933 1934 1935 1936 1937 1938 1939 1940 1941 1942 1943 1944 1945 1946 1947 1948 1949 1950 1951 1952 1953 1954 1955 1956 1957 1958 1959 1960 1961 1962 1963 1964 1965 1966 1967 1968 1969 1970 1971 1972 1973 1974 1975 1976 1977 1978 1979 1980 1981 1983 1984 1985 1986 1987 1988 1989 1990 1991 1992 1993 1994 1995 1996 1997 1998 1999 2000 2001
us,1926,2025,inflation_adjusted,start,25,25,12,76,0,0,0.0,0.0,0.0,1926 1927 1928 1929 1930 1931 1932 1933 1934 1935 1936 1937 1938 1939 1940 1941 1942 1943 1944 1945 1946 1947 1948 1949 1950 1951 1952 1953 1954 1955 1956 1957 1958 1959 1960 1961 1962 1963 1964 1965 1966 1967 1968 1969 1970 1971 1972 1973 1974 1975 1976 1977 1978 1979 1980 1981 1982 1983 1984 1985 1986 1987 1988 1989 1990 1991 1992 1993 1994 1995 1996 1997 1998 1999 2000 2001
us,1926,2025,inflation_adjusted,start,25,0,3,76,0,75,98.7,1054.0,0.0,1941
us,1926,2025,inflation_adjusted,start,25,0,4,76,0,49,64.5,255.0,0.0,1933 1934 1935 1936 1937 1938 1939 1940 1941 1942 1943 1944 1945 1946 1947 1950 1955 1956 1958 1961 1962 1963 1964 1965 1966 1967 1968
us,1926,2025,inflation_adjusted,start,25,0,5,76,0,33,43.4,0.0,0.0,1932 1933 1934 1935 1936 1937 1938 1939 1940 1941 1942 1943 1944 1945 1946 1947 1948 1949 1950 1951 1952 1953 1954 1955 1956 1957 1958 1959 1960 1961 1962 1963 1964 1965 1966 1967 1968 1969 1970 1971 1972 1973 1974
us,1926,2025,inflation_adjusted,start,25,0,6,76,0,20,26.3,0.0,0.0,1928 1929 1930 1931 1932 1933 1934 1935 1936 1937 1938 1939 1940 1941 1942 1943 1944 1945 1946 1947 1948 1949 1950 1951 1952 1953 1954 1955 1956 1957 1958 1959 1960 1961 1962 1963 1964 1965 1966 1967 1968 1969 1970 1971 1972 1973 1974 1975 1976 1977 1978 1994 1996 1998 1999 2001
us,1926,2025,inflation_adjusted,start,25,0,7,76,0,11,14.5,0.0,0.0,1926 1927 1928 1929 1930 1931 1932 1933 1934 1935 1936 1937 1938 1939 1940 1941 1942 1943 1944 1945 1946 1947 1948 1949 1950 1951 1952 1953 1954 1955 1956 1957 1958 1959 1960 1961 1962 1963 1964 1965 1966 1967 1968 1969 1970 1971 1972 1973 1974 1975 1976 1977 1978 1979 1987 1992 1993 1994 1995 1996 1997 1998 1999 2000 2001
us,1926,2025,inflation_adjusted,start,25,0,8,76,0,5,6.6,0.0,0.0,1926 1927 1928 1929 1930 1931 1932 1933 1934 1935 1936 1937 1938 1939 1940 1941 1942 1943 1944 1945 1946 1947 1948 1949 1950 1951 1952 1953 1954 1955 1956 1957 1958 1959 1960 1961 1962 1963 1964 1965 1966 1967 1968 1969 1970 1971 1972 1973 1974 1975 1976 1977 1978 1979 1980 1986 1987 1988 1989 1990 1991 1992 1993 1994 1995 1996 1997 1998 1999 2000 2001
us,1926,2025,inflation_adjusted,start,25,0,9,76,0,2,2.6,0.0,0.0,1926 1927 1928 1929 1930 1931 1932 1933 1934 1935 1936 1937 1938 1939 1940 1941 1942 1943 1944 1945 1946 1947 1948 1949 1950 1951 1952 1953 1954 1955 1956 1957 1958 1959 1960 1961 1962 1963 1964 1965 1966 1967 1968 1969 1970 1971 1972 1973 1974 1975 1976 1977 1978 1979 1980 1983 1984 1985 1986 1987 1988 1989 1990 1991 1992 1993 1994 1995 1996 1997 1998 1999 2000 2001
us,1926,2025,inflation_adjusted,start,25,0,10,76,0,1,1.3,0.0,0.0,1926 1927 1928 1929 1930 1931 1932 1933 1934 1935 1936 1937 1938 1939 1940 1941 1942 1943 1944 1945 1946 1947 1948 1949 1950 1951 1952 1953 1954 1955 1956 1957 1958 1959 1960 1961 1962 1963 1964 1965 1966 1967 1968 1969 1970 1971 1972 1973 1974 1975 1976 1977 1978 1979 1980 1981 1983 1984 1985 1986 1987 1988 1989 1990 1991 1992 1993 1994 1995 1996 1997 1998 1999 2000 2001
us,1926,2025,inflation_adjusted,start,25,0,11,76,0,0,0.0,0.0,0.0,1926 1927 1928 1929 1930 1931 1932 1933 1934 1935 1936 1937 1938 1939 1940 1941 1942 1943 1944 1945 1946 1947 1948 1949 1950 1951 1952 1953 1954 1955 1956 1957 1958 1959 1960 1961 1962 1963 1964 1965 1966 1967 1968 1969 1970 1971 1972 1973 1974 1975 1976 1977 1978 1979 1980 1981 1982 1983 1984 1985 1986 1987 1988 1989 1990 1991 1992 1993 1994 1995 1996 1997 1998 1999 2000 2001
us,1926,2025,inflation_adjusted,start,25,0,12,76,0,0,0.0,0.0,0.0,1926 1927 1928 1929 1930 1931 1932 1933 1934 1935 1936 1937 1938 1939 1940 1941 1942 1943 1944 1945 1946 1947 1948 1949 1950 1951 1952 1953 1954 1955 1956 1957 1958 1959 1960 1961 1962 1963 1964 1965 1966 1967 1968 1969 1970 1971 1972 1973 1974 1975 1976 1977 1978 1979 1980 1981 1982 1983 1984 1985 1986 1987 1988 1989 1990 1991 1992 1993 1994 1995 1996 1997 1998 1999 2000 2001
us,1926,2025,inflation_adjusted,start,30,100,3,71,0,71,100.0,12440.0,2309.0,
us,1926,2025,inflation_adjusted,start,30,100,4,71,0,68,95.8,9434.0,0.0,1929 1966 1969
us,1926,2025,inflation_adjusted,start,30,100,5,71,0,57,80.3,7490.0,0.0,1929 1930 1937 1962 1964 1965 1966 1967 1968 1969 1970 1971 1972 1973
us,1926,2025,inflation_adjusted,start,30,100,6,71,0,49,69.0,4741.0,0.0,1928 1929 1930 1931 1936 1937 1959 1960 1961 1962 1963 1964 1965 1966 1967 1968 1969 1970 1971 1972 1973 1974
us,1926,2025,inflation_adjusted,start,30,100,7,71,0,42,59.2,1877.0,0.0,1927 1928 1929 1930 1931 1934 1936 1937 1939 1940 1956 1957 1959 1960 1961 1962 1963 1964 1965 1966 1967 1968 1969 1970 1971 1972 1973 1974 1976
us,1926,2025,inflation_adjusted,start,30,100,8,71,0,34,47.9,0.0,0.0,1926 1927 1928 1929 1930 1931 1934 1936 1937 1938 1939 1940 1946 1955 1956 1957 1958 1959 1960 1961 1962 1963 1964 1965 1966 1967 1968 1969 1970 1971 1972 1973 1974 1976 1977 1987 1996
us,1926,2025,inflation_adjusted,start,30,100,9,71,0,24,33.8,0.0,0.0,1926 1927 1928 1929 1930 1931 1934 1935 1936 1937 1938 1939 1940 1941 1946 1955 1956 1957 1958 1959 1960 1961 1962 1963 1964 1965 1966 1967 1968 1969 1970 1971 1972 1973 1974 1975 1976 1977 1978 1987 1989 1990 1992 1993 1994 1995 1996
us,1926,2025,inflation_adjusted,start,30,100,10,71,0,12,16.9,0.0,0.0,1926 1927 1928 1929 1930 1931 1932 1933 1934 1935 1936 1937 1938 1939 1940 1941 1944 1945 1946 1953 1955 1956 1957 1958 1959 1960 1961 1962 1963 1964 1965 1966 1967 1968 1969 1970 1971 1972 1973 1974 1975 1976 1977 1978 1979 1980 1981 1984 1986 1987 1988 1989 1990 1991 1992 1993 1994 1995 1996
us,1926,2025,inflation_adjusted,start,30,100,11,71,0,4,5.6,0.0,0.0,1926 1927 1928 1929 1930 1931 1932 1933 1934 1935 1936 1937 1938 1939 1940 1941 1942 1943 1944 1945 1946 1947 1951 1952 1953 1954 1955 1956 1957 1958 1959 1960 1961 1962 1963 1964 1965 1966 1967 1968 1969 1970 1971 1972 1973 1974 1975 1976 1977 1978 1979 1980 1981 1983 1984 1985 1986 1987 1988 1989 1990 1991 1992 1993 1994 1995 1996
us,1926,2025,inflation_adjusted,start,30,100,12,71,0,3,4.2,0.0,0.0,1926 1927 1928 1929 1930 1931 1932 1933 1934 1935 1936 1937 1938 1939 1940 1941 1942 1943 1944 1945 1946 1947 1951 1952 1953 1954 1955 1956 1957 1958 1959 1960 1961 1962 1963 1964 1965 1966 1967 1968 1969 1970 1971 1972 1973 1974 1975 1976 1977 1978 1979 1980 1981 1982 1983 1984 1985 1986 1987 1988 1989 1990 1991 1992 1993 1994 1995 1996
us,1926,2025,inflation_adjusted,start,30,75,3,71,0,71,100.0,8867.0,2983.0,
us,1926,2025,inflation_adjusted,start,30,75,4,71,0,68,95.8,6490.0,0.0,1965 1966 1969
us,1926,2025,inflation_adjusted,start,30,75,5,71,0,55,77.5,4442.0,0.0,1929 1930 1937 1961 1962 1963 1964 1965 1966 1967 1968 1969 1970 1971 1972 1973
us,1926,2025,inflation_adjusted,start,30,75,6,71,0,45,63.4,2351.0,0.0,1928 1929 1930 1931 1936 1937 1939 1940 1956 1957 1959 1960 1961 1962 1963 1964 1965 1966 1967 1968 1969 1970 1971 1972 1973 1974
us,1926,2025,inflation_adjusted,start,30,75,7,71,0,37,52.1,418.0,0.0,1928 1929 1930 1931 1934 1936 1937 1938 1939 1940 1941 1946 1955 1956 1957 1958 1959 1960 1961 1962 1963 1964 1965 1966 1967 1968 1969 1970 1971 1972 1973 1974 1976 1977
us,1926,2025,inflation_adjusted,start,30,75,8,71,0,23,32.4,0.0,0.0,1926 1927 1928 1929 1930 1931 1934 1935 1936 1937 1938 1939 1940 1941 1944 1945 1946 1953 1955 1956 1957 1958 1959 1960 1961 1962 1963 1964 1965 1966 1967 1968 1969 1970 1971 1972 1973 1974 1975 1976 1977 1978 1987 1990 1992 1993 1994 1996
us,1926,2025,inflation_adjusted,start,30,75,9,71,0,9,12.7,0.0,0.0,1926 1927 1928 1929 1930 1931 1932 1933 1934 1935 1936 1937 1938 1939 1940 1941 1942 1943 1944 1945 1946 1947 1951 1952 1953 1954 1955 1956 1957 1958 1959 1960 1961 1962 1963 1964 1965 1966 1967 1968 1969 1970 1971 1972 1973 1974 1975 1976 1977 1978 1979 1986 1987 1988 1989 1990 1991 1992 1993 1994 1995 1996
us,1926,2025,inflation_adjusted,start,30,75,10,71,0,2,2.8,0.0,0.0,1926 1927 1928 1929 1930 1931 1932 1933 1934 1935 1936 1937 1938 1939 1940 1941 1942 1943 1944 1945 1946 1947 1948 1950 1951 1952 1953 1954 1955 1956 1957 1958 1959 1960 1961 1962 1963 1964 1965 1966 1967 1968 1969 1970 1971 1972 1973 1974 1975 1976 1977 1978 1979 1980 1981 1983 1984 1985 1986 1987 1988 1989 1990 1991 1992 1993 1994 1995 1996
us,1926,2025,inflation_adjusted,start,30,75,11,71,0,1,1.4,0.0,0.0,1926 1927 1928 1929 1930 1931 1932 1933 1934 1935 1936 1937 1938 1939 1940 1941 1942 1943 1944 1945 1946 1947 1948 1949 1950 1951 1952 1953 1954 1955 1956 1957 1958 1959 1960 1961 1962 1963 1964 1965 1966 1967 1968 1969 1970 1971 1972 1973 1974 1975 1976 1977 1978 1979 1980 1981 1983 1984 1985 1986 1987 1988 1989 1990 1991 1992 1993 1994 1995 1996
us,1926,2025,inflation_adjusted,start,30,75,12,71,0,0,0.0,0.0,0.0,1926 1927 1928 1929 1930 1931 1932 1933 1934 1935 1936 1937 1938 1939 1940 1941 1942 1943 1944 1945 1946 1947 1948 1949 1950 1951 1952 1953 1954 1955 1956 1957 1958 1959 1960 1961 1962 1963 1964 1965 1966 1967 1968 1969 1970 1971 1972 1973 1974 1975 1976 1977 1978 1979 1980 1981 1982 1983 1984 1985 1986 1987 1988 1989 1990 1991 1992 1993 1994 1995 1996
us,1926,2025,inflation_adjusted,start,30,50,3,71,0,71,100.0,4891.0,2279.0,
us,1926,2025,inflation_adjusted,start,30,50,4,71,0,65,91.5,3326.0,0.0,1964 1965 1966 1967 1968 1969
us,1926,2025,inflation_adjusted,start,30,50,5,71,0,50,70.4,1625.0,0.0,1936 1937 1939 1940 1956 1957 1959 1960 1961 1962 1963 1964 1965 1966 1967 1968 1969 1970 1971 1972 1973
us,1926,2025,inflation_adjusted,start,30,50,6,71,0,38,53.5,179.0,0.0,1929 1930 1931 1934 1935 1936 1937 1938 1939 1940 1941 1945 1946 1955 1956 1957 1958 1959 1960 1961 1962 1963 1964 1965 1966 1967 1968 1969 1970 1971 1972 1973 1974
us,1926,2025,inflation_adjusted,start,30,50,7,71,0,21,29.6,0.0,0.0,1927 1928 1929 1930 1931 1932 1933 1934 1935 1936 1937 1938 1939 1940 1941 1942 1943 1944 1945 1946 1947 1950 1951 1952 1953 1954 1955 1956 1957 1958 1959 1960 1961 1962 1963 1964 1965 1966 1967 1968 1969 1970 1971 1972 1973 1974 1975 1976 1977 1996
us,1926,2025,inflation_adjusted,start,30,50,8,71,0,8,11.3,0.0,0.0,1926 1927 1928 1929 1930 1931 1932 1933 1934 1935 1936 1937 1938 1939 1940 1941 1942 1943 1944 1945 1946 1947 1948 1949 1950 1951 1952 1953 1954 1955 1956 1957 1958 1959 1960 1961 1962 1963 1964 1965 1966 1967 1968 1969 1970 1971 1972 1973 1974 1975 1976 1977 1978 1979 1987 1988 1989 1990 1992 1993 1994 1995 1996
us,1926,2025,inflation_adjusted,start,30,50,9,71,0,4,5.6,0.0,0.0,1926 1927 1928 1929 1930 1931 1932 1933 1934 1935 1936 1937 1938 1939 1940 1941 1942 1943 1944 1945 1946 1947 1948 1949 1950 1951 1952 1953 1954 1955 1956 1957 1958 1959 1960 1961 1962 1963 1964 1965 1966 1967 1968 1969 1970 1971 1972 1973 1974 1975 1976 1977 1978 1979 1980 1981 1986 1987 1988 1989 1990 1991 1992 1993 1994 1995 1996
us,1926,2025,inflation_adjusted,start,30,50,10,71,0,1,1.4,0.0,0.0,1926 1927 1928 1929 1930 1931 1932 1933 1934 1935 1936 1937 1938 1939 1940 1941 1942 1943 1944 1945 1946 1947 1948 1949 1950 1951 1952 1953 1954 1955 1956 1957 1958 1959 1960 1961 1962 1963 1964 1965 1966 1967 1968 1969 1970 1971 1972 1973 1974 1975 1976 1977 1978 1979 1980 1981 1983 1984 1985 1986 1987 1988 1989 1990 1991 1992 1993 1994 1995 1996
us,1926,2025,inflation_adjusted,start,30,50,11,71,0,0,0.0,0.0,0.0,1926 1927 1928 1929 1930 1931 1932 1933 1934 1935 1936 1937 1938 1939 1940 1941 1942 1943 1944 1945 1946 1947 1948 1949 1950 1951 1952 1953 1954 1955 1956 1957 1958 1959 1960 1961 1962 1963 1964 1965 1966 1967 1968 1969 1970 1971 1972 1973 1974 1975 1976 1977 1978 1979 1980 1981 1982 1983 1984 1985 1986 1987 1988 1989 1990 1991 1992 1993 1994 1995 1996
us,1926,2025,inflation_adjusted,start,30,50,12,71,0,0,0.0,0.0,0.0,1926 1927 1928 1929 1930 1931 1932 1933 1934 1935 1936 1937 1938 1939 1940 1941 1942 1943 1944 1945 1946 1947 1948 1949 1950 1951 1952 1953 1954 1955 1956 1957 1958 1959 1960 1961 1962 1963 1964 1965 1966 1967 1968 1969 1970 1971 1972 1973 1974 1975 1976 1977 1978 1979 1980 1981 1982 1983 1984 1985 1986 1987 1988 1989 1990 1991 1992 1993 1994 1995 1996
us,1926,2025,inflation_adjusted,start,30,25,3,71,0,71,100.0,2256.0,693.0,
us,1926,2025,inflation_adjusted,start,30,25,4,71,0,55,77.5,858.0,0.0,1936 1937 1939 1940 1941 1946 1956 1961 1962 1963 1964 1965 1966 1967 1968 1969
us,1926,2025,inflation_adjusted,start,30,25,5,71,0,31,43.7,0.0,0.0,1933 1934 1935 1936 1937 1938 1939 1940 1941 1942 1943 1944 1945 1946 1947 1950 1951 1952 1953 1954 1955 1956 1957 1958 1959 1960 1961 1962 1963 1964 1965 1966 1967 1968 1969 1970 1971 1972 1973 1974
us,1926,2025,inflation_adjusted,start,30,25,6,71,0,20,28.2,0.0,0.0,1928 1929 1930 1931 1932 1933 1934 1935 1936 1937 1938 1939 1940 1941 1942 1943 1944 1945 1946 1947 1948 1949 1950 1951 1952 1953 1954 1955 1956 1957 1958 1959 1960 1961 1962 1963 1964 1965 1966 1967 1968 1969 1970 1971 1972 1973 1974 1975 1976 1977 1996
us,1926,2025,inflation_adjusted,start,30,25,7,71,0,11,15.5,0.0,0.0,1926 1927 1928 1929 1930 1931 1932 1933 1934 1935 1936 1937 1938 1939 1940 1941 1942 1943 1944 1945 1946 1947 1948 1949 1950 1951 1952 1953 1954 1955 1956 1957 1958 1959 1960 1961 1962 1963 1964 1965 1966 1967 1968 1969 1970 1971 1972 1973 1974 1975 1976 1977 1978 1979 1987 1990 1992 1993 1994 1996
us,1926,2025,inflation_adjusted,start,30,25,8,71,0,5,7.0,0.0,0.0,1926 1927 1928 1929 1930 1931 1932 1933 1934 1935 1936 1937 1938 1939 1940 1941 1942 1943 1944 1945 1946 1947 1948 1949 1950 1951 1952 1953 1954 1955 1956 1957 1958 1959 1960 1961 1962 1963 1964 1965 1966 1967 1968 1969 1970 1971 1972 1973 1974 1975 1976 1977 1978 1979 1980 1986 1987 1988 1989 1990 1991 1992 1993 1994 1995 1996
us,1926,2025,inflation_adjusted,start,30,25,9,71,0,1,1.4,0.0,0.0,1926 1927 1928 1929 1930 1931 1932 1933 1934 1935 1936 1937 1938 1939 1940 1941 1942 1943 1944 1945 1946 1947 1948 1949 1950 1951 1952 1953 1954 1955 1956 1957 1958 1959 1960 1961 1962 1963 1964 1965 1966 1967 1968 1969 1970 1971 1972 1973 1974 1975 1976 1977 1978 1979 1980 1981 1983 1984 1985 1986 1987 1988 1989 1990 1991 1992 1993 1994 1995 1996
us,1926,2025,inflation_adjusted,start,30,25,10,71,0,1,1.4,0.0,0.0,1926 1927 1928 1929 1930 1931 1932 1933 1934 1935 1936 1937 1938 1939 1940 1941 1942 1943 1944 1945 1946 1947 1948 1949 1950 1951 1952 1953 1954 1955 1956 1957 1958 1959 1960 1961 1962 1963 1964 1965 1966 1967 1968 1969 1970 1971 1972 1973 1974 1975 1976 1977 1978 1979 1980 1981 1983 1984 1985 1986 1987 1988 1989 1990 1991 1992 1993 1994 1995 1996
us,1926,2025,inflation_adjusted,start,30,25,11,71,0,0,0.0,0.0,0.0,1926 1927 1928 1929 1930 1931 1932 1933 1934 1935 1936 1937 1938 1939 1940 1941 1942 1943 1944 1945 1946 1947 1948 1949 1950 1951 1952 1953 1954 1955 1956 1957 1958 1959 1960 1961 1962 1963 1964 1965 1966 1967 1968 1969 1970 1971 1972 1973 1974 1975 1976 1977 1978 1979 1980 1981 1982 1983 1984 1985 1986 1987 1988 1989 1990 1991 1992 1993 1994 1995 1996
us,1926,2025,inflation_adjusted,start,30,25,12,71,0,0,0.0,0.0,0.0,1926 1927 1928 1929 1930 1931 1932 1933 1934 1935 1936 1937 1938 1939 1940 1941 1942 1943 1944 1945 1946 1947 1948 1949 1950 1951 1952 1953 1954 1955 1956 1957 1958 1959 1960 1961 1962 1963 1964 1965 1966 1967 1968 1969 1970 1971 1972 1973 1974 1975 1976 1977 1978 1979 1980 1981 1982 1983 1984 1985 1986 1987 1988 1989 1990 1991 1992 1993 1994 1995 1996
us,1926,2025,inflation_adjusted,start,30,0,3,71,0,60,84.5,837.0,0.0,1936 1937 1938 1939 1940 1941 1942 1943 1944 1945 1946
us,1926,2025,inflation_adjusted,start,30,0,4,71,0,30,42.3,0.0,0.0,1932 1933 1934 1935 1936 1937 1938 1939 1940 1941 1942 1943 1944 1945 1946 1947 1948 1949 1950 1951 1952 1953 1954 1955 1956 1957 1958 1959 1960 1961 1962 1963 1964 1965 1966 1967 1968 1969 1971 1972 1973
us,1926,2025,inflation_adjusted,start,30,0,5,71,0,21,29.6,0.0,0.0,1928 1929 1930 1931 1932 1933 1934 1935 1936 1937 1938 1939 1940 1941 1942 1943 1944 1945 1946 1947 1948 1949 1950 1951 1952 1953 1954 1955 1956 1957 1958 1959 1960 1961 1962 1963 1964 1965 1966 1967 1968 1969 1970 1971 1972 1973 1974 1975 1976 1977
us,1926,2025,inflation_adjusted,start,30,0,6,71,0,11,15.5,0.0,0.0,1926 1927 1928 1929 1930 1931 1932 1933 1934 1935 1936 1937 1938 1939 1940 1941 1942 1943 1944 1945 1946 1947 1948 1949 1950 1951 1952 1953 1954 1955 1956 1957 1958 1959 1960 1961 1962 1963 1964 1965 1966 1967 1968 1969 1970 1971 1972 1973 1974 1975 1976 1977 1978 1979 1987 1992 1993 1994 1995 1996
us,1926,2025,inflation_adjusted,start,30,0,7,71,0,6,8.5,0.0,0.0,1926 1927 1928 1929 1930 1931 1932 1933 1934 1935 1936 1937 1938 1939 1940 1941 1942 1943 1944 1945 1946 1947 1948 1949 1950 1951 1952 1953 1954 1955 1956 1957 1958 1959 1960 1961 1962 1963 1964 1965 1966 1967 1968 1969 1970 1971 1972 1973 1974 1975 1976 1977 1978 1979 1986 1987 1988 1989 1990 1991 1992 1993 1994 1995 1996
us,1926,2025,inflation_adjusted,start,30,0,8,71,0,2,2.8,0.0,0.0,1926 1927 1928 1929 1930 1931 1932 1933 1934 1935 1936 1937 1938 1939 1940 1941 1942 1943 1944 1945 1946 1947 1948 1949 1950 1951 1952 1953 1954 1955 1956 1957 1958 1959 1960 1961 1962 1963 1964 1965 1966 1967 1968 1969 1970 1971 1972 1973 1974 1975 1976 1977 1978 1979 1980 1983 1984 1985 1986 1987 1988 1989 1990 1991 1992 1993 1994 1995 1996
us,1926,2025,inflation_adjusted,start,30,0,9,71,0,1,1.4,0.0,0.0,1926 1927 1928 1929 1930 1931 1932 1933 1934 1935 1936 1937 1938 1939 1940 1941 1942 1943 1944 1945 1946 1947 1948 1949 1950 1951 1952 1953 1954 1955 1956 1957 1958 1959 1960 1961 1962 1963 1964 1965 1966 1967 1968 1969 1970 1971 1972 1973 1974 1975 1976 1977 1978 1979 1980 1981 1983 1984 1985 1986 1987 1988 1989 1990 1991 1992 1993 1994 1995 1996
us,1926,2025,inflation_adjusted,start,30,0,10,71,0,0,0.0,0.0,0.0,1926 1927 1928 1929 1930 1931 1932 1933 1934 1935 1936 1937 1938 1939 1940 1941 1942 1943 1944 1945 1946 1947 1948 1949 1950 1951 1952 1953 1954 1955 1956 1957 1958 1959 1960 1961 1962 1963 1964 1965 1966 1967 1968 1969 1970 1971 1972 1973 1974 1975 1976 1977 1978 1979 1980 1981 1982 1983 1984 1985 1986 1987 1988 1989 1990 1991 1992 1993 1994 1995 1996
us,1926,2025,inflation_adjusted,start,30,0,11,71,0,0,0.0,0.0,0.0,1926 1927 1928 1929 1930 1931 1932 1933 1934 1935 1936 1937 1938 1939 1940 1941 1942 1943 1944 1945 1946 1947 1948 1949 1950 1951 1952 1953 1954 1955 1956 1957 1958 1959 1960 1961 1962 1963 1964 1965 1966 1967 1968 1969 1970 1971 1972 1973 1974 1975 1976 1977 1978 1979 1980 1981 1982 1983 1984 1985 1986 1987 1988 1989 1990 1991 1992 1993 1994 1995 1996
us,1926,2025,inflation_adjusted,start,30,0,12,71,0,0,0.0,0.0,0.0,1926 1927 1928 1929 1930 1931 1932 1933 1934 1935 1936 1937 1938 1939 1940 1941 1942 1943 1944 1945 1946 1947 1948 1949 1950 1951 1952 1953 1954 1955 1956 1957 1958 1959 1960 1961 1962 1963 1964 1965 1966 1967 1968 1969 1970 1971 1972 1973 1974 1975 1976 1977 1978 1979 1980 1981 1982 1983 1984 1985 1986 1987 1988 1989 1990 1991 1992 1993 1994 1995 1996
us,1926,2025,inflation_adjusted,start,35,100,3,66,0,66,100.0,21752.0,3366.0,
us,1926,2025,inflation_adjusted,start,35,100,4,66,0,61,92.4,16754.0,0.0,1929 1965 1966 1968 1969
us,1926,2025,inflation_adjusted,start,35,100,5,66,0,51,77.3,11572.0,0.0,1929 1930 1937 1962 1963 1964 1965 1966 1967 1968 1969 1970 1971 1972 1973
us,1926,2025,inflation_adjusted,start,35,100,6,66,0,42,63.6,5380.0,0.0,1928 1929 1930 1931 1936 1937 1956 1957 1959 1960 1961 1962 1963 1964 1965 1966 1967 1968 1969 1970 1971 1972 1973 1974
us,1926,2025,inflation_adjusted,start,35,100,7,66,0,34,51.5,555.0,0.0,1927 1928 1929 1930 1931 1934 1936 1937 1939 1940 1946 1956 1957 1958 1959 1960 1961 1962 1963 1964 1965 1966 1967 1968 1969 1970 1971 1972 1973 1974 1976 1977
us,1926,2025,inflation_adjusted,start,35,100,8,66,0,28,42.4,0.0,0.0,1926 1927 1928 1929 1930 1931 1934 1936 1937 1938 1939 1940 1941 1946 1955 1956 1957 1958 1959 1960 1961 1962 1963 1964 1965 1966 1967 1968 1969 1970 1971 1972 1973 1974 1976 1977 1987 1990
us,1926,2025,inflation_adjusted,start,35,100,9,66,0,18,27.3,0.0,0.0,1926 1927 1928 1929 1930 1931 1932 1934 1935 1936 1937 1938 1939 1940 1941 1945 1946 1953 1955 1956 1957 1958 1959 1960 1961 1962 1963 1964 1965 1966 1967 1968 1969 1970 1971 1972 1973 1974 1975 1976 1977 1978 1979 1981 1987 1988 1989 1990
us,1926,2025,inflation_adjusted,start,35,100,10,66,0,7,10.6,0.0,0.0,1926 1927 1928 1929 1930 1931 1932 1933 1934 1935 1936 1937 1938 1939 1940 1941 1944 1945 1946 1947 1951 1952 1953 1954 1955 1956 1957 1958 1959 1960 1961 1962 1963 1964 1965 1966 1967 1968 1969 1970 1971 1972 1973 1974 1975 1976 1977 1978 1979 1980 1981 1983 1984 1986 1987 1988 1989 1990 1991
us,1926,2025,inflation_adjusted,start,35,100,11,66,0,4,6.1,0.0,0.0,1926 1927 1928 1929 1930 1931 1932 1933 1934 1935 1936 1937 1938 1939 1940 1941 1942 1943 1944 1945 1946 1947 1951 1952 1953 1954 1955 1956 1957 1958 1959 1960 1961 1962 1963 1964 1965 1966 1967 1968 1969 1970 1971 1972 1973 1974 1975 1976 1977 1978 1979 1980 1981 1983 1984 1985 1986 1987 1988 1989 1990 1991
us,1926,2025,inflation_adjusted,start,35,100,12,66,0,0,0.0,0.0,0.0,1926 1927 1928 1929 1930 1931 1932 1933 1934 1935 1936 1937 1938 1939 1940 1941 1942 1943 1944 1945 1946 1947 1948 1949 1950 1951 1952 1953 1954 1955 1956 1957 1958 1959 1960 1961 1962 1963 1964 1965 1966 1967 1968 1969 1970 1971 1972 1973 1974 1975 1976 1977 1978 1979 1980 1981 1982 1983 1984 1985 1986 1987 1988 1989 1990 1991
us,1926,2025,inflation_adjusted,start,35,75,3,66,0,66,100.0,12687.0,4165.0,
us,1926,2025,inflation_adjusted,start,35,75,4,66,0,62,93.9,8904.0,0.0,1965 1966 1968 1969
us,1926,2025,inflation_adjusted,start,35,75,5,66,0,48,72.7,5769.0,0.0,1929 1930 1937 1959 1960 1961 1962 1963 1964 1965 1966 1967 1968 1969 1970 1971 1972 1973
us,1926,2025,inflation_adjusted,start,35,75,6,66,0,37,56.1,1473.0,0.0,1928 1929 1930 1931 1936 1937 1939 1940 1946 1955 1956 1957 1958 1959 1960 1961 1962 1963 1964 1965 1966 1967 1968 1969 1970 1971 1972 1973 1974
us,1926,2025,inflation_adjusted,start,35,75,7,66,0,29,43.9,0.0,0.0,1927 1928 1929 1930 1931 1934 1935 1936 1937 1938 1939 1940 1941 1945 1946 1955 1956 1957 1958 1959 1960 1961 1962 1963 1964 1965 1966 1967 1968 1969 1970 1971 1972 1973 1974 1976 1977
us,1926,2025,inflation_adjusted,start,35,75,8,66,0,14,21.2,0.0,0.0,1926 1927 1928 1929 1930 1931 1932 1933 1934 1935 1936 1937 1938 1939 1940 1941 1943 1944 1945 1946 1947 1951 1952 1953 1954 1955 1956 1957 1958 1959 1960 1961 1962 1963 1964 1965 1966 1967 1968 1969 1970 1971 1972 1973 1974 1975 1976 1977 1978 1979 1987 1990
us,1926,2025,inflation_adjusted,start,35,75,9,66,0,6,9.1,0.0,0.0,1926 1927 1928 1929 1930 1931 1932 1933 1934 1935 1936 1937 1938 1939 1940 1941 1942 1943 1944 1945 1946 1947 1950 1951 1952 1953 1954 1955 1956 1957 1958 1959 1960 1961 1962 1963 1964 1965 1966 1967 1968 1969 1970 1971 1972 1973 1974 1975 1976 1977 1978 1979 1980 1981 1986 1987 1988 1989 1990 1991
us,1926,2025,inflation_adjusted,start,35,75,10,66,0,1,1.5,0.0,0.0,1926 1927 1928 1929 1930 1931 1932 1933 1934 1935 1936 1937 1938 1939 1940 1941 1942 1943 1944 1945 1946 1947 1948 1949 1950 1951 1952 1953 1954 1955 1956 1957 1958 1959 1960 1961 1962 1963 1964 1965 1966 1967 1968 1969 1970 1971 1972 1973 1974 1975 1976 1977 1978 1979 1980 1981 1983 1984 1985 1986 1987 1988 1989 1990 1991
us,1926,2025,inflation_adjusted,start,35,75,11,66,0,0,0.0,0.0,0.0,1926 1927 1928 1929 1930 1931 1932 1933 1934 1935 1936 1937 1938 1939 1940 1941 1942 1943 1944 1945 1946 1947 1948 1949 1950 1951 1952 1953 1954 1955 1956 1957 1958 1959 1960 1961 1962 1963 1964 1965 1966 1967 1968 1969 1970 1971 1972 1973 1974 1975 1976 1977 1978 1979 1980 1981 1982 1983 1984 1985 1986 1987 1988 1989 1990 1991
us,1926,2025,inflation_adjusted,start,35,75,12,66,0,0,0.0,0.0,0.0,1926 1927 1928 1929 1930 1931 1932 1933 1934 1935 1936 1937 1938 1939 1940 1941 1942 1943 1944 1945 1946 1947 1948 1949 1950 1951 1952 1953 1954 1955 1956 1957 1958 1959 1960 1961 1962 1963 1964 1965 1966 1967 1968 1969 1970 1971 1972 1973 1974 1975 1976 1977 1978 1979 1980 1981 1982 1983 1984 1985 1986 1987 1988 1989 1990 1991
us,1926,2025,inflation_adjusted,start,35,50,3,66,0,66,100.0,6856.0,2572.0,
us,1926,2025,inflation_adjusted,start,35,50,4,66,0,58,87.9,3437.0,0.0,1962 1963 1964 1965 1966 1967 1968 1969
us,1926,2025,inflation_adjusted,start,35,50,5,66,0,38,57.6,1151.0,0.0,1929 1936 1937 1938 1939 1940 1941 1946 1955 1956 1957 1958 1959 1960 1961 1962 1963 1964 1965 1966 1967 1968 1969 1970 1971 1972 1973 1974
us,1926,2025,inflation_adjusted,start,35,50,6,66,0,22,33.3,0.0,0.0,1928 1929 1930 1931 1934 1935 1936 1937 1938 1939 1940 1941 1942 1943 1944 1945 1946 1947 1951 1952 1953 1954 1955 1956 1957 1958 1959 1960 1961 1962 1963 1964 1965 1966 1967 1968 1969 1970 1971 1972 1973 1974 1976 1977
us,1926,2025,inflation_adjusted,start,35,50,7,66,0,12,18.2,0.0,0.0,1926 1927 1928 1929 1930 1931 1932 1933 1934 1935 1936 1937 1938 1939 1940 1941 1942 1943 1944 1945 1946 1947 1948 1949 1950 1951 1952 1953 1954 1955 1956 1957 1958 1959 1960 1961 1962 1963 1964 1965 1966 1967 1968 1969 1970 1971 1972 1973 1974 1975 1976 1977 1978 1987
us,1926,2025,inflation_adjusted,start,35,50,8,66,0,6,9.1,0.0,0.0,1926 1927 1928 1929 1930 1931 1932 1933 1934 1935 1936 1937 1938 1939 1940 1941 1942 1943 1944 1945 1946 1947 1948 1949 1950 1951 1952 1953 1954 1955 1956 1957 1958 1959 1960 1961 1962 1963 1964 1965 1966 1967 1968 1969 1970 1971 1972 1973 1974 1975 1976 1977 1978 1979 1986 1987 1988 1989 1990 1991
us,1926,2025,inflation_adjusted,start,35,50,9,66,0,1,1.5,0.0,0.0,1926 1927 1928 1929 1930 1931 1932 1933 1934 1935 1936 1937 1938 1939 1940 1941 1942 1943 1944 1945 1946 1947 1948 1949 1950 1951 1952 1953 1954 1955 1956 1957 1958 1959 1960 1961 1962 1963 1964 1965 1966 1967 1968 1969 1970 1971 1972 1973 1974 1975 1976 1977 1978 1979 1980 1981 1983 1984 1985 1986 1987 1988 1989 1990 1991
us,1926,2025,inflation_adjusted,start,35,50,10,66,0,1,1.5,0.0,0.0,1926 1927 1928 1929 1930 1931 1932 1933 1934 1935 1936 1937 1938 1939 1940 1941 1942 1943 1944 1945 1946 1947 1948 1949 1950 1951 1952 1953 1954 1955 1956 1957 1958 1959 1960 1961 1962 1963 1964 1965 1966 1967 1968 1969 1970 1971 1972 1973 1974 1975 1976 1977 1978 1979 1980 1981 1983 1984 1985 1986 1987 1988 1989 1990 1991
us,1926,2025,inflation_adjusted,start,35,50,11,66,0,0,0.0,0.0,0.0,1926 1927 1928 1929 1930 1931 1932 1933 1934 1935 1936 1937 1938 1939 1940 1941 1942 1943 1944 1945 1946 1947 1948 1949 1950 1951 1952 1953 1954 1955 1956 1957 1958 1959 1960 1961 1962 1963 1964 1965 1966 1967 1968 1969 1970 1971 1972 1973 1974 1975 1976 1977 1978 1979 1980 1981 1982 1983 1984 1985 1986 1987 1988 1989 1990 1991
us,1926,2025,inflation_adjusted,start,35,50,12,66,0,0,0.0,0.0,0.0,1926 1927 1928 1929 1930 1931 1932 1933 1934 1935 1936 1937 1938 1939 1940 1941 1942 1943 1944 1945 1946 1947 1948 1949 1950 1951 1952 1953 1954 1955 1956 1957 1958 1959 1960 1961 1962 1963 1964 1965 1966 1967 1968 1969 1970 1971 1972 1973 1974 1975 1976 1977 1978 1979 1980 1981 1982 1983 1984 1985 1986 1987 1988 1989 1990 1991
us,1926,2025,inflation_adjusted,start,35,25,3,66,0,66,100.0,2739.0,427.0,
us,1926,2025,inflation_adjusted,start,35,25,4,66,0,37,56.1,352.0,0.0,1934 1936 1937 1938 1939 1940 1941 1942 1943 1944 1945 1946 1955 1956 1957 1958 1959 1960 1961 1962 1963 1964 1965 1966 1967 1968 1969 1972 1973
us,1926,2025,inflation_adjusted,start,35,25,5,66,0,20,30.3,0.0,0.0,1929 1930 1931 1932 1933 1934 1935 1936 1937 1938 1939 1940 1941 1942 1943 1944 1945 1946 1947 1948 1949 1950 1951 1952 1953 1954 1955 1956 1957 1958 1959 1960 1961 1962 1963 1964 1965 1966 1967 1968 1969 1970 1971 1972 1973 1974
us,1926,2025,inflation_adjusted,start,35,25,6,66,0,13,19.7,0.0,0.0,1926 1927 1928 1929 1930 1931 1932 1933 1934 1935 1936 1937 1938 1939 1940 1941 1942 1943 1944 1945 1946 1947 1948 1949 1950 1951 1952 1953 1954 1955 1956 1957 1958 1959 1960 1961 1962 1963 1964 1965 1966 1967 1968 1969 1970 1971 1972 1973 1974 1975 1976 1977 1978
us,1926,2025,inflation_adjusted,start,35,25,7,66,0,7,10.6,0.0,0.0,1926 1927 1928 1929 1930 1931 1932 1933 1934 1935 1936 1937 1938 1939 1940 1941 1942 1943 1944 1945 1946 1947 1948 1949 1950 1951 1952 1953 1954 1955 1956 1957 1958 1959 1960 1961 1962 1963 1964 1965 1966 1967 1968 1969 1970 1971 1972 1973 1974 1975 1976 1977 1978 1979 1987 1988 1989 1990 1991
us,1926,2025,inflation_adjusted,start,35,25,8,66,0,3,4.5,0.0,0.0,1926 1927 1928 1929 1930 1931 1932 1933 1934 1935 1936 1937 1938 1939 1940 1941 1942 1943 1944 1945 1946 1947 1948 1949 1950 1951 1952 1953 1954 1955 1956 1957 1958 1959 1960 1961 1962 1963 1964 1965 1966 1967 1968 1969 1970 1971 1972 1973 1974 1975 1976 1977 1978 1979 1980 1983 1985 1986 1987 1988 1989 1990 1991
us,1926,2025,inflation_adjusted,start,35,25,9,66,0,1,1.5,0.0,0.0,1926 1927 1928 1929 1930 1931 1932 1933 1934 1935 1936 1937 1938 1939 1940 1941 1942 1943 1944 1945 1946 1947 1948 1949 1950 1951 1952 1953 1954 1955 1956 1957 1958 1959 1960 1961 1962 1963 1964 1965 1966 1967 1968 1969 1970 1971 1972 1973 1974 1975 1976 1977 1978 1979 1980 1981 1983 1984 1985 1986 1987 1988 1989 1990 1991
us,1926,2025,inflation_adjusted,start,35,25,10,66,0,0,0.0,0.0,0.0,1926 1927 1928 1929 1930 1931 1932 1933 1934 1935 1936 1937 1938 1939 1940 1941 1942 1943 1944 1945 1946 1947 1948 1949 1950 1951 1952 1953 1954 1955 1956 1957 1958 1959 1960 1961 1962 1963 1964 1965 1966 1967 1968 1969 1970 1971 1972 1973 1974 1975 1976 1977 1978 1979 1980 1981 1982 1983 1984 1985 1986 1987 1988 1989 1990 1991
us,1926,2025,inflation_adjusted,start,35,25,11,66,0,0,0.0,0.0,0.0,1926 1927 1928 1929 1930 1931 1932 1933 1934 1935 1936 1937 1938 1939 1940 1941 1942 1943 1944 1945 1946 1947 1948 1949 1950 1951 1952 1953 1954 1955 1956 1957 1958 1959 1960 1961 1962 1963 1964 1965 1966 1967 1968 1969 1970 1971 1972 1973 1974 1975 1976 1977 1978 1979 1980 1981 1982 1983 1984 1985 1986 1987 1988 1989 1990 1991
us,1926,2025,inflation_adjusted,start,35,25,12,66,0,0,0.0,0.0,0.0,1926 1927 1928 1929 1930 1931 1932 1933 1934 1935 1936 1937 1938 1939 1940 1941 1942 1943 1944 1945 1946 1947 1948 1949 1950 1951 1952 1953 1954 1955 1956 1957 1958 1959 1960 1961 1962 1963 1964 1965 1966 1967 1968 1969 1970 1971 1972 1973 1974 1975 1976 1977 1978 1979 1980 1981 1982 1983 1984 1985 1986 1987 1988 1989 1990 1991
us,1926,2025,inflation_adjusted,start,35,0,3,66,0,38,57.6,378.0,0.0,1933 1934 1935 1936 1937 1938 1939 1940 1941 1942 1943 1944 1945 1946 1947 1948 1949 1950 1951 1952 1953 1954 1955 1956 1957 1958 1963 1965
us,1926,2025,inflation_adjusted,start,35,0,4,66,0,23,34.8,0.0,0.0,1930 1931 1932 1933 1934 1935 1936 1937 1938 1939 1940 1941 1942 1943 1944 1945 1946 1947 1948 1949 1950 1951 1952 1953 1954 1955 1956 1957 1958 1959 1960 1961 1962 1963 1964 1965 1966 1967 1968 1969 1971 1972 1973
us,1926,2025,inflation_adjusted,start,35,0,5,66,0,13,19.7,0.0,0.0,1926 1927 1928 1929 1930 1931 1932 1933 1934 1935 1936 1937 1938 1939 1940 1941 1942 1943 1944 1945 1946 1947 1948 1949 1950 1951 1952 1953 1954 1955 1956 1957 1958 1959 1960 1961 1962 1963 1964 1965 1966 1967 1968 1969 1970 1971 1972 1973 1974 1975 1976 1977 1978
us,1926,2025,inflation_adjusted,start,35,0,6,66,0,7,10.6,0.0,0.0,1926 1927 1928 1929 1930 1931 1932 1933 1934 1935 1936 1937 1938 1939 1940 1941 1942 1943 1944 1945 1946 1947 1948 1949 1950 1951 1952 1953 1954 1955 1956 1957 1958 1959 1960 1961 1962 1963 1964 1965 1966 1967 1968 1969 1970 1971 1972 1973 1974 1975 1976 1977 1978 1979 1987 1988 1989 1990 1991
us,1926,2025,inflation_adjusted,start,35,0,7,66,0,4,6.1,0.0,0.0,1926 1927 1928 1929 1930 1931 1932 1933 1934 1935 1936 1937 1938 1939 1940 1941 1942 1943 1944 1945 1946 1947 1948 1949 1950 1951 1952 1953 1954 1955 1956 1957 1958 1959 1960 1961 1962 1963 1964 1965 1966 1967 1968 1969 1970 1971 1972 1973 1974 1975 1976 1977 1978 1979 1980 1983 1986 1987 1988 1989 1990 1991
us,1926,2025,inflation_adjusted,start,35,0,8,66,0,1,1.5,0.0,0.0,1926 1927 1928 1929 1930 1931 1932 1933 1934 1935 1936 1937 1938 1939 1940 1941 1942 1943 1944 1945 1946 1947 1948 1949 1950 1951 1952 1953 1954 1955 1956 1957 1958 1959 1960 1961 1962 1963 1964 1965 1966 1967 1968 1969 1970 1971 1972 1973 1974 1975 1976 1977 1978 1979 1980 1981 1983 1984 1985 1986 1987 1988 1989 1990 1991
us,1926,2025,inflation_adjusted,start,35,0,9,66,0,0,0.0,0.0,0.0,1926 1927 1928 1929 1930 1931 1932 1933 1934 1935 1936 1937 1938 1939 1940 1941 1942 1943 1944 1945 1946 1947 1948 1949 1950 1951 1952 1953 1954 1955 1956 1957 1958 1959 1960 1961 1962 1963 1964 1965 1966 1967 1968 1969 1970 1971 1972 1973 1974 1975 1976 1977 1978 1979 1980 1981 1982 1983 1984 1985 1986 1987 1988 1989 1990 1991
us,1926,2025,inflation_adjusted,start,35,0,10,66,0,0,0.0,0.0,0.0,1926 1927 1928 1929 1930 1931 1932 1933 1934 1935 1936 1937 1938 1939 1940 1941 1942 1943 1944 1945 1946 1947 1948 1949 1950 1951 1952 1953 1954 1955 1956 1957 1958 1959 1960 1961 1962 1963 1964 1965 1966 1967 1968 1969 1970 1971 1972 1973 1974 1975 1976 1977 1978 1979 1980 1981 1982 1983 1984 1985 1986 1987 1988 1989 1990 1991
us,1926,2025,inflation_adjusted,start,35,0,11,66,0,0,0.0,0.0,0.0,1926 1927 1928 1929 1930 1931 1932 1933 1934 1935 1936 1937 1938 1939 1940 1941 1942 1943 1944 1945 1946 1947 1948 1949 1950 1951 1952 1953 1954 1955 1956 1957 1958 1959 1960 1961 1962 1963 1964 1965 1966 1967 1968 1969 1970 1971 1972 1973 1974 1975 1976 1977 1978 1979 1980 1981 1982 1983 1984 1985 1986 1987 1988 1989 1990 1991
us,1926,2025,inflation_adjusted,start,35,0,12,66,0,0,0.0,0.0,0.0,1926 1927 1928 1929 1930 1931 1932 1933 1934 1935 1936 1937 1938 1939 1940 1941 1942 1943 1944 1945 1946 1947 1948 1949 1950 1951 1952 1953 1954 1955 1956 1957 1958 1959 1960 1961 1962 1963 1964 1965 1966 1967 1968 1969 1970 1971 1972 1973 1974 1975 1976 1977 1978 1979 1980 1981 1982 1983 1984 1985 1986 1987 1988 1989 1990 1991
us,1926,2025,inflation_adjusted,start,40,100,3,61,0,61,100.0,34590.0,4875.0,
us,1926,2025,inflation_adjusted,start,40,100,4,61,0,55,90.2,23074.0,0.0,1929 1965 1966 1968 1969 1973
us,1926,2025,inflation_adjusted,start,40,100,5,61,0,46,75.4,14764.0,0.0,1929 1930 1937 1962 1963 1964 1965 1966 1967 1968 1969 1970 1971 1972 1973
us,1926,2025,inflation_adjusted,start,40,100,6,61,0,37,60.7,5811.0,0.0,1928 1929 1930 1931 1936 1937 1956 1957 1959 1960 1961 1962 1963 1964 1965 1966 1967 1968 1969 1970 1971 1972 1973 1974
us,1926,2025,inflation_adjusted,start,40,100,7,61,0,28,45.9,0.0,0.0,1927 1928 1929 1930 1931 1934 1936 1937 1939 1940 1946 1955 1956 1957 1958 1959 1960 1961 1962 1963 1964 1965 1966 1967 1968 1969 1970 1971 1972 1973 1974 1976 1977
us,1926,2025,inflation_adjusted,start,40,100,8,61,0,23,37.7,0.0,0.0,1926 1927 1928 1929 1930 1931 1934 1935 1936 1937 1938 1939 1940 1941 1946 1955 1956 1957 1958 1959 1960 1961 1962 1963 1964 1965 1966 1967 1968 1969 1970 1971 1972 1973 1974 1975 1976 1977
us,1926,2025,inflation_adjusted,start,40,100,9,61,0,13,21.3,0.0,0.0,1926 1927 1928 1929 1930 1931 1932 1934 1935 1936 1937 1938 1939 1940 1941 1944 1945 1946 1952 1953 1955 1956 1957 1958 1959 1960 1961 1962 1963 1964 1965 1966 1967 1968 1969 1970 1971 1972 1973 1974 1975 1976 1977 1978 1979 1980 1981 1986
us,1926,2025,inflation_adjusted,start,40,100,10,61,0,4,6.6,0.0,0.0,1926 1927 1928 1929 1930 1931 1932 1933 1934 1935 1936 1937 1938 1939 1940 1941 1942 1943 1944 1945 1946 1947 1951 1952 1953 1954 1955 1956 1957 1958 1959 1960 1961 1962 1963 1964 1965 1966 1967 1968 1969 1970 1971 1972 1973 1974 1975 1976 1977 1978 1979 1980 1981 1983 1984 1985 1986
us,1926,2025,inflation_adjusted,start,40,100,11,61,0,2,3.3,0.0,0.0,1926 1927 1928 1929 1930 1931 1932 1933 1934 1935 1936 1937 1938 1939 1940 1941 1942 1943 1944 1945 1946 1947 1950 1951 1952 1953 1954 1955 1956 1957 1958 1959 1960 1961 1962 1963 1964 1965 1966 1967 1968 1969 1970 1971 1972 1973 1974 1975 1976 1977 1978 1979 1980 1981 1982 1983 1984 1985 1986
us,1926,2025,inflation_adjusted,start,40,100,12,61,0,0,0.0,0.0,0.0,1926 1927 1928 1929 1930 1931 1932 1933 1934 1935 1936 1937 1938 1939 1940 1941 1942 1943 1944 1945 1946 1947 1948 1949 1950 1951 1952 1953 1954 1955 1956 1957 1958 1959 1960 1961 1962 1963 1964 1965 1966 1967 1968 1969 1970 1971 1972 1973 1974 1975 1976 1977 1978 1979 1980 1981 1982 1983 1984 1985 1986
us,1926,2025,inflation_adjusted,start,40,75,3,61,0,61,100.0,20742.0,5637.0,
us,1926,2025,inflation_adjusted,start,40,75,4,61,0,54,88.5,11497.0,0.0,1964 1965 1966 1967 1968 1969 1973
us,1926,2025,inflation_adjusted,start,40,75,5,61,0,41,67.2,6120.0,0.0,1929 1930 1937 1956 1957 1959 1960 1961 1962 1963 1964 1965 1966 1967 1968 1969 1970 1971 1972 1973
us,1926,2025,inflation_adjusted,start,40,75,6,61,0,30,49.2,0.0,0.0,1928 1929 1930 1931 1934 1936 1937 1938 1939 1940 1946 1955 1956 1957 1958 1959 1960 1961 1962 1963 1964 1965 1966 1967 1968 1969 1970 1971 1972 1973 1974
us,1926,2025,inflation_adjusted,start,40,75,7,61,0,21,34.4,0.0,0.0,1927 1928 1929 1930 1931 1934 1935 1936 1937 1938 1939 1940 1941 1944 1945 1946 1953 1955 1956 1957 1958 1959 1960 1961 1962 1963 1964 1965 1966 1967 1968 1969 1970 1971 1972 1973 1974 1975 1976 1977
us,1926,2025,inflation_adjusted,start,40,75,8,61,0,10,16.4,0.0,0.0,1926 1927 1928 1929 1930 1931 1932 1933 1934 1935 1936 1937 1938 1939 1940 1941 1942 1943 1944 1945 1946 1947 1951 1952 1953 1954 1955 1956 1957 1958 1959 1960 1961 1962 1963 1964 1965 1966 1967 1968 1969 1970 1971 1972 1973 1974 1975 1976 1977 1978 1979
us,1926,2025,inflation_adjusted,start,40,75,9,61,0,3,4.9,0.0,0.0,1926 1927 1928 1929 1930 1931 1932 1933 1934 1935 1936 1937 1938 1939 1940 1941 1942 1943 1944 1945 1946 1947 1948 1949 1950 1951 1952 1953 1954 1955 1956 1957 1958 1959 1960 1961 1962 1963 1964 1965 1966 1967 1968 1969 1970 1971 1972 1973 1974 1975 1976 1977 1978 1979 1980 1981 1984 1986
us,1926,2025,inflation_adjusted,start,40,75,10,61,0,1,1.6,0.0,0.0,1926 1927 1928 1929 1930 1931 1932 1933 1934 1935 1936 1937 1938 1939 1940 1941 1942 1943 1944 1945 1946 1947 1948 1949 1950 1951 1952 1953 1954 1955 1956 1957 1958 1959 1960 1961 1962 1963 1964 1965 1966 1967 1968 1969 1970 1971 1972 1973 1974 1975 1976 1977 1978 1979 1980 1981 1983 1984 1985 1986
us,1926,2025,inflation_adjusted,start,40,75,11,61,0,0,0.0,0.0,0.0,1926 1927 1928 1929 1930 1931 1932 1933 1934 1935 1936 1937 1938 1939 1940 1941 1942 1943 1944 1945 1946 1947 1948 1949 1950 1951 1952 1953 1954 1955 1956 1957 1958 1959 1960 1961 1962 1963 1964 1965 1966 1967 1968 1969 1970 1971 1972 1973 1974 1975 1976 1977 1978 1979 1980 1981 1982 1983 1984 1985 1986
us,1926,2025,inflation_adjusted,start,40,75,12,61,0,0,0.0,0.0,0.0,1926 1927 1928 1929 1930 1931 1932 1933 1934 1935 1936 1937 1938 1939 1940 1941 1942 1943 1944 1945 1946 1947 1948 1949 1950 1951 1952 1953 1954 1955 1956 1957 1958 1959 1960 1961 1962 1963 1964 1965 1966 1967 1968 1969 1970 1971 1972 1973 1974 1975 1976 1977 1978 1979 1980 1981 1982 1983 1984 1985 1986
us,1926,2025,inflation_adjusted,start,40,50,3,61,0,61,100.0,9459.0,2689.0,
us,1926,2025,inflation_adjusted,start,40,50,4,61,0,50,82.0,3586.0,0.0,1937 1961 1962 1963 1964 1965 1966 1967 1968 1969 1973
us,1926,2025,inflation_adjusted,start,40,50,5,61,0,30,49.2,0.0,0.0,1929 1930 1934 1936 1937 1938 1939 1940 1941 1945 1946 1955 1956 1957 1958 1959 1960 1961 1962 1963 1964 1965 1966 1967 1968 1969 1970 1971 1972 1973 1974
us,1926,2025,inflation_adjusted,start,40,50,6,61,0,15,24.6,0.0,0.0,1928 1929 1930 1931 1933 1934 1935 1936 1937 1938 1939 1940 1941 1942 1943 1944 1945 1946 1947 1950 1951 1952 1953 1954 1955 1956 1957 1958 1959 1960 1961 1962 1963 1964 1965 1966 1967 1968 1969 1970 1971 1972 1973 1974 1976 1977
us,1926,2025,inflation_adjusted,start,40,50,7,61,0,7,11.5,0.0,0.0,1926 1927 1928 1929 1930 1931 1932 1933 1934 1935 1936 1937 1938 1939 1940 1941 1942 1943 1944 1945 1946 1947 1948 1949 1950 1951 1952 1953 1954 1955 1956 1957 1958 1959 1960 1961 1962 1963 1964 1965 1966 1967 1968 1969 1970 1971 1972 1973 1974 1975 1976 1977 1978 1979
us,1926,2025,inflation_adjusted,start,40,50,8,61,0,5,8.2,0.0,0.0,1926 1927 1928 1929 1930 1931 1932 1933 1934 1935 1936 1937 1938 1939 1940 1941 1942 1943 1944 1945 1946 1947 1948 1949 1950 1951 1952 1953 1954 1955 1956 1957 1958 1959 1960 1961 1962 1963 1964 1965 1966 1967 1968 1969 1970 1971 1972 1973 1974 1975 1976 1977 1978 1979 1980 1986
us,1926,2025,inflation_adjusted,start,40,50,9,61,0,1,1.6,0.0,0.0,1926 1927 1928 1929 1930 1931 1932 1933 1934 1935 1936 1937 1938 1939 1940 1941 1942 1943 1944 1945 1946 1947 1948 1949 1950 1951 1952 1953 1954 1955 1956 1957 1958 1959 1960 1961 1962 1963 1964 1965 1966 1967 1968 1969 1970 1971 1972 1973 1974 1975 1976 1977 1978 1979 1980 1981 1983 1984 1985 1986
us,1926,2025,inflation_adjusted,start,40,50,10,61,0,0,0.0,0.0,0.0,1926 1927 1928 1929 1930 1931 1932 1933 1934 1935 1936 1937 1938 1939 1940 1941 1942 1943 1944 1945 1946 1947 1948 1949 1950 1951 1952 1953 1954 1955 1956 1957 1958 1959 1960 1961 1962 1963 1964 1965 1966 1967 1968 1969 1970 1971 1972 1973 1974 1975 1976 1977 1978 1979 1980 1981 1982 1983 1984 1985 1986
us,1926,2025,inflation_adjusted,start,40,50,11,61,0,0,0.0,0.0,0.0,1926 1927 1928 1929 1930 1931 1932 1933 1934 1935 1936 1937 1938 1939 1940 1941 1942 1943 1944 1945 1946 1947 1948 1949 1950 1951 1952 1953 1954 1955 1956 1957 1958 1959 1960 1961 1962 1963 1964 1965 1966 1967 1968 1969 1970 1971 1972 1973 1974 1975 1976 1977 1978 1979 1980 1981 1982 1983 1984 1985 1986
us,1926,2025,inflation_adjusted,start,40,50,12,61,0,0,0.0,0.0,0.0,1926 1927 1928 1929 1930 1931 1932 1933 1934 1935 1936 1937 1938 1939 1940 1941 1942 1943 1944 1945 1946 1947 1948 1949 1950 1951 1952 1953 1954 1955 1956 1957 1958 1959 1960 1961 1962 1963 1964 1965 1966 1967 1968 1969 1970 1971 1972 1973 1974 1975 1976 1977 1978 1979 1980 1981 1982 1983 1984 1985 1986
us,1926,2025,inflation_adjusted,start,40,25,3,61,0,59,96.7,3380.0,0.0,1940 1941
us,1926,2025,inflation_adjusted,start,40,25,4,61,0,24,39.3,0.0,0.0,1934 1935 1936 1937 1938 1939 1940 1941 1942 1943 1944 1945 1946 1947 1950 1951 1952 1953 1954 1955 1956 1957 1958 1959 1960 1961 1962 1963 1964 1965 1966 1967 1968 1969 1971 1972 1973
us,1926,2025,inflation_adjusted,start,40,25,5,61,0,13,21.3,0.0,0.0,1928 1929 1930 1931 1932 1933 1934 1935 1936 1937 1938 1939 1940 1941 1942 1943 1944 1945 1946 1947 1948 1949 1950 1951 1952 1953 1954 1955 1956 1957 1958 1959 1960 1961 1962 1963 1964 1965 1966 1967 1968 1969 1970 1971 1972 1973 1974 1977
us,1926,2025,inflation_adjusted,start,40,25,6,61,0,8,13.1,0.0,0.0,1926 1927 1928 1929 1930 1931 1932 1933 1934 1935 1936 1937 1938 1939 1940 1941 1942 1943 1944 1945 1946 1947 1948 1949 1950 1951 1952 1953 1954 1955 1956 1957 1958 1959 1960 1961 1962 1963 1964 1965 1966 1967 1968 1969 1970 1971 1972 1973 1974 1975 1976 1977 1978
us,1926,2025,inflation_adjusted,start,40,25,7,61,0,6,9.8,0.0,0.0,1926 1927 1928 1929 1930 1931 1932 1933 1934 1935 1936 1937 1938 1939 1940 1941 1942 1943 1944 1945 1946 1947 1948 1949 1950 1951 1952 1953 1954 1955 1956 1957 1958 1959 1960 1961 1962 1963 1964 1965 1966 1967 1968 1969 1970 1971 1972 1973 1974 1975 1976 1977 1978 1979 1986
us,1926,2025,inflation_adjusted,start,40,25,8,61,0,1,1.6,0.0,0.0,1926 1927 1928 1929 1930 1931 1932 1933 1934 1935 1936 1937 1938 1939 1940 1941 1942 1943 1944 1945 1946 1947 1948 1949 1950 1951 1952 1953 1954 1955 1956 1957 1958 1959 1960 1961 1962 1963 1964 1965 1966 1967 1968 1969 1970 1971 1972 1973 1974 1975 1976 1977 1978 1979 1980 1981 1983 1984 1985 1986
us,1926,2025,inflation_adjusted,start,40,25,9,61,0,1,1.6,0.0,0.0,1926 1927 1928 1929 1930 1931 1932 1933 1934 1935 1936 1937 1938 1939 1940 1941 1942 1943 1944 1945 1946 1947 1948 1949 1950 1951 1952 1953 1954 1955 1956 1957 1958 1959 1960 1961 1962 1963 1964 1965 1966 1967 1968 1969 1970 1971 1972 1973 1974 1975 1976 1977 1978 1979 1980 1981 1983 1984 1985 1986
us,1926,2025,inflation_adjusted,start,40,25,10,61,0,0,0.0,0.0,0.0,1926 1927 1928 1929 1930 1931 1932 1933 1934 1935 1936 1937 1938 1939 1940 1941 1942 1943 1944 1945 1946 1947 1948 1949 1950 1951 1952 1953 1954 1955 1956 1957 1958 1959 1960 1961 1962 1963 1964 1965 1966 1967 1968 1969 1970 1971 1972 1973 1974 1975 1976 1977 1978 1979 1980 1981 1982 1983 1984 1985 1986
us,1926,2025,inflation_adjusted,start,40,25,11,61,0,0,0.0,0.0,0.0,1926 1927 1928 1929 1930 1931 1932 1933 1934 1935 1936 1937 1938 1939 1940 1941 1942 1943 1944 1945 1946 1947 1948 1949 1950 1951 1952 1953 1954 1955 1956 1957 1958 1959 1960 1961 1962 1963 1964 1965 1966 1967 1968 1969 1970 1971 1972 1973 1974 1975 1976 1977 1978 1979 1980 1981 1982 1983 1984 1985 1986
us,1926,2025,inflation_adjusted,start,40,25,12,61,0,0,0.0,0.0,0.0,1926 1927 1928 1929 1930 1931 1932 1933 1934 1935 1936 1937 1938 1939 1940 1941 1942 1943 1944 1945 1946 1947 1948 1949 1950 1951 1952 1953 1954 1955 1956 1957 1958 1959 1960 1961 1962 1963 1964 1965 1966 1967 1968 1969 1970 1971 1972 1973 1974 1975 1976 1977 1978 1979 1980 1981 1982 1983 1984 1985 1986
us,1926,2025,inflation_adjusted,start,40,0,3,61,0,26,42.6,0.0,0.0,1932 1933 1934 1935 1936 1937 1938 1939 1940 1941 1942 1943 1944 1945 1946 1947 1948 1949 1950 1951 1952 1953 1954 1955 1956 1957 1958 1959 1961 1962 1963 1964 1965 1966 1967
us,1926,2025,inflation_adjusted,start,40,0,4,61,0,13,21.3,0.0,0.0,1927 1928 1929 1930 1931 1932 1933 1934 1935 1936 1937 1938 1939 1940 1941 1942 1943 1944 1945 1946 1947 1948 1949 1950 1951 1952 1953 1954 1955 1956 1957 1958 1959 1960 1961 1962 1963 1964 1965 1966 1967 1968 1969 1970 1971 1972 1973 1974
us,1926,2025,inflation_adjusted,start,40,0,5,61,0,8,13.1,0.0,0.0,1926 1927 1928 1929 1930 1931 1932 1933 1934 1935 1936 1937 1938 1939 1940 1941 1942 1943 1944 1945 1946 1947 1948 1949 1950 1951 1952 1953 1954 1955 1956 1957 1958 1959 1960 1961 1962 1963 1964 1965 1966 1967 1968 1969 1970 1971 1972 1973 1974 1975 1976 1977 1978
us,1926,2025,inflation_adjusted,start,40,0,6,61,0,6,9.8,0.0,0.0,1926 1927 1928 1929 1930 1931 1932 1933 1934 1935 1936 1937 1938 1939 1940 1941 1942 1943 1944 1945 1946 1947 1948 1949 1950 1951 1952 1953 1954 1955 1956 1957 1958 1959 1960 1961 1962 1963 1964 1965 1966 1967 1968 1969 1970 1971 1972 1973 1974 1975 1976 1977 1978 1979 1986
us,1926,2025,inflation_adjusted,start,40,0,7,61,0,2,3.3,0.0,0.0,1926 1927 1928 1929 1930 1931 1932 1933 1934 1935 1936 1937 1938 1939 1940 1941 1942 1943 1944 1945 1946 1947 1948 1949 1950 1951 1952 1953 1954 1955 1956 1957 1958 1959 1960 1961 1962 1963 1964 1965 1966 1967 1968 1969 1970 1971 1972 1973 1974 1975 1976 1977 1978 1979 1980 1983 1984 1985 1986
us,1926,2025,inflation_adjusted,start,40,0,8,61,0,1,1.6,0.0,0.0,1926 1927 1928 1929 1930 1931 1932 1933 1934 1935 1936 1937 1938 1939 1940 1941 1942 1943 1944 1945 1946 1947 1948 1949 1950 1951 1952 1953 1954 1955 1956 1957 1958 1959 1960 1961 1962 1963 1964 1965 1966 1967 1968 1969 1970 1971 1972 1973 1974 1975 1976 1977 1978 1979 1980 1981 1983 1984 1985 1986
us,1926,2025,inflation_adjusted,start,40,0,9,61,0,0,0.0,0.0,0.0,1926 1927 1928 1929 1930 1931 1932 1933 1934 1935 1936 1937 1938 1939 1940 1941 1942 1943 1944 1945 1946 1947 1948 1949 1950 1951 1952 1953 1954 1955 1956 1957 1958 1959 1960 1961 1962 1963 1964 1965 1966 1967 1968 1969 1970 1971 1972 1973 1974 1975 1976 1977 1978 1979 1980 1981 1982 1983 1984 1985 1986
us,1926,2025,inflation_adjusted,start,40,0,10,61,0,0,0.0,0.0,0.0,1926 1927 1928 1929 1930 1931 1932 1933 1934 1935 1936 1937 1938 1939 1940 1941 1942 1943 1944 1945 1946 1947 1948 1949 1950 1951 1952 1953 1954 1955 1956 1957 1958 1959 1960 1961 1962 1963 1964 1965 1966 1967 1968 1969 1970 1971 1972 1973 1974 1975 1976 1977 1978 1979 1980 1981 1982 1983 1984 1985 1986
us,1926,2025,inflation_adjusted,start,40,0,11,61,0,0,0.0,0.0,0.0,1926 1927 1928 1929 1930 1931 1932 1933 1934 1935 1936 1937 1938 1939 1940 1941 1942 1943 1944 1945 1946 1947 1948 1949 1950 1951 1952 1953 1954 1955 1956 1957 1958 1959 1960 1961 1962 1963 1964 1965 1966 1967 1968 1969 1970 1971 1972 1973 1974 1975 1976 1977 1978 1979 1980 1981 1982 1983 1984 1985 1986
us,1926,2025,inflation_adjusted,start,40,0,12,61,0,0,0.0,0.0,0.0,1926 1927 1928 1929 1930 1931 1932 1933 1934 1935 1936 1937 1938 1939 1940 1941 1942 1943 1944 1945 1946 1947 1948 1949 1950 1951 1952 1953 1954 1955 1956 1957 1958 1959 1960 1961 1962 1963 1964 1965 1966 1967 1968 1969 1970 1971 1972 1973 1974 1975 1976 1977 1978 1979 1980 1981 1982 1983 1984 1985 1986
us,1926,2025,inflation_adjusted,start,45,100,3,56,0,56,100.0,53385.0,5033.0,
us,1926,2025,inflation_adjusted,start,45,100,4,56,0,50,89.3,37172.0,0.0,1929 1965 1966 1968 1969 1973
us,1926,2025,inflation_adjusted,start,45,100,5,56,0,38,67.9,19325.0,0.0,1929 1930 1937 1959 1960 1961 1962 1963 1964 1965 1966 1967 1968 1969 1970 1971 1972 1973
us,1926,2025,inflation_adjusted,start,45,100,6,56,0,32,57.1,6562.0,0.0,1928 1929 1930 1931 1936 1937 1956 1957 1959 1960 1961 1962 1963 1964 1965 1966 1967 1968 1969 1970 1971 1972 1973 1974
us,1926,2025,inflation_adjusted,start,45,100,7,56,0,22,39.3,0.0,0.0,1927 1928 1929 1930 1931 1934 1936 1937 1938 1939 1940 1946 1955 1956 1957 1958 1959 1960 1961 1962 1963 1964 1965 1966 1967 1968 1969 1970 1971 1972 1973 1974 1976 1977
us,1926,2025,inflation_adjusted,start,45,100,8,56,0,18,32.1,0.0,0.0,1926 1927 1928 1929 1930 1931 1934 1935 1936 1937 1938 1939 1940 1941 1946 1955 1956 1957 1958 1959 1960 1961 1962 1963 1964 1965 1966 1967 1968 1969 1970 1971 1972 1973 1974 1975 1976 1977
us,1926,2025,inflation_adjusted,start,45,100,9,56,0,8,14.3,0.0,0.0,1926 1927 1928 1929 1930 1931 1932 1934 1935 1936 1937 1938 1939 1940 1941 1944 1945 1946 1952 1953 1954 1955 1956 1957 1958 1959 1960 1961 1962 1963 1964 1965 1966 1967 1968 1969 1970 1971 1972 1973 1974 1975 1976 1977 1978 1979 1980 1981
us,1926,2025,inflation_adjusted,start,45,100,10,56,0,3,5.4,0.0,0.0,1926 1927 1928 1929 1930 1931 1932 1933 1934 1935 1936 1937 1938 1939 1940 1941 1942 1943 1944 1945 1946 1947 1951 1952 1953 1954 1955 1956 1957 1958 1959 1960 1961 1962 1963 1964 1965 1966 1967 1968 1969 1970 1971 1972 1973 1974 1975 1976 1977 1978 1979 1980 1981
us,1926,2025,inflation_adjusted,start,45,100,11,56,0,1,1.8,0.0,0.0,1926 1927 1928 1929 1930 1931 1932 1933 1934 1935 1936 1937 1938 1939 1940 1941 1942 1943 1944 1945 1946 1947 1948 1950 1951 1952 1953 1954 1955 1956 1957 1958 1959 1960 1961 1962 1963 1964 1965 1966 1967 1968 1969 1970 1971 1972 1973 1974 1975 1976 1977 1978 1979 1980 1981
us,1926,2025,inflation_adjusted,start,45,100,12,56,0,0,0.0,0.0,0.0,1926 1927 1928 1929 1930 1931 1932 1933 1934 1935 1936 1937 1938 1939 1940 1941 1942 1943 1944 1945 1946 1947 1948 1949 1950 1951 1952 1953 1954 1955 1956 1957 1958 1959 1960 1961 1962 1963 1964 1965 1966 1967 1968 1969 1970 1971 1972 1973 1974 1975 1976 1977 1978 1979 1980 1981
us,1926,2025,inflation_adjusted,start,45,75,3,56,0,56,100.0,27268.0,6163.0,
us,1926,2025,inflation_adjusted,start,45,75,4,56,0,49,87.5,15425.0,0.0,1964 1965 1966 1967 1968 1969 1973
us,1926,2025,inflation_adjusted,start,45,75,5,56,0,34,60.7,5016.0,0.0,1929 1930 1936 1937 1956 1957 1959 1960 1961 1962 1963 1964 1965 1966 1967 1968 1969 1970 1971 1972 1973 1974
us,1926,2025,inflation_adjusted,start,45,75,6,56,0,22,39.3,0.0,0.0,1928 1929 1930 1931 1934 1936 1937 1938 1939 1940 1941 1946 1955 1956 1957 1958 1959 1960 1961 1962 1963 1964 1965 1966 1967 1968 1969 1970 1971 1972 1973 1974 1976 1977
us,1926,2025,inflation_adjusted,start,45,75,7,56,0,13,23.2,0.0,0.0,1926 1927 1928 1929 1930 1931 1934 1935 1936 1937 1938 1939 1940 1941 1944 1945 1946 1952 1953 1954 1955 1956 1957 1958 1959 1960 1961 1962 1963 1964 1965 1966 1967 1968 1969 1970 1971 1972 1973 1974 1975 1976 1977
us,1926,2025,inflation_adjusted,start,45,75,8,56,0,4,7.1,0.0,0.0,1926 1927 1928 1929 1930 1931 1932 1933 1934 1935 1936 1937 1938 1939 1940 1941 1942 1943 1944 1945 1946 1947 1950 1951 1952 1953 1954 1955 1956 1957 1958 1959 1960 1961 1962 1963 1964 1965 1966 1967 1968 1969 1970 1971 1972 1973 1974 1975 1976 1977 1978 1979
us,1926,2025,inflation_adjusted,start,45,75,9,56,0,0,0.0,0.0,0.0,1926 1927 1928 1929 1930 1931 1932 1933 1934 1935 1936 1937 1938 1939 1940 1941 1942 1943 1944 1945 1946 1947 1948 1949 1950 1951 1952 1953 1954 1955 1956 1957 1958 1959 1960 1961 1962 1963 1964 1965 1966 1967 1968 1969 1970 1971 1972 1973 1974 1975 1976 1977 1978 1979 1980 1981
us,1926,2025,inflation_adjusted,start,45,75,10,56,0,0,0.0,0.0,0.0,1926 1927 1928 1929 1930 1931 1932 1933 1934 1935 1936 1937 1938 1939 1940 1941 1942 1943 1944 1945 1946 1947 1948 1949 1950 1951 1952 1953 1954 1955 1956 1957 1958 1959 1960 1961 1962 1963 1964 1965 1966 1967 1968 1969 1970 1971 1972 1973 1974 1975 1976 1977 1978 1979 1980 1981
us,1926,2025,inflation_adjusted,start,45,75,11,56,0,0,0.0,0.0,0.0,1926 1927 1928 1929 1930 1931 1932 1933 1934 1935 1936 1937 1938 1939 1940 1941 1942 1943 1944 1945 1946 1947 1948 1949 1950 1951 1952 1953 1954 1955 1956 1957 1958 1959 1960 1961 1962 1963 1964 1965 1966 1967 1968 1969 1970 1971 1972 1973 1974 1975 1976 1977 1978 1979 1980 1981
us,1926,2025,inflation_adjusted,start,45,75,12,56,0,0,0.0,0.0,0.0,1926 1927 1928 1929 1930 1931 1932 1933 1934 1935 1936 1937 1938 1939 1940 1941 1942 1943 1944 1945 1946 1947 1948 1949 1950 1951 1952 1953 1954 1955 1956 1957 1958 1959 1960 1961 1962 1963 1964 1965 1966 1967 1968 1969 1970 1971 1972 1973 1974 1975 1976 1977 1978 1979 1980 1981
us,1926,2025,inflation_adjusted,start,45,50,3,56,0,56,100.0,12510.0,2506.0,
us,1926,2025,inflation_adjusted,start,45,50,4,56,0,39,69.6,3787.0,0.0,1936 1937 1939 1940 1956 1959 1961 1962 1963 1964 1965 1966 1967 1968 1969 1972 1973
us,1926,2025,inflation_adjusted,start,45,50,5,56,0,22,39.3,0.0,0.0,1929 1930 1931 1934 1935 1936 1937 1938 1939 1940 1941 1944 1945 1946 1955 1956 1957 1958 1959 1960 1961 1962 1963 1964 1965 1966 1967 1968 1969 1970 1971 1972 1973 1974
us,1926,2025,inflation_adjusted,start,45,50,6,56,0,6,10.7,0.0,0.0,1928 1929 1930 1931 1932 1933 1934 1935 1936 1937 1938 1939 1940 1941 1942 1943 1944 1945 1946 1947 1948 1949 1950 1951 1952 1953 1954 1955 1956 1957 1958 1959 1960 1961 1962 1963 1964 1965 1966 1967 1968 1969 1970 1971 1972 1973 1974 1975 1976 1977
us,1926,2025,inflation_adjusted,start,45,50,7,56,0,2,3.6,0.0,0.0,1926 1927 1928 1929 1930 1931 1932 1933 1934 1935 1936 1937 1938 1939 1940 1941 1942 1943 1944 1945 1946 1947 1948 1949 1950 1951 1952 1953 1954 1955 1956 1957 1958 1959 1960 1961 1962 1963 1964 1965 1966 1967 1968 1969 1970 1971 1972 1973 1974 1975 1976 1977 1978 1979
us,1926,2025,inflation_adjusted,start,45,50,8,56,0,1,1.8,0.0,0.0,1926 1927 1928 1929 1930 1931 1932 1933 1934 1935 1936 1937 1938 1939 1940 1941 1942 1943 1944 1945 1946 1947 1948 1949 1950 1951 1952 1953 1954 1955 1956 1957 1958 1959 1960 1961 1962 1963 1964 1965 1966 1967 1968 1969 1970 1971 1972 1973 1974 1975 1976 1977 1978 1979 1980
us,1926,2025,inflation_adjusted,start,45,50,9,56,0,0,0.0,0.0,0.0,1926 1927 1928 1929 1930 1931 1932 1933 1934 1935 1936 1937 1938 1939 1940 1941 1942 1943 1944 1945 1946 1947 1948 1949 1950 1951 1952 1953 1954 1955 1956 1957 1958 1959 1960 1961 1962 1963 1964 1965 1966 1967 1968 1969 1970 1971 1972 1973 1974 1975 1976 1977 1978 1979 1980 1981
us,1926,2025,inflation_adjusted,start,45,50,10,56,0,0,0.0,0.0,0.0,1926 1927 1928 1929 1930 1931 1932 1933 1934 1935 1936 1937 1938 1939 1940 1941 1942 1943 1944 1945 1946 1947 1948 1949 1950 1951 1952 1953 1954 1955 1956 1957 1958 1959 1960 1961 1962 1963 1964 1965 1966 1967 1968 1969 1970 1971 1972 1973 1974 1975 1976 1977 1978 1979 1980 1981
us,1926,2025,inflation_adjusted,start,45,50,11,56,0,0,0.0,0.0,0.0,1926 1927 1928 1929 1930 1931 1932 1933 1934 1935 1936 1937 1938 1939 1940 1941 1942 1943 1944 1945 1946 1947 1948 1949 1950 1951 1952 1953 1954 1955 1956 1957 1958 1959 1960 1961 1962 1963 1964 1965 1966 1967 1968 1969 1970 1971 1972 1973 1974 1975 1976 1977 1978 1979 1980 1981
us,1926,2025,inflation_adjusted,start,45,50,12,56,0,0,0.0,0.0,0.0,1926 1927 1928 1929 1930 1931 1932 1933 1934 1935 1936 1937 1938 1939 1940 1941 1942 1943 1944 1945 1946 1947 1948 1949 1950 1951 1952 1953 1954 1955 1956 1957 1958 1959 1960 1961 1962 1963 1964 1965 1966 1967 1968 1969 1970 1971 1972 1973 1974 1975 1976 1977 1978 1979 1980 1981
us,1926,2025,inflation_adjusted,start,45,25,3,56,0,49,87.5,3302.0,0.0,1936 1937 1938 1939 1940 1941 1946
us,1926,2025,inflation_adjusted,start,45,25,4,56,0,16,28.6,0.0,0.0,1933 1934 1935 1936 1937 1938 1939 1940 1941 1942 1943 1944 1945 1946 1947 1948 1949 1950 1951 1952 1953 1954 1955 1956 1957 1958 1959 1960 1961 1962 1963 1964 1965 1966 1967 1968 1969 1971 1972 1973
us,1926,2025,inflation_adjusted,start,45,25,5,56,0,6,10.7,0.0,0.0,1927 1928 1929 1930 1931 1932 1933 1934 1935 1936 1937 1938 1939 1940 1941 1942 1943 1944 1945 1946 1947 1948 1949 1950 1951 1952 1953 1954 1955 1956 1957 1958 1959 1960 1961 1962 1963 1964 1965 1966 1967 1968 1969 1970 1971 1972 1973 1974 1976 1977
us,1926,2025,inflation_adjusted,start,45,25,6,56,0,2,3.6,0.0,0.0,1926 1927 1928 1929 1930 1931 1932 1933 1934 1935 1936 1937 1938 1939 1940 1941 1942 1943 1944 1945 1946 1947 1948 1949 1950 1951 1952 1953 1954 1955 1956 1957 1958 1959 1960 1961 1962 1963 1964 1965 1966 1967 1968 1969 1970 1971 1972 1973 1974 1975 1976 1977 1978 1979
us,1926,2025,inflation_adjusted,start,45,25,7,56,0,1,1.8,0.0,0.0,1926 1927 1928 1929 1930 1931 1932 1933 1934 1935 1936 1937 1938 1939 1940 1941 1942 1943 1944 1945 1946 1947 1948 1949 1950 1951 1952 1953 1954 1955 1956 1957 1958 1959 1960 1961 1962 1963 1964 1965 1966 1967 1968 1969 1970 1971 1972 1973 1974 1975 1976 1977 1978 1979 1980
us,1926,2025,inflation_adjusted,start,45,25,8,56,0,0,0.0,0.0,0.0,1926 1927 1928 1929 1930 1931 1932 1933 1934 1935 1936 1937 1938 1939 1940 1941 1942 1943 1944 1945 1946 1947 1948 1949 1950 1951 1952 1953 1954 1955 1956 1957 1958 1959 1960 1961 1962 1963 1964 1965 1966 1967 1968 1969 1970 1971 1972 1973 1974 1975 1976 1977 1978 1979 1980 1981
us,1926,2025,inflation_adjusted,start,45,25,9,56,0,0,0.0,0.0,0.0,1926 1927 1928 1929 1930 1931 1932 1933 1934 1935 1936 1937 1938 1939 1940 1941 1942 1943 1944 1945 1946 1947 1948 1949 1950 1951 1952 1953 1954 1955 1956 1957 1958 1959 1960 1961 1962 1963 1964 1965 1966 1967 1968 1969 1970 1971 1972 1973 1974 1975 1976 1977 1978 1979 1980 1981
us,1926,2025,inflation_adjusted,start,45,25,10,56,0,0,0.0,0.0,0.0,1926 1927 1928 1929 1930 1931 1932 1933 1934 1935 1936 1937 1938 1939 1940 1941 1942 1943 1944 1945 1946 1947 1948 1949 1950 1951 1952 1953 1954 1955 1956 1957 1958 1959 1960 1961 1962 1963 1964 1965 1966 1967 1968 1969 1970 1971 1972 1973 1974 1975 1976 1977 1978 1979 1980 1981
us,1926,2025,inflation_adjusted,start,45,25,11,56,0,0,0.0,0.0,0.0,1926 1927 1928 1929 1930 1931 1932 1933 1934 1935 1936 1937 1938 1939 1940 1941 1942 1943 1944 1945 1946 1947 1948 1949 1950 1951 1952 1953 1954 1955 1956 1957 1958 1959 1960 1961 1962 1963 1964 1965 1966 1967 1968 1969 1970 1971 1972 1973 1974 1975 1976 1977 1978 1979 1980 1981
us,1926,2025,inflation_adjusted,start,45,25,12,56,0,0,0.0,0.0,0.0,1926 1927 1928 1929 1930 1931 1932 1933 1934 1935 1936 1937 1938 1939 1940 1941 1942 1943 1944 1945 1946 1947 1948 1949 1950 1951 1952 1953 1954 1955 1956 1957 1958 1959 1960 1961 1962 1963 1964 1965 1966 1967 1968 1969 1970 1971 1972 1973 1974 1975 1976 1977 1978 1979 1980 1981
us,1926,2025,inflation_adjusted,start,45,0,3,56,0,19,33.9,0.0,0.0,1931 1932 1933 1934 1935 1936 1937 1938 1939 1940 1941 1942 1943 1944 1945 1946 1947 1948 1949 1950 1951 1952 1953 1954 1955 1956 1957 1958 1959 1960 1961 1962 1963 1964 1965 1966 1967
us,1926,2025,inflation_adjusted,start,45,0,4,56,0,7,12.5,0.0,0.0,1926 1927 1928 1929 1930 1931 1932 1933 1934 1935 1936 1937 1938 1939 1940 1941 1942 1943 1944 1945 1946 1947 1948 1949 1950 1951 1952 1953 1954 1955 1956 1957 1958 1959 1960 1961 1962 1963 1964 1965 1966 1967 1968 1969 1970 1971 1972 1973 1974
us,1926,2025,inflation_adjusted,start,45,0,5,56,0,2,3.6,0.0,0.0,1926 1927 1928 1929 1930 1931 1932 1933 1934 1935 1936 1937 1938 1939 1940 1941 1942 1943 1944 1945 1946 1947 1948 1949 1950 1951 1952 1953 1954 1955 1956 1957 1958 1959 1960 1961 1962 1963 1964 1965 1966 1967 1968 1969 1970 1971 1972 1973 1974 1975 1976 1977 1978 1979
us,1926,2025,inflation_adjusted,start,45,0,6,56,0,1,1.8,0.0,0.0,1926 1927 1928 1929 1930 1931 1932 1933 1934 1935 1936 1937 1938 1939 1940 1941 1942 1943 1944 1945 1946 1947 1948 1949 1950 1951 1952 1953 1954 1955 1956 1957 1958 1959 1960 1961 1962 1963 1964 1965 1966 1967 1968 1969 1970 1971 1972 1973 1974 1975 1976 1977 1978 1979 1980
us,1926,2025,inflation_adjusted,start,45,0,7,56,0,0,0.0,0.0,0.0,1926 1927 1928 1929 1930 1931 1932 1933 1934 1935 1936 1937 1938 1939 1940 1941 1942 1943 1944 1945 1946 1947 1948 1949 1950 1951 1952 1953 1954 1955 1956 1957 1958 1959 1960 1961 1962 1963 1964 1965 1966 1967 1968 1969 1970 1971 1972 1973 1974 1975 1976 1977 1978 1979 1980 1981
us,1926,2025,inflation_adjusted,start,45,0,8,56,0,0,0.0,0.0,0.0,1926 1927 1928 1929 1930 1931 1932 1933 1934 1935 1936 1937 1938 1939 1940 1941 1942 1943 1944 1945 1946 1947 1948 1949 1950 1951 1952 1953 1954 1955 1956 1957 1958 1959 1960 1961 1962 1963 1964 1965 1966 1967 1968 1969 1970 1971 1972 1973 1974 1975 1976 1977 1978 1979 1980 1981
us,1926,2025,inflation_adjusted,start,45,0,9,56,0,0,0.0,0.0,0.0,1926 1927 1928 1929 1930 1931 1932 1933 1934 1935 1936 1937 1938 1939 1940 1941 1942 1943 1944 1945 1946 1947 1948 1949 1950 1951 1952 1953 1954 1955 1956 1957 1958 1959 1960 1961 1962 1963 1964 1965 1966 1967 1968 1969 1970 1971 1972 1973 1974 1975 1976 1977 1978 1979 1980 1981
us,1926,2025,inflation_adjusted,start,45,0,10,56,0,0,0.0,0.0,0.0,1926 1927 1928 1929 1930 1931 1932 1933 1934 1935 1936 1937 1938 1939 1940 1941 1942 1943 1944 1945 1946 1947 1948 1949 1950 1951 1952 1953 1954 1955 1956 1957 1958 1959 1960 1961 1962 1963 1964 1965 1966 1967 1968 1969 1970 1971 1972 1973 1974 1975 1976 1977 1978 1979 1980 1981
us,1926,2025,inflation_adjusted,start,45,0,11,56,0,0,0.0,0.0,0.0,1926 1927 1928 1929 1930 1931 1932 1933 1934 1935 1936 1937 1938 1939 1940 1941 1942 1943 1944 1945 1946 1947 1948 1949 1950 1951 1952 1953 1954 1955 1956 1957 1958 1959 1960 1961 1962 1963 1964 1965 1966 1967 1968 1969 1970 1971 1972 1973 1974 1975 1976 1977 1978 1979 1980 1981
us,1926,2025,inflation_adjusted,start,45,0,12,56,0,0,0.0,0.0,0.0,1926 1927 1928 1929 1930 1931 1932 1933 1934 1935 1936 1937 1938 1939 1940 1941 1942 1943 1944 1945 1946 1947 1948 1949 1950 1951 1952 1953 1954 1955 1956 1957 1958 1959 1960 1961 1962 1963 1964 1965 1966 1967 1968 1969 1970 1971 1972 1973 1974 1975 1976 1977 1978 1979 1980 1981
us,1926,2025,inflation_adjusted,start,50,100,3,51,0,51,100.0,79106.0,5904.0,
us,1926,2025,inflation_adjusted,start,50,100,4,51,0,44,86.3,43777.0,0.0,1929 1965 1966 1967 1968 1969 1973
us,1926,2025,inflation_adjusted,start,50,100,5,51,0,33,64.7,21534.0,0.0,1929 1930 1937 1959 1960 1961 1962 1963 1964 1965 1966 1967 1968 1969 1970 1971 1972 1973
us,1926,2025,inflation_adjusted,start,50,100,6,51,0,26,51.0,5111.0,0.0,1928 1929 1930 1931 1936 1937 1939 1956 1957 1959 1960 1961 1962 1963 1964 1965 1966 1967 1968 1969 1970 1971 1972 1973 1974
us,1926,2025,inflation_adjusted,start,50,100,7,51,0,17,33.3,0.0,0.0,1926 1927 1928 1929 1930 1931 1934 1936 1937 1938 1939 1940 1946 1955 1956 1957 1958 1959 1960 1961 1962 1963 1964 1965 1966 1967 1968 1969 1970 1971 1972 1973 1974 1976
us,1926,2025,inflation_adjusted,start,50,100,8,51,0,13,25.5,0.0,0.0,1926 1927 1928 1929 1930 1931 1934 1935 1936 1937 1938 1939 1940 1941 1945 1946 1955 1956 1957 1958 1959 1960 1961 1962 1963 1964 1965 1966 1967 1968 1969 1970 1971 1972 1973 1974 1975 1976
us,1926,2025,inflation_adjusted,start,50,100,9,51,0,7,13.7,0.0,0.0,1926 1927 1928 1929 1930 1931 1932 1933 1934 1935 1936 1937 1938 1939 1940 1941 1944 1945 1946 1952 1953 1954 1955 1956 1957 1958 1959 1960 1961 1962 1963 1964 1965 1966 1967 1968 1969 1970 1971 1972 1973 1974 1975 1976
us,1926,2025,inflation_adjusted,start,50,100,10,51,0,3,5.9,0.0,0.0,1926 1927 1928 1929 1930 1931 1932 1933 1934 1935 1936 1937 1938 1939 1940 1941 1942 1943 1944 1945 1946 1947 1951 1952 1953 1954 1955 1956 1957 1958 1959 1960 1961 1962 1963 1964 1965 1966 1967 1968 1969 1970 1971 1972 1973 1974 1975 1976
us,1926,2025,inflation_adjusted,start,50,100,11,51,0,1,2.0,0.0,0.0,1926 1927 1928 1929 1930 1931 1932 1933 1934 1935 1936 1937 1938 1939 1940 1941 1942 1943 1944 1945 1946 1947 1948 1950 1951 1952 1953 1954 1955 1956 1957 1958 1959 1960 1961 1962 1963 1964 1965 1966 1967 1968 1969 1970 1971 1972 1973 1974 1975 1976
us,1926,2025,inflation_adjusted,start,50,100,12,51,0,0,0.0,0.0,0.0,1926 1927 1928 1929 1930 1931 1932 1933 1934 1935 1936 1937 1938 1939 1940 1941 1942 1943 1944 1945 1946 1947 1948 1949 1950 1951 1952 1953 1954 1955 1956 1957 1958 1959 1960 1961 1962 1963 1964 1965 1966 1967 1968 1969 1970 1971 1972 1973 1974 1975 1976
us,1926,2025,inflation_adjusted,start,50,75,3,51,0,51,100.0,41040.0,7487.0,
us,1926,2025,inflation_adjusted,start,50,75,4,51,0,42,82.4,20247.0,0.0,1937 1962 1964 1965 1966 1967 1968 1969 1973
us,1926,2025,inflation_adjusted,start,50,75,5,51,0,27,52.9,1971.0,0.0,1929 1930 1936 1937 1939 1940 1956 1957 1959 1960 1961 1962 1963 1964 1965 1966 1967 1968 1969 1970 1971 1972 1973 1974
us,1926,2025,inflation_adjusted,start,50,75,6,51,0,18,35.3,0.0,0.0,1928 1929 1930 1931 1934 1936 1937 1938 1939 1940 1941 1946 1955 1956 1957 1958 1959 1960 1961 1962 1963 1964 1965 1966 1967 1968 1969 1970 1971 1972 1973 1974 1976
us,1926,2025,inflation_adjusted,start,50,75,7,51,0,8,15.7,0.0,0.0,1926 1927 1928 1929 1930 1931 1934 1935 1936 1937 1938 1939 1940 1941 1944 1945 1946 1947 1952 1953 1954 1955 1956 1957 1958 1959 1960 1961 1962 1963 1964 1965 1966 1967 1968 1969 1970 1971 1972 1973 1974 1975 1976
us,1926,2025,inflation_adjusted,start,50,75,8,51,0,2,3.9,0.0,0.0,1926 1927 1928 1929 1930 1931 1932 1933 1934 1935 1936 1937 1938 1939 1940 1941 1942 1943 1944 1945 1946 1947 1950 1951 1952 1953 1954 1955 1956 1957 1958 1959 1960 1961 1962 1963 1964 1965 1966 1967 1968 1969 1970 1971 1972 1973 1974 1975 1976
us,1926,2025,inflation_adjusted,start,50,75,9,51,0,0,0.0,0.0,0.0,1926 1927 1928 1929 1930 1931 1932 1933 1934 1935 1936 1937 1938 1939 1940 1941 1942 1943 1944 1945 1946 1947 1948 1949 1950 1951 1952 1953 1954 1955 1956 1957 1958 1959 1960 1961 1962 1963 1964 1965 1966 1967 1968 1969 1970 1971 1972 1973 1974 1975 1976
us,1926,2025,inflation_adjusted,start,50,75,10,51,0,0,0.0,0.0,0.0,1926 1927 1928 1929 1930 1931 1932 1933 1934 1935 1936 1937 1938 1939 1940 1941 1942 1943 1944 1945 1946 1947 1948 1949 1950 1951 1952 1953 1954 1955 1956 1957 1958 1959 1960 1961 1962 1963 1964 1965 1966 1967 1968 1969 1970 1971 1972 1973 1974 1975 1976
us,1926,2025,inflation_adjusted,start,50,75,11,51,0,0,0.0,0.0,0.0,1926 1927 1928 1929 1930 1931 1932 1933 1934 1935 1936 1937 1938 1939 1940 1941 1942 1943 1944 1945 1946 1947 1948 1949 1950 1951 1952 1953 1954 1955 1956 1957 1958 1959 1960 1961 1962 1963 1964 1965 1966 1967 1968 1969 1970 1971 1972 1973 1974 1975 1976
us,1926,2025,inflation_adjusted,start,50,75,12,51,0,0,0.0,0.0,0.0,1926 1927 1928 1929 1930 1931 1932 1933 1934 1935 1936 1937 1938 1939 1940 1941 1942 1943 1944 1945 1946 1947 1948 1949 1950 1951 1952 1953 1954 1955 1956 1957 1958 1959 1960 1961 1962 1963 1964 1965 1966 1967 1968 1969 1970 1971 1972 1973 1974 1975 1976
us,1926,2025,inflation_adjusted,start,50,50,3,51,0,51,100.0,14927.0,4726.0,
us,1926,2025,inflation_adjusted,start,50,50,4,51,0,31,60.8,2506.0,0.0,1936 1937 1939 1940 1941 1946 1956 1959 1960 1961 1962 1963 1964 1965 1966 1967 1968 1969 1972 1973
us,1926,2025,inflation_adjusted,start,50,50,5,51,0,15,29.4,0.0,0.0,1929 1930 1931 1934 1935 1936 1937 1938 1939 1940 1941 1942 1943 1944 1945 1946 1955 1956 1957 1958 1959 1960 1961 1962 1963 1964 1965 1966 1967 1968 1969 1970 1971 1972 1973 1974
us,1926,2025,inflation_adjusted,start,50,50,6,51,0,1,2.0,0.0,0.0,1927 1928 1929 1930 1931 1932 1933 1934 1935 1936 1937 1938 1939 1940 1941 1942 1943 1944 1945 1946 1947 1948 1949 1950 1951 1952 1953 1954 1955 1956 1957 1958 1959 1960 1961 1962 1963 1964 1965 1966 1967 1968 1969 1970 1971 1972 1973 1974 1975 1976
us,1926,2025,inflation_adjusted,start,50,50,7,51,0,0,0.0,0.0,0.0,1926 1927 1928 1929 1930 1931 1932 1933 1934 1935 1936 1937 1938 1939 1940 1941 1942 1943 1944 1945 1946 1947 1948 1949 1950 1951 1952 1953 1954 1955 1956 1957 1958 1959 1960 1961 1962 1963 1964 1965 1966 1967 1968 1969 1970 1971 1972 1973 1974 1975 1976
us,1926,2025,inflation_adjusted,start,50,50,8,51,0,0,0.0,0.0,0.0,1926 1927 1928 1929 1930 1931 1932 1933 1934 1935 1936 1937 1938 1939 1940 1941 1942 1943 1944 1945 1946 1947 1948 1949 1950 1951 1952 1953 1954 1955 1956 1957 1958 1959 1960 1961 1962 1963 1964 1965 1966 1967 1968 1969 1970 1971 1972 1973 1974 1975 1976
us,1926,2025,inflation_adjusted,start,50,50,9,51,0,0,0.0,0.0,0.0,1926 1927 1928 1929 1930 1931 1932 1933 1934 1935 1936 1937 1938 1939 1940 1941 1942 1943 1944 1945 1946 1947 1948 1949 1950 1951 1952 1953 1954 1955 1956 1957 1958 1959 1960 1961 1962 1963 1964 1965 1966 1967 1968 1969 1970 1971 1972 1973 1974 1975 1976
us,1926,2025,inflation_adjusted,start,50,50,10,51,0,0,0.0,0.0,0.0,1926 1927 1928 1929 1930 1931 1932 1933 1934 1935 1936 1937 1938 1939 1940 1941 1942 1943 1944 1945 1946 1947 1948 1949 1950 1951 1952 1953 1954 1955 1956 1957 1958 1959 1960 1961 1962 1963 1964 1965 1966 1967 1968 1969 1970 1971 1972 1973 1974 1975 1976
us,1926,2025,inflation_adjusted,start,50,50,11,51,0,0,0.0,0.0,0.0,1926 1927 1928 1929 1930 1931 1932 1933 1934 1935 1936 1937 1938 1939 1940 1941 1942 1943 1944 1945 1946 1947 1948 1949 1950 1951 1952 1953 1954 1955 1956 1957 1958 1959 1960 1961 1962 1963 1964 1965 1966 1967 1968 1969 1970 1971 1972 1973 1974 1975 1976
us,1926,2025,inflation_adjusted,start,50,50,12,51,0,0,0.0,0.0,0.0,1926 1927 1928 1929 1930 1931 1932 1933 1934 1935 1936 1937 1938 1939 1940 1941 1942 1943 1944 1945 1946 1947 1948 1949 1950 1951 1952 1953 1954 1955 1956 1957 1958 1959 1960 1961 1962 1963 1964 1965 1966 1967 1968 1969 1970 1971 1972 1973 1974 1975 1976
us,1926,2025,inflation_adjusted,start,50,25,3,51,0,40,78.4,2998.0,0.0,1934 1936 1937 1938 1939 1940 1941 1942 1945 1946 1965
us,1926,2025,inflation_adjusted,start,50,25,4,51,0,6,11.8,0.0,0.0,1929 1930 1931 1932 1933 1934 1935 1936 1937 1938 1939 1940 1941 1942 1943 1944 1945 1946 1947 1948 1949 1950 1951 1952 1953 1954 1955 1956 1957 1958 1959 1960 1961 1962 1963 1964 1965 1966 1967 1968 1969 1970 1971 1972 1973
us,1926,2025,inflation_adjusted,start,50,25,5,51,0,0,0.0,0.0,0.0,1926 1927 1928 1929 1930 1931 1932 1933 1934 1935 1936 1937 1938 1939 1940 1941 1942 1943 1944 1945 1946 1947 1948 1949 1950 1951 1952 1953 1954 1955 1956 1957 1958 1959 1960 1961 1962 1963 1964 1965 1966 1967 1968 1969 1970 1971 1972 1973 1974 1975 1976
us,1926,2025,inflation_adjusted,start,50,25,6,51,0,0,0.0,0.0,0.0,1926 1927 1928 1929 1930 1931 1932 1933 1934 1935 1936 1937 1938 1939 1940 1941 1942 1943 1944 1945 1946 1947 1948 1949 1950 1951 1952 1953 1954 1955 1956 1957 1958 1959 1960 1961 1962 1963 1964 1965 1966 1967 1968 1969 1970 1971 1972 1973 1974 1975 1976
us,1926,2025,inflation_adjusted,start,50,25,7,51,0,0,0.0,0.0,0.0,1926 1927 1928 1929 1930 1931 1932 1933 1934 1935 1936 1937 1938 1939 1940 1941 1942 1943 1944 1945 1946 1947 1948 1949 1950 1951 1952 1953 1954 1955 1956 1957 1958 1959 1960 1961 1962 1963 1964 1965 1966 1967 1968 1969 1970 1971 1972 1973 1974 1975 1976
us,1926,2025,inflation_adjusted,start,50,25,8,51,0,0,0.0,0.0,0.0,1926 1927 1928 1929 1930 1931 1932 1933 1934 1935 1936 1937 1938 1939 1940 1941 1942 1943 1944 1945 1946 1947 1948 1949 1950 1951 1952 1953 1954 1955 1956 1957 1958 1959 1960 1961 1962 1963 1964 1965 1966 1967 1968 1969 1970 1971 1972 1973 1974 1975 1976
us,1926,2025,inflation_adjusted,start,50,25,9,51,0,0,0.0,0.0,0.0,1926 1927 1928 1929 1930 1931 1932 1933 1934 1935 1936 1937 1938 1939 1940 1941 1942 1943 1944 1945 1946 1947 1948 1949 1950 1951 1952 1953 1954 1955 1956 1957 1958 1959 1960 1961 1962 1963 1964 1965 1966 1967 1968 1969 1970 1971 1972 1973 1974 1975 1976
us,1926,2025,inflation_adjusted,start,50,25,10,51,0,0,0.0,0.0,0.0,1926 1927 1928 1929 1930 1931 1932 1933 1934 1935 1936 1937 1938 1939 1940 1941 1942 1943 1944 1945 1946 1947 1948 1949 1950 1951 1952 1953 1954 1955 1956 1957 1958 1959 1960 1961 1962 1963 1964 1965 1966 1967 1968 1969 1970 1971 1972 1973 1974 1975 1976
us,1926,2025,inflation_adjusted,start,50,25,11,51,0,0,0.0,0.0,0.0,1926 1927 1928 1929 1930 1931 1932 1933 1934 1935 1936 1937 1938 1939 1940 1941 1942 1943 1944 1945 1946 1947 1948 1949 1950 1951 1952 1953 1954 1955 1956 1957 1958 1959 1960 1961 1962 1963 1964 1965 1966 1967 1968 1969 1970 1971 1972 1973 1974 1975 1976
us,1926,2025,inflation_adjusted,start,50,25,12,51,0,0,0.0,0.0,0.0,1926 1927 1928 1929 1930 1931 1932 1933 1934 1935 1936 1937 1938 1939 1940 1941 1942 1943 1944 1945 1946 1947 1948 1949 1950 1951 1952 1953 1954 1955 1956 1957 1958 1959 1960 1961 1962 1963 1964 1965 1966 1967 1968 1969 1970 1971 1972 1973 1974 1975 1976
us,1926,2025,inflation_adjusted,start,50,0,3,51,0,10,19.6,0.0,0.0,1928 1929 1930 1931 1932 1933 1934 1935 1936 1937 1938 1939 1940 1941 1942 1943 1944 1945 1946 1947 1948 1949 1950 1951 1952 1953 1954 1955 1956 1957 1958 1959 1960 1961 1962 1963 1964 1965 1966 1967 1968
us,1926,2025,inflation_adjusted,start,50,0,4,51,0,1,2.0,0.0,0.0,1926 1927 1928 1929 1930 1931 1932 1933 1934 1935 1936 1937 1938 1939 1940 1941 1942 1943 1944 1945 1946 1947 1948 1949 1950 1951 1952 1953 1954 1955 1956 1957 1958 1959 1960 1961 1962 1963 1964 1965 1966 1967 1968 1969 1970 1971 1972 1973 1974 1975
us,1926,2025,inflation_adjusted,start,50,0,5,51,0,0,0.0,0.0,0.0,1926 1927 1928 1929 1930 1931 1932 1933 1934 1935 1936 1937 1938 1939 1940 1941 1942 1943 1944 1945 1946 1947 1948 1949 1950 1951 1952 1953 1954 1955 1956 1957 1958 1959 1960 1961 1962 1963 1964 1965 1966 1967 1968 1969 1970 1971 1972 1973 1974 1975 1976
us,1926,2025,inflation_adjusted,start,50,0,6,51,0,0,0.0,0.0,0.0,1926 1927 1928 1929 1930 1931 1932 1933 1934 1935 1936 1937 1938 1939 1940 1941 1942 1943 1944 1945 1946 1947 1948 1949 1950 1951 1952 1953 1954 1955 1956 1957 1958 1959 1960 1961 1962 1963 1964 1965 1966 1967 1968 1969 1970 1971 1972 1973 1974 1975 1976
us,1926,2025,inflation_adjusted,start,50,0,7,51,0,0,0.0,0.0,0.0,1926 1927 1928 1929 1930 1931 1932 1933 1934 1935 1936 1937 1938 1939 1940 1941 1942 1943 1944 1945 1946 1947 1948 1949 1950 1951 1952 1953 1954 1955 1956 1957 1958 1959 1960 1961 1962 1963 1964 1965 1966 1967 1968 1969 1970 1971 1972 1973 1974 1975 1976
us,1926,2025,inflation_adjusted,start,50,0,8,51,0,0,0.0,0.0,0.0,1926 1927 1928 1929 1930 1931 1932 1933 1934 1935 1936 1937 1938 1939 1940 1941 1942 1943 1944 1945 1946 1947 1948 1949 1950 1951 1952 1953 1954 1955 1956 1957 1958 1959 1960 1961 1962 1963 1964 1965 1966 1967 1968 1969 1970 1971 1972 1973 1974 1975 1976
us,1926,2025,inflation_adjusted,start,50,0,9,51,0,0,0.0,0.0,0.0,1926 1927 1928 1929 1930 1931 1932 1933 1934 1935 1936 1937 1938 1939 1940 1941 1942 1943 1944 1945 1946 1947 1948 1949 1950 1951 1952 1953 1954 1955 1956 1957 1958 1959 1960 1961 1962 1963 1964 1965 1966 1967 1968 1969 1970 1971 1972 1973 1974 1975 1976
us,1926,2025,inflation_adjusted,start,50,0,10,51,0,0,0.0,0.0,0.0,1926 1927 1928 1929 1930 1931 1932 1933 1934 1935 1936 1937 1938 1939 1940 1941 1942 1943 1944 1945 1946 1947 1948 1949 1950 1951 1952 1953 1954 1955 1956 1957 1958 1959 1960 1961 1962 1963 1964 1965 1966 1967 1968 1969 1970 1971 1972 1973 1974 1975 1976
us,1926,2025,inflation_adjusted,start,50,0,11,51,0,0,0.0,0.0,0.0,1926 1927 1928 1929 1930 1931 1932 1933 1934 1935 1936 1937 1938 1939 1940 1941 1942 1943 1944 1945 1946 1947 1948 1949 1950 1951 1952 1953 1954 1955 1956 1957 1958 1959 1960 1961 1962 1963 1964 1965 1966 1967 1968 1969 1970 1971 1972 1973 1974 1975 1976
us,1926,2025,inflation_adjusted,start,50,0,12,51,0,0,0.0,0.0,0.0,1926 1927 1928 1929 1930 1931 1932 1933 1934 1935 1936 1937 1938 1939 1940 1941 1942 1943 1944 1945 1946 1947 1948 1949 1950 1951 1952 1953 1954 1955 1956 1957 1958 1959 1960 1961 1962 1963 1964 1965 1966 1967 1968 1969 1970 1971 1972 1973 1974 1975 1976
us,1926,2025,inflation_adjusted,start,60,100,3,41,0,41,100.0,242679.0,22233.0,
us,1926,2025,inflation_adjusted,start,60,100,4,41,0,36,87.8,192238.0,0.0,1929 1930 1964 1965 1966
us,1926,2025,inflation_adjusted,start,60,100,5,41,0,28,68.3,116699.0,0.0,1928 1929 1930 1931 1937 1959 1960 1961 1962 1963 1964 1965 1966
us,1926,2025,inflation_adjusted,start,60,100,6,41,0,24,58.5,19776.0,0.0,1928 1929 1930 1931 1936 1937 1939 1956 1957 1959 1960 1961 1962 1963 1964 1965 1966
us,1926,2025,inflation_adjusted,start,60,100,7,41,0,16,39.0,0.0,0.0,1926 1927 1928 1929 1930 1931 1934 1936 1937 1938 1939 1940 1946 1955 1956 1957 1958 1959 1960 1961 1962 1963 1964 1965 1966
us,1926,2025,inflation_adjusted,start,60,100,8,41,0,13,31.7,0.0,0.0,1926 1927 1928 1929 1930 1931 1934 1935 1936 1937 1938 1939 1940 1941 1945 1946 1955 1956 1957 1958 1959 1960 1961 1962 1963 1964 1965 1966
us,1926,2025,inflation_adjusted,start,60,100,9,41,0,6,14.6,0.0,0.0,1926 1927 1928 1929 1930 1931 1932 1933 1934 1935 1936 1937 1938 1939 1940 1941 1944 1945 1946 1947 1952 1953 1954 1955 1956 1957 1958 1959 1960 1961 1962 1963 1964 1965 1966
us,1926,2025,inflation_adjusted,start,60,100,10,41,0,3,7.3,0.0,0.0,1926 1927 1928 1929 1930 1931 1932 1933 1934 1935 1936 1937 1938 1939 1940 1941 1942 1943 1944 1945 1946 1947 1951 1952 1953 1954 1955 1956 1957 1958 1959 1960 1961 1962 1963 1964 1965 1966
us,1926,2025,inflation_adjusted,start,60,100,11,41,0,0,0.0,0.0,0.0,1926 1927 1928 1929 1930 1931 1932 1933 1934 1935 1936 1937 1938 1939 1940 1941 1942 1943 1944 1945 1946 1947 1948 1949 1950 1951 1952 1953 1954 1955 1956 1957 1958 1959 1960 1961 1962 1963 1964 1965 1966
us,1926,2025,inflation_adjusted,start,60,100,12,41,0,0,0.0,0.0,0.0,1926 1927 1928 1929 1930 1931 1932 1933 1934 1935 1936 1937 1938 1939 1940 1941 1942 1943 1944 1945 1946 1947 1948 1949 1950 1951 1952 1953 1954 1955 1956 1957 1958 1959 1960 1961 1962 1963 1964 1965 1966
us,1926,2025,inflation_adjusted,start,60,75,3,41,0,41,100.0,130841.0,23722.0,
us,1926,2025,inflation_adjusted,start,60,75,4,41,0,35,85.4,69180.0,0.0,1929 1937 1962 1964 1965 1966
us,1926,2025,inflation_adjusted,start,60,75,5,41,0,24,58.5,10305.0,0.0,1929 1930 1931 1936 1937 1939 1940 1956 1957 1959 1960 1961 1962 1963 1964 1965 1966
us,1926,2025,inflation_adjusted,start,60,75,6,41,0,16,39.0,0.0,0.0,1928 1929 1930 1931 1934 1935 1936 1937 1938 1939 1940 1941 1946 1955 1956 1957 1958 1959 1960 1961 1962 1963 1964 1965 1966
us,1926,2025,inflation_adjusted,start,60,75,7,41,0,3,7.3,0.0,0.0,1926 1927 1928 1929 1930 1931 1932 1933 1934 1935 1936 1937 1938 1939 1940 1941 1942 1943 1944 1945 1946 1947 1951 1952 1953 1954 1955 1956 1957 1958 1959 1960 1961 1962 1963 1964 1965 1966
us,1926,2025,inflation_adjusted,start,60,75,8,41,0,1,2.4,0.0,0.0,1926 1927 1928 1929 1930 1931 1932 1933 1934 1935 1936 1937 1938 1939 1940 1941 1942 1943 1944 1945 1946 1947 1948 1950 1951 1952 1953 1954 1955 1956 1957 1958 1959 1960 1961 1962 1963 1964 1965 1966
us,1926,2025,inflation_adjusted,start,60,75,9,41,0,0,0.0,0.0,0.0,1926 1927 1928 1929 1930 1931 1932 1933 1934 1935 1936 1937 1938 1939 1940 1941 1942 1943 1944 1945 1946 1947 1948 1949 1950 1951 1952 1953 1954 1955 1956 1957 1958 1959 1960 1961 1962 1963 1964 1965 1966
us,1926,2025,inflation_adjusted,start,60,75,10,41,0,0,0.0,0.0,0.0,1926 1927 1928 1929 1930 1931 1932 1933 1934 1935 1936 1937 1938 1939 1940 1941 1942 1943 1944 1945 1946 1947 1948 1949 1950 1951 1952 1953 1954 1955 1956 1957 1958 1959 1960 1961 1962 1963 1964 1965 1966
us,1926,2025,inflation_adjusted,start,60,75,11,41,0,0,0.0,0.0,0.0,1926 1927 1928 1929 1930 1931 1932 1933 1934 1935 1936 1937 1938 1939 1940 1941 1942 1943 1944 1945 1946 1947 1948 1949 1950 1951 1952 1953 1954 1955 1956 1957 1958 1959 1960 1961 1962 1963 1964 1965 1966
us,1926,2025,inflation_adjusted,start,60,75,12,41,0,0,0.0,0.0,0.0,1926 1927 1928 1929 1930 1931 1932 1933 1934 1935 1936 1937 1938 1939 1940 1941 1942 1943 1944 1945 1946 1947 1948 1949 1950 1951 1952 1953 1954 1955 1956 1957 1958 1959 1960 1961 1962 1963 1964 1965 1966
us,1926,2025,inflation_adjusted,start,60,50,3,41,0,41,100.0,36681.0,6588.0,
us,1926,2025,inflation_adjusted,start,60,50,4,41,0,23,56.1,4459.0,0.0,1929 1936 1937 1938 1939 1940 1941 1946 1956 1957 1959 1960 1961 1962 1963 1964 1965 1966
us,1926,2025,inflation_adjusted,start,60,50,5,41,0,7,17.1,0.0,0.0,1928 1929 1930 1931 1933 1934 1935 1936 1937 1938 1939 1940 1941 1942 1943 1944 1945 1946 1947 1952 1953 1954 1955 1956 1957 1958 1959 1960 1961 1962 1963 1964 1965 1966
us,1926,2025,inflation_adjusted,start,60,50,6,41,0,0,0.0,0.0,0.0,1926 1927 1928 1929 1930 1931 1932 1933 1934 1935 1936 1937 1938 1939 1940 1941 1942 1943 1944 1945 1946 1947 1948 1949 1950 1951 1952 1953 1954 1955 1956 1957 1958 1959 1960 1961 1962 1963 1964 1965 1966
us,1926,2025,inflation_adjusted,start,60,50,7,41,0,0,0.0,0.0,0.0,1926 1927 1928 1929 1930 1931 1932 1933 1934 1935 1936 1937 1938 1939 1940 1941 1942 1943 1944 1945 1946 1947 1948 1949 1950 1951 1952 1953 1954 1955 1956 1957 1958 1959 1960 1961 1962 1963 1964 1965 1966
us,1926,2025,inflation_adjusted,start,60,50,8,41,0,0,0.0,0.0,0.0,1926 1927 1928 1929 1930 1931 1932 1933 1934 1935 1936 1937 1938 1939 1940 1941 1942 1943 1944 1945 1946 1947 1948 1949 1950 1951 1952 1953 1954 1955 1956 1957 1958 1959 1960 1961 1962 1963 1964 1965 1966
us,1926,2025,inflation_adjusted,start,60,50,9,41,0,0,0.0,0.0,0.0,1926 1927 1928 1929 1930 1931 1932 1933 1934 1935 1936 1937 1938 1939 1940 1941 1942 1943 1944 1945 1946 1947 1948 1949 1950 1951 1952 1953 1954 1955 1956 1957 1958 1959 1960 1961 1962 1963 1964 1965 1966
us,1926,2025,inflation_adjusted,start,60,50,10,41,0,0,0.0,0.0,0.0,1926 1927 1928 1929 1930 1931 1932 1933 1934 1935 1936 1937 1938 1939 1940 1941 1942 1943 1944 1945 1946 1947 1948 1949 1950 1951 1952 1953 1954 1955 1956 1957 1958 1959 1960 1961 1962 1963 1964 1965 1966
us,1926,2025,inflation_adjusted,start,60,50,11,41,0,0,0.0,0.0,0.0,1926 1927 1928 1929 1930 1931 1932 1933 1934 1935 1936 1937 1938 1939 1940 1941 1942 1943 1944 1945 1946 1947 1948 1949 1950 1951 1952 1953 1954 1955 1956 1957 1958 1959 1960 1961 1962 1963 1964 1965 1966
us,1926,2025,inflation_adjusted,start,60,50,12,41,0,0,0.0,0.0,0.0,1926 1927 1928 1929 1930 1931 1932 1933 1934 1935 1936 1937 1938 1939 1940 1941 1942 1943 1944 1945 1946 1947 1948 1949 1950 1951 1952 1953 1954 1955 1956 1957 1958 1959 1960 1961 1962 1963 1964 1965 1966
us,1926,2025,inflation_adjusted,start,60,25,3,41,0,24,58.5,2283.0,0.0,1934 1935 1936 1937 1938 1939 1940 1941 1942 1943 1944 1945 1946 1956 1964 1965 1966
us,1926,2025,inflation_adjusted,start,60,25,4,41,0,2,4.9,0.0,0.0,1928 1929 1930 1931 1932 1933 1934 1935 1936 1937 1938 1939 1940 1941 1942 1943 1944 1945 1946 1947 1948 1949 1950 1951 1952 1953 1954 1955 1956 1957 1958 1959 1960 1961 1962 1963 1964 1965 1966
us,1926,2025,inflation_adjusted,start,60,25,5,41,0,0,0.0,0.0,0.0,1926 1927 1928 1929 1930 1931 1932 1933 1934 1935 1936 1937 1938 1939 1940 1941 1942 1943 1944 1945 1946 1947 1948 1949 1950 1951 1952 1953 1954 1955 1956 1957 1958 1959 1960 1961 1962 1963 1964 1965 1966
us,1926,2025,inflation_adjusted,start,60,25,6,41,0,0,0.0,0.0,0.0,1926 1927 1928 1929 1930 1931 1932 1933 1934 1935 1936 1937 1938 1939 1940 1941 1942 1943 1944 1945 1946 1947 1948 1949 1950 1951 1952 1953 1954 1955 1956 1957 1958 1959 1960 1961 1962 1963 1964 1965 1966
us,1926,2025,inflation_adjusted,start,60,25,7,41,0,0,0.0,0.0,0.0,1926 1927 1928 1929 1930 1931 1932 1933 1934 1935 1936 1937 1938 1939 1940 1941 1942 1943 1944 1945 1946 1947 1948 1949 1950 1951 1952 1953 1954 1955 1956 1957 1958 1959 1960 1961 1962 1963 1964 1965 1966
us,1926,2025,inflation_adjusted,start,60,25,8,41,0,0,0.0,0.0,0.0,1926 1927 1928 1929 1930 1931 1932 1933 1934 1935 1936 1937 1938 1939 1940 1941 1942 1943 1944 1945 1946 1947 1948 1949 1950 1951 1952 1953 1954 1955 1956 1957 1958 1959 1960 1961 1962 1963 1964 1965 1966
us,1926,2025,inflation_adjusted,start,60,25,9,41,0,0,0.0,0.0,0.0,1926 1927 1928 1929 1930 1931 1932 1933 1934 1935 1936 1937 1938 1939 1940 1941 1942 1943 1944 1945 1946 1947 1948 1949 1950 1951 1952 1953 1954 1955 1956 1957 1958 1959 1960 1961 1962 1963 1964 1965 1966
us,1926,2025,inflation_adjusted,start,60,25,10,41,0,0,0.0,0.0,0.0,1926 1927 1928 1929 1930 1931 1932 1933 1934 1935 1936 1937 1938 1939 1940 1941 1942 1943 1944 1945 1946 1947 1948 1949 1950 1951 1952 1953 1954 1955 1956 1957 1958 1959 1960 1961 1962 1963 1964 1965 1966
us,1926,2025,inflation_adjusted,start,60,25,11,41,0,0,0.0,0.0,0.0,1926 1927 1928 1929 1930 1931 1932 1933 1934 1935 1936 1937 1938 1939 1940 1941 1942 1943 1944 1945 1946 1947 1948 1949 1950 1951 1952 1953 1954 1955 1956 1957 1958 1959 1960 1961 1962 1963 1964 1965 1966
us,1926,2025,inflation_adjusted,start,60,25,12,41,0,0,0.0,0.0,0.0,1926 1927 1928 1929 1930 1931 1932 1933 1934 1935 1936 1937 1938 1939 1940 1941 1942 1943 1944 1945 1946 1947 1948 1949 1950 1951 1952 1953 1954 1955 1956 1957 1958 1959 1960 1961 1962 1963 1964 1965 1966
us,1926,2025,inflation_adjusted,start,60,0,3,41,0,0,0.0,0.0,0.0,1926 1927 1928 1929 1930 1931 1932 1933 1934 1935 1936 1937 1938 1939 1940 1941 1942 1943 1944 1945 1946 1947 1948 1949 1950 1951 1952 1953 1954 1955 1956 1957 1958 1959 1960 1961 1962 1963 1964 1965 1966
us,1926,2025,inflation_adjusted,start,60,0,4,41,0,0,0.0,0.0,0.0,1926 1927 1928 1929 1930 1931 1932 1933 1934 1935 1936 1937 1938 1939 1940 1941 1942 1943 1944 1945 1946 1947 1948 1949 1950 1951 1952 1953 1954 1955 1956 1957 1958 1959 1960 1961 1962 1963 1964 1965 1966
us,1926,2025,inflation_adjusted,start,60,0,5,41,0,0,0.0,0.0,0.0,1926 1927 1928 1929 1930 1931 1932 1933 1934 1935 1936 1937 1938 1939 1940 1941 1942 1943 1944 1945 1946 1947 1948 1949 1950 1951 1952 1953 1954 1955 1956 1957 1958 1959 1960 1961 1962 1963 1964 1965 1966
us,1926,2025,inflation_adjusted,start,60,0,6,41,0,0,0.0,0.0,0.0,1926 1927 1928 1929 1930 1931 1932 1933 1934 1935 1936 1937 1938 1939 1940 1941 1942 1943 1944 1945 1946 1947 1948 1949 1950 1951 1952 1953 1954 1955 1956 1957 1958 1959 1960 1961 1962 1963 1964 1965 1966
us,1926,2025,inflation_adjusted,start,60,0,7,41,0,0,0.0,0.0,0.0,1926 1927 1928 1929 1930 1931 1932 1933 1934 1935 1936 1937 1938 1939 1940 1941 1942 1943 1944 1945 1946 1947 1948 1949 1950 1951 1952 1953 1954 1955 1956 1957 1958 1959 1960 1961 1962 1963 1964 1965 1966
us,1926,2025,inflation_adjusted,start,60,0,8,41,0,0,0.0,0.0,0.0,1926 1927 1928 1929 1930 1931 1932 1933 1934 1935 1936 1937 1938 1939 1940 1941 1942 1943 1944 1945 1946 1947 1948 1949 1950 1951 1952 1953 1954 1955 1956 1957 1958 1959 1960 1961 1962 1963 1964 1965 1966
us,1926,2025,inflation_adjusted,start,60,0,9,41,0,0,0.0,0.0,0.0,1926 1927 1928 1929 1930 1931 1932 1933 1934 1935 1936 1937 1938 1939 1940 1941 1942 1943 1944 1945 1946 1947 1948 1949 1950 1951 1952 1953 1954 1955 1956 1957 1958 1959 1960 1961 1962 1963 1964 1965 1966
us,1926,2025,inflation_adjusted,start,60,0,10,41,0,0,0.0,0.0,0.0,1926 1927 1928 1929 1930 1931 1932 1933 1934 1935 1936 1937 1938 1939 1940 1941 1942 1943 1944 1945 1946 1947 1948 1949 1950 1951 1952 1953 1954 1955 1956 1957 1958 1959 1960 1961 1962 1963 1964 1965 1966
us,1926,2025,inflation_adjusted,start,60,0,11,41,0,0,0.0,0.0,0.0,1926 1927 1928 1929 1930 1931 1932 1933 1934 1935 1936 1937 1938 1939 1940 1941 1942 1943 1944 1945 1946 1947 1948 1949 1950 1951 1952 1953 1954 1955 1956 1957 1958 1959 1960 1961 1962 1963 1964 1965 1966
us,1926,2025,inflation_adjusted,start,60,0,12,41,0,0,0.0,0.0,0.0,1926 1927 1928 1929 1930 1931 1932 1933 1934 1935 1936 1937 1938 1939 1940 1941 1942 1943 1944 1945 1946 1947 1948 1949 1950 1951 1952 1953 1954 1955 1956 1957 1958 1959 1960 1961 1962 1963 1964 1965 1966
us,1926,2025,nominal,start,15,100,3,86,0,86,100.0,3281.0,379.0,
us,1926,2025,nominal,start,15,100,4,86,0,86,100.0,2888.0,135.0,
us,1926,2025,nominal,start,15,100,5,86,0,85,98.8,2485.0,0.0,1929
us,1926,2025,nominal,start,15,100,6,86,0,84,97.7,2130.0,0.0,1929 1930
us,1926,2025,nominal,start,15,100,7,86,0,80,93.0,1797.0,0.0,1928 1929 1930 1931 2000 2001
us,1926,2025,nominal,start,15,100,8,86,0,78,90.7,1486.0,0.0,1928 1929 1930 1931 1937 1999 2000 2001
us,1926,2025,nominal,start,15,100,9,86,0,70,81.4,1046.0,0.0,1927 1928 1929 1930 1931 1936 1937 1966 1968 1969 1973 1999 2000 2001 2002 2007
us,1926,2025,nominal,start,15,100,10,86,0,58,67.4,695.0,0.0,1926 1927 1928 1929 1930 1931 1936 1937 1964 1965 1966 1967 1968 1969 1970 1971 1972 1973 1998 1999 2000 2001 2002 2004 2005 2006 2007 2008
us,1926,2025,nominal,start,15,100,11,86,0,51,59.3,409.0,0.0,1926 1927 1928 1929 1930 1931 1934 1936 1937 1938 1939 1940 1962 1964 1965 1966 1967 1968 1969 1970 1971 1972 1973 1974 1997 1998 1999 2000 2001 2002 2004 2005 2006 2007 2008
us,1926,2025,nominal,start,15,100,12,86,0,44,51.2,91.0,0.0,1926 1927 1928 1929 1930 1931 1934 1936 1937 1938 1939 1940 1946 1956 1959 1960 1961 1962 1963 1964 1965 1966 1967 1968 1969 1970 1971 1972 1973 1974 1997 1998 1999 2000 2001 2002 2003 2004 2005 2006 2007 2008
us,1926,2025,nominal,start,15,75,3,86,0,86,100.0,2747.0,659.0,
us,1926,2025,nominal,start,15,75,4,86,0,86,100.0,2447.0,421.0,
us,1926,2025,nominal,start,15,75,5,86,0,86,100.0,2081.0,182.0,
us,1926,2025,nominal,start,15,75,6,86,0,85,98.8,1714.0,0.0,1929
us,1926,2025,nominal,start,15,75,7,86,0,84,97.7,1356.0,0.0,1929 1930
us,1926,2025,nominal,start,15,75,8,86,0,79,91.9,1070.0,0.0,1928 1929 1930 1931 1937 2000 2001
us,1926,2025,nominal,start,15,75,9,86,0,72,83.7,814.0,0.0,1928 1929 1930 1931 1936 1937 1965 1966 1968 1969 1973 1999 2000 2001
us,1926,2025,nominal,start,15,75,10,86,0,57,66.3,452.0,0.0,1926 1927 1928 1929 1930 1931 1936 1937 1939 1962 1964 1965 1966 1967 1968 1969 1971 1972 1973 1998 1999 2000 2001 2002 2004 2005 2006 2007 2008
us,1926,2025,nominal,start,15,75,11,86,0,45,52.3,127.0,0.0,1926 1927 1928 1929 1930 1931 1934 1936 1937 1938 1939 1940 1946 1956 1959 1960 1961 1962 1963 1964 1965 1966 1967 1968 1969 1970 1971 1972 1973 1974 1998 1999 2000 2001 2002 2003 2004 2005 2006 2007 2008
us,1926,2025,nominal,start,15,75,12,86,0,40,46.5,0.0,0.0,1926 1927 1928 1929 1930 1931 1932 1934 1935 1936 1937 1938 1939 1940 1941 1946 1956 1957 1959 1960 1961 1962 1963 1964 1965 1966 1967 1968 1969 1970 1971 1972 1973 1974 1997 1998 1999 2000 2001 2002 2003 2004 2005 2006 2007 2008
us,1926,2025,nominal,start,15,50,3,86,0,86,100.0,2236.0,891.0,
us,1926,2025,nominal,start,15,50,4,86,0,86,100.0,1947.0,663.0,
us,1926,2025,nominal,start,15,50,5,86,0,86,100.0,1674.0,436.0,
us,1926,2025,nominal,start,15,50,6,86,0,86,100.0,1404.0,208.0,
us,1926,2025,nominal,start,15,50,7,86,0,85,98.8,1095.0,0.0,1929
us,1926,2025,nominal,start,15,50,8,86,0,83,96.5,768.0,0.0,1929 1930 1937
us,1926,2025,nominal,start,15,50,9,86,0,75,87.2,468.0,0.0,1928 1929 1930 1931 1936 1937 1965 1966 1999 2000 2001
us,1926,2025,nominal,start,15,50,10,86,0,50,58.1,160.0,0.0,1926 1927 1928 1929 1930 1931 1934 1936 1937 1938 1939 1940 1956 1959 1961 1962 1963 1964 1965 1966 1967 1968 1969 1971 1972 1973 1998 1999 2000 2001 2002 2004 2005 2006 2007 2008
us,1926,2025,nominal,start,15,50,11,86,0,40,46.5,0.0,0.0,1926 1927 1928 1929 1930 1931 1934 1935 1936 1937 1938 1939 1940 1941 1946 1955 1956 1957 1958 1959 1960 1961 1962 1963 1964 1965 1966 1967 1968 1969 1970 1971 1972 1973 1974 1998 1999 2000 2001 2002 2003 2004 2005 2006 2007 2008
us,1926,2025,nominal,start,15,50,12,86,0,23,26.7,0.0,0.0,1926 1927 1928 1929 1930 1931 1932 1933 1934 1935 1936 1937 1938 1939 1940 1941 1942 1943 1944 1945 1946 1947 1951 1952 1953 1955 1956 1957 1958 1959 1960 1961 1962 1963 1964 1965 1966 1967 1968 1969 1970 1971 1972 1973 1974 1976 1977 1996 1997 1998 1999 2000 2001 2002 2003 2004 2005 2006 2007 2008 2009 2010 2011
us,1926,2025,nominal,start,15,25,3,86,0,86,100.0,1594.0,1043.0,
us,1926,2025,nominal,start,15,25,4,86,0,86,100.0,1359.0,831.0,
us,1926,2025,nominal,start,15,25,5,86,0,86,100.0,1136.0,619.0,
us,1926,2025,nominal,start,15,25,6,86,0,86,100.0,888.0,407.0,
us,1926,2025,nominal,start,15,25,7,86,0,86,100.0,645.0,196.0,
us,1926,2025,nominal,start,15,25,8,86,0,84,97.7,406.0,0.0,1929 1930
us,1926,2025,nominal,start,15,25,9,86,0,67,77.9,169.0,0.0,1928 1929 1930 1931 1936 1937 1938 1939 1940 1941 1946 1956 1961 1962 1963 1964 1965 1966 1967
us,1926,2025,nominal,start,15,25,10,86,0,29,33.7,0.0,0.0,1926 1927 1928 1929 1930 1931 1934 1935 1936 1937 1938 1939 1940 1941 1942 1943 1944 1945 1946 1947 1948 1949 1950 1951 1952 1953 1954 1955 1956 1957 1958 1959 1960 1961 1962 1963 1964 1965 1966 1967 1968 1969 1971 1972 1973 1999 2000 2001 2002 2003 2004 2005 2006 2007 2008 2009 2011
us,1926,2025,nominal,start,15,25,11,86,0,21,24.4,0.0,0.0,1926 1927 1928 1929 1930 1931 1932 1933 1934 1935 1936 1937 1938 1939 1940 1941 1942 1943 1944 1945 1946 1947 1948 1949 1950 1951 1952 1953 1954 1955 1956 1957 1958 1959 1960 1961 1962 1963 1964 1965 1966 1967 1968 1969 1970 1971 1972 1973 1974 1977 1996 1998 1999 2000 2001 2002 2003 2004 2005 2006 2007 2008 2009 2010 2011
us,1926,2025,nominal,start,15,25,12,86,0,14,16.3,0.0,0.0,1926 1927 1928 1929 1930 1931 1932 1933 1934 1935 1936 1937 1938 1939 1940 1941 1942 1943 1944 1945 1946 1947 1948 1949 1950 1951 1952 1953 1954 1955 1956 1957 1958 1959 1960 1961 1962 1963 1964 1965 1966 1967 1968 1969 1970 1971 1972 1973 1974 1975 1976 1977 1987 1992 1993 1994 1996 1997 1998 1999 2000 2001 2002 2003 2004 2005 2006 2007 2008 2009 2010 2011
us,1926,2025,nominal,start,15,0,3,86,0,86,100.0,1177.0,760.0,
us,1926,2025,nominal,start,15,0,4,86,0,86,100.0,961.0,597.0,
us,1926,2025,nominal,start,15,0,5,86,0,86,100.0,738.0,430.0,
us,1926,2025,nominal,start,15,0,6,86,0,86,100.0,523.0,263.0,
us,1926,2025,nominal,start,15,0,7,86,0,86,100.0,331.0,90.0,
us,1926,2025,nominal,start,15,0,8,86,0,65,75.6,140.0,0.0,1938 1939 1940 1941 1942 1943 1944 1945 1946 1947 1948 1949 1950 1951 1952 1953 1954 1955 1956 1958 2009
us,1926,2025,nominal,start,15,0,9,86,0,39,45.3,0.0,0.0,1926 1927 1928 1929 1930 1931 1932 1933 1934 1935 1936 1937 1938 1939 1940 1941 1942 1943 1944 1945 1946 1947 1948 1949 1950 1951 1952 1953 1954 1955 1956 1957 1958 1959 1960 1961 1962 1963 1964 1965 1966 1967 1968 2008 2009 2010 2011
us,1926,2025,nominal,start,15,0,10,86,0,23,26.7,0.0,0.0,1926 1927 1928 1929 1930 1931 1932 1933 1934 1935 1936 1937 1938 1939 1940 1941 1942 1943 1944 1945 1946 1947 1948 1949 1950 1951 1952 1953 1954 1955 1956 1957 1958 1959 1960 1961 1962 1963 1964 1965 1966 1967 1968 1969 1971 1972 1973 1974 1994 1996 1998 1999 2001 2002 2003 2004 2005 2006 2007 2008 2009 2010 2011
us,1926,2025,nominal,start,15,0,11,86,0,13,15.1,0.0,0.0,1926 1927 1928 1929 1930 1931 1932 1933 1934 1935 1936 1937 1938 1939 1940 1941 1942 1943 1944 1945 1946 1947 1948 1949 1950 1951 1952 1953 1954 1955 1956 1957 1958 1959 1960 1961 1962 1963 1964 1965 1966 1967 1968 1969 1970 1971 1972 1973 1974 1975 1976 1977 1978 1987 1992 1993 1994 1996 1997 1998 1999 2000 2001 2002 2003 2004 2005 2006 2007 2008 2009 2010 2011
us,1926,2025,nominal,start,15,0,12,86,0,8,9.3,0.0,0.0,1926 1927 1928 1929 1930 1931 1932 1933 1934 1935 1936 1937 1938 1939 1940 1941 1942 1943 1944 1945 1946 1947 1948 1949 1950 1951 1952 1953 1954 1955 1956 1957 1958 1959 1960 1961 1962 1963 1964 1965 1966 1967 1968 1969 1970 1971 1972 1973 1974 1975 1976 1977 1978 1979 1987 1988 1990 1991 1992 1993 1994 1995 1996 1997 1998 1999 2000 2001 2002 2003 2004 2005 2006 2007 2008 2009 2010 2011
us,1926,2025,nominal,start,20,100,3,81,0,81,100.0,5077.0,438.0,
us,1926,2025,nominal,start,20,100,4,81,0,80,98.8,4202.0,0.0,1929
us,1926,2025,nominal,start,20,100,5,81,0,79,97.5,3508.0,0.0,1929 1930
us,1926,2025,nominal,start,20,100,6,81,0,76,93.8,2665.0,0.0,1928 1929 1930 1931 2000
us,1926,2025,nominal,start,20,100,7,81,0,73,90.1,2059.0,0.0,1928 1929 1930 1931 1937 1999 2000 2001
us,1926,2025,nominal,start,20,100,8,81,0,64,79.0,1639.0,0.0,1926 1927 1928 1929 1930 1931 1937 1965 1966 1968 1969 1973 1998 1999 2000 2001 2002
us,1926,2025,nominal,start,20,100,9,81,0,55,67.9,1111.0,0.0,1926 1927 1928 1929 1930 1931 1936 1937 1962 1964 1965 1966 1967 1968 1969 1970 1972 1973 1998 1999 2000 2001 2002 2004 2005 2006
us,1926,2025,nominal,start,20,100,10,81,0,46,56.8,296.0,0.0,1926 1927 1928 1929 1930 1931 1934 1936 1937 1939 1959 1960 1961 1962 1963 1964 1965 1966 1967 1968 1969 1970 1971 1972 1973 1997 1998 1999 2000 2001 2002 2003 2004 2005 2006
us,1926,2025,nominal,start,20,100,11,81,0,40,49.4,0.0,0.0,1926 1927 1928 1929 1930 1931 1934 1936 1937 1938 1939 1940 1956 1957 1959 1960 1961 1962 1963 1964 1965 1966 1967 1968 1969 1970 1971 1972 1973 1974 1996 1997 1998 1999 2000 2001 2002 2003 2004 2005 2006
us,1926,2025,nominal,start,20,100,12,81,0,32,39.5,0.0,0.0,1926 1927 1928 1929 1930 1931 1932 1934 1935 1936 1937 1938 1939 1940 1946 1956 1957 1959 1960 1961 1962 1963 1964 1965 1966 1967 1968 1969 1970 1971 1972 1973 1974 1976 1977 1992 1993 1994 1996 1997 1998 1999 2000 2001 2002 2003 2004 2005 2006
us,1926,2025,nominal,start,20,75,3,81,0,81,100.0,4207.0,822.0,
us,1926,2025,nominal,start,20,75,4,81,0,81,100.0,3759.0,399.0,
us,1926,2025,nominal,start,20,75,5,81,0,80,98.8,3165.0,0.0,1929
us,1926,2025,nominal,start,20,75,6,81,0,79,97.5,2560.0,0.0,1929 1930
us,1926,2025,nominal,start,20,75,7,81,0,73,90.1,1858.0,0.0,1928 1929 1930 1931 1937 1999 2000 2001
us,1926,2025,nominal,start,20,75,8,81,0,67,82.7,1073.0,0.0,1927 1928 1929 1930 1931 1936 1937 1965 1966 1969 1999 2000 2001 2002
us,1926,2025,nominal,start,20,75,9,81,0,51,63.0,569.0,0.0,1926 1927 1928 1929 1930 1931 1936 1937 1939 1959 1960 1961 1962 1963 1964 1965 1966 1967 1968 1969 1972 1973 1998 1999 2000 2001 2002 2004 2005 2006
us,1926,2025,nominal,start,20,75,10,81,0,42,51.9,55.0,0.0,1926 1927 1928 1929 1930 1931 1934 1936 1937 1938 1939 1940 1956 1957 1959 1960 1961 1962 1963 1964 1965 1966 1967 1968 1969 1970 1971 1972 1973 1997 1998 1999 2000 2001 2002 2003 2004 2005 2006
us,1926,2025,nominal,start,20,75,11,81,0,34,42.0,0.0,0.0,1926 1927 1928 1929 1930 1931 1932 1934 1935 1936 1937 1938 1939 1940 1941 1946 1955 1956 1957 1958 1959 1960 1961 1962 1963 1964 1965 1966 1967 1968 1969 1970 1971 1972 1973 1974 1996 1997 1998 1999 2000 2001 2002 2003 2004 2005 2006
us,1926,2025,nominal,start,20,75,12,81,0,23,28.4,0.0,0.0,1926 1927 1928 1929 1930 1931 1932 1933 1934 1935 1936 1937 1938 1939 1940 1941 1945 1946 1952 1953 1955 1956 1957 1958 1959 1960 1961 1962 1963 1964 1965 1966 1967 1968 1969 1970 1971 1972 1973 1974 1976 1977 1987 1990 1992 1993 1994 1996 1997 1998 1999 2000 2001 2002 2003 2004 2005 2006
us,1926,2025,nominal,start,20,50,3,81,0,81,100.0,3156.0,1068.0,
us,1926,2025,nominal,start,20,50,4,81,0,81,100.0,2642.0,692.0,
us,1926,2025,nominal,start,20,50,5,81,0,81,100.0,2169.0,317.0,
us,1926,2025,nominal,start,20,50,6,81,0,80,98.8,1682.0,0.0,1929
us,1926,2025,nominal,start,20,50,7,81,0,77,95.1,1250.0,0.0,1928 1929 1930 1937
us,1926,2025,nominal,start,20,50,8,81,0,67,82.7,665.0,0.0,1927 1928 1929 1930 1931 1936 1937 1962 1964 1965 1966 1999 2000 2001
us,1926,2025,nominal,start,20,50,9,81,0,43,53.1,94.0,0.0,1926 1927 1928 1929 1930 1931 1934 1936 1937 1938 1939 1940 1946 1955 1956 1957 1959 1960 1961 1962 1963 1964 1965 1966 1967 1968 1969 1971 1972 1973 1998 1999 2000 2001 2002 2004 2005 2006
us,1926,2025,nominal,start,20,50,10,81,0,32,39.5,0.0,0.0,1926 1927 1928 1929 1930 1931 1932 1934 1935 1936 1937 1938 1939 1940 1941 1945 1946 1952 1953 1955 1956 1957 1958 1959 1960 1961 1962 1963 1964 1965 1966 1967 1968 1969 1970 1971 1972 1973 1974 1997 1998 1999 2000 2001 2002 2003 2004 2005 2006
us,1926,2025,nominal,start,20,50,11,81,0,16,19.8,0.0,0.0,1926 1927 1928 1929 1930 1931 1932 1933 1934 1935 1936 1937 1938 1939 1940 1941 1942 1943 1944 1945 1946 1947 1948 1950 1951 1952 1953 1954 1955 1956 1957 1958 1959 1960 1961 1962 1963 1964 1965 1966 1967 1968 1969 1970 1971 1972 1973 1974 1976 1977 1987 1992 1993 1994 1996 1997 1998 1999 2000 2001 2002 2003 2004 2005 2006
us,1926,2025,nominal,start,20,50,12,81,0,12,14.8,0.0,0.0,1926 1927 1928 1929 1930 1931 1932 1933 1934 1935 1936 1937 1938 1939 1940 1941 1942 1943 1944 1945 1946 1947 1948 1949 1950 1951 1952 1953 1954 1955 1956 1957 1958 1959 1960 1961 1962 1963 1964 1965 1966 1967 1968 1969 1970 1971 1972 1973 1974 1975 1976 1977 1987 1990 1992 1993 1994 1995 1996 1997 1998 1999 2000 2001 2002 2003 2004 2005 2006
us,1926,2025,nominal,start,20,25,3,81,0,81,100.0,1944.0,1153.0,
us,1926,2025,nominal,start,20,25,4,81,0,81,100.0,1543.0,829.0,
us,1926,2025,nominal,start,20,25,5,81,0,81,100.0,1163.0,504.0,
us,1926,2025,nominal,start,20,25,6,81,0,81,100.0,792.0,180.0,
us,1926,2025,nominal,start,20,25,7,81,0,78,96.3,428.0,0.0,1929 1930 1937
us,1926,2025,nominal,start,20,25,8,81,0,47,58.0,49.0,0.0,1926 1927 1928 1929 1930 1931 1934 1935 1936 1937 1938 1939 1940 1941 1945 1946 1947 1952 1955 1956 1957 1958 1959 1960 1961 1962 1963 1964 1965 1966 1967 1968 1999 2001
us,1926,2025,nominal,start,20,25,9,81,0,25,30.9,0.0,0.0,1926 1927 1928 1929 1930 1931 1932 1933 1934 1935 1936 1937 1938 1939 1940 1941 1942 1943 1944 1945 1946 1947 1948 1949 1950 1951 1952 1953 1954 1955 1956 1957 1958 1959 1960 1961 1962 1963 1964 1965 1966 1967 1968 1969 1971 1972 1973 1998 1999 2000 2001 2002 2003 2004 2005 2006
us,1926,2025,nominal,start,20,25,10,81,0,19,23.5,0.0,0.0,1926 1927 1928 1929 1930 1931 1932 1933 1934 1935 1936 1937 1938 1939 1940 1941 1942 1943 1944 1945 1946 1947 1948 1949 1950 1951 1952 1953 1954 1955 1956 1957 1958 1959 1960 1961 1962 1963 1964 1965 1966 1967 1968 1969 1970 1971 1972 1973 1974 1993 1994 1996 1997 1998 1999 2000 2001 2002 2003 2004 2005 2006
us,1926,2025,nominal,start,20,25,11,81,0,12,14.8,0.0,0.0,1926 1927 1928 1929 1930 1931 1932 1933 1934 1935 1936 1937 1938 1939 1940 1941 1942 1943 1944 1945 1946 1947 1948 1949 1950 1951 1952 1953 1954 1955 1956 1957 1958 1959 1960 1961 1962 1963 1964 1965 1966 1967 1968 1969 1970 1971 1972 1973 1974 1975 1976 1977 1987 1990 1992 1993 1994 1995 1996 1997 1998 1999 2000 2001 2002 2003 2004 2005 2006
us,1926,2025,nominal,start,20,25,12,81,0,6,7.4,0.0,0.0,1926 1927 1928 1929 1930 1931 1932 1933 1934 1935 1936 1937 1938 1939 1940 1941 1942 1943 1944 1945 1946 1947 1948 1949 1950 1951 1952 1953 1954 1955 1956 1957 1958 1959 1960 1961 1962 1963 1964 1965 1966 1967 1968 1969 1970 1971 1972 1973 1974 1975 1976 1977 1978 1979 1986 1987 1988 1989 1990 1991 1992 1993 1994 1995 1996 1997 1998 1999 2000 2001 2002 2003 2004 2005 2006
us,1926,2025,nominal,start,20,0,3,81,0,81,100.0,1283.0,694.0,
us,1926,2025,nominal,start,20,0,4,81,0,81,100.0,978.0,464.0,
us,1926,2025,nominal,start,20,0,5,81,0,81,100.0,666.0,218.0,
us,1926,2025,nominal,start,20,0,6,81,0,76,93.8,337.0,0.0,1941 1946 1947 1949 1950
us,1926,2025,nominal,start,20,0,7,81,0,43,53.1,80.0,0.0,1927 1928 1929 1930 1931 1932 1933 1934 1935 1936 1937 1938 1939 1940 1941 1942 1943 1944 1945 1946 1947 1948 1949 1950 1951 1952 1953 1954 1955 1956 1957 1958 1959 1961 1962 1963 1964 1965
us,1926,2025,nominal,start,20,0,8,81,0,32,39.5,0.0,0.0,1926 1927 1928 1929 1930 1931 1932 1933 1934 1935 1936 1937 1938 1939 1940 1941 1942 1943 1944 1945 1946 1947 1948 1949 1950 1951 1952 1953 1954 1955 1956 1957 1958 1959 1960 1961 1962 1963 1964 1965 1966 1967 1968 1999 2002 2003 2004 2005 2006
us,1926,2025,nominal,start,20,0,9,81,0,20,24.7,0.0,0.0,1926 1927 1928 1929 1930 1931 1932 1933 1934 1935 1936 1937 1938 1939 1940 1941 1942 1943 1944 1945 1946 1947 1948 1949 1950 1951 1952 1953 1954 1955 1956 1957 1958 1959 1960 1961 1962 1963 1964 1965 1966 1967 1968 1969 1971 1972 1973 1974 1993 1994 1996 1997 1998 1999 2000 2001 2002 2003 2004 2005 2006
us,1926,2025,nominal,start,20,0,10,81,0,11,13.6,0.0,0.0,1926 1927 1928 1929 1930 1931 1932 1933 1934 1935 1936 1937 1938 1939 1940 1941 1942 1943 1944 1945 1946 1947 1948 1949 1950 1951 1952 1953 1954 1955 1956 1957 1958 1959 1960 1961 1962 1963 1964 1965 1966 1967 1968 1969 1970 1971 1972 1973 1974 1975 1976 1977 1978 1987 1991 1992 1993 1994 1995 1996 1997 1998 1999 2000 2001 2002 2003 2004 2005 2006
us,1926,2025,nominal,start,20,0,11,81,0,6,7.4,0.0,0.0,1926 1927 1928 1929 1930 1931 1932 1933 1934 1935 1936 1937 1938 1939 1940 1941 1942 1943 1944 1945 1946 1947 1948 1949 1950 1951 1952 1953 1954 1955 1956 1957 1958 1959 1960 1961 1962 1963 1964 1965 1966 1967 1968 1969 1970 1971 1972 1973 1974 1975 1976 1977 1978 1979 1986 1987 1988 1989 1990 1991 1992 1993 1994 1995 1996 1997 1998 1999 2000 2001 2002 2003 2004 2005 2006
us,1926,2025,nominal,start,20,0,12,81,0,4,4.9,0.0,0.0,1926 1927 1928 1929 1930 1931 1932 1933 1934 1935 1936 1937 1938 1939 1940 1941 1942 1943 1944 1945 1946 1947 1948 1949 1950 1951 1952 1953 1954 1955 1956 1957 1958 1959 1960 1961 1962 1963 1964 1965 1966 1967 1968 1969 1970 1971 1972 1973 1974 1975 1976 1977 1978 1979 1980 1983 1986 1987 1988 1989 1990 1991 1992 1993 1994 1995 1996 1997 1998 1999 2000 2001 2002 2003 2004 2005 2006
us,1926,2025,nominal,start,25,100,3,76,0,76,100.0,8227.0,762.0,
us,1926,2025,nominal,start,25,100,4,76,0,75,98.7,7130.0,0.0,1929
us,1926,2025,nominal,start,25,100,5,76,0,74,97.4,6114.0,0.0,1929 1930
us,1926,2025,nominal,start,25,100,6,76,0,69,90.8,5155.0,0.0,1928 1929 1930 1931 1999 2000 2001
us,1926,2025,nominal,start,25,100,7,76,0,67,88.2,3791.0,0.0,1927 1928 1929 1930 1931 1937 1999 2000 2001
us,1926,2025,nominal,start,25,100,8,76,0,58,76.3,2802.0,0.0,1926 1927 1928 1929 1930 1931 1936 1937 1964 1965 1966 1968 1969 1973 1998 1999 2000 2001
us,1926,2025,nominal,start,25,100,9,76,0,48,63.2,1746.0,0.0,1926 1927 1928 1929 1930 1931 1936 1937 1959 1960 1961 1962 1963 1964 1965 1966 1967 1968 1969 1970 1971 1972 1973 1997 1998 1999 2000 2001
us,1926,2025,nominal,start,25,100,10,76,0,40,52.6,649.0,0.0,1926 1927 1928 1929 1930 1931 1934 1936 1937 1938 1939 1940 1956 1957 1959 1960 1961 1962 1963 1964 1965 1966 1967 1968 1969 1970 1971 1972 1973 1974 1996 1997 1998 1999 2000 2001
us,1926,2025,nominal,start,25,100,11,76,0,32,42.1,0.0,0.0,1926 1927 1928 1929 1930 1931 1932 1934 1935 1936 1937 1938 1939 1940 1946 1955 1956 1957 1958 1959 1960 1961 1962 1963 1964 1965 1966 1967 1968 1969 1970 1971 1972 1973 1974 1992 1993 1994 1996 1997 1998 1999 2000 2001
us,1926,2025,nominal,start,25,100,12,76,0,27,35.5,0.0,0.0,1926 1927 1928 1929 1930 1931 1932 1934 1935 1936 1937 1938 1939 1940 1946 1955 1956 1957 1958 1959 1960 1961 1962 1963 1964 1965 1966 1967 1968 1969 1970 1971 1972 1973 1974 1976 1977 1987 1990 1992 1993 1994 1995 1996 1997 1998 1999 2000 2001
us,1926,2025,nominal,start,25,75,3,76,0,76,100.0,6907.0,1376.0,
us,1926,2025,nominal,start,25,75,4,76,0,76,100.0,5677.0,486.0,
us,1926,2025,nominal,start,25,75,5,76,0,74,97.4,4797.0,0.0,1929 1930
us,1926,2025,nominal,start,25,75,6,76,0,73,96.1,3838.0,0.0,1928 1929 1930
us,1926,2025,nominal,start,25,75,7,76,0,68,89.5,2632.0,0.0,1928 1929 1930 1931 1937 1999 2000 2001
us,1926,2025,nominal,start,25,75,8,76,0,56,73.7,1605.0,0.0,1926 1927 1928 1929 1930 1931 1936 1937 1962 1964 1965 1966 1967 1968 1969 1973 1998 1999 2000 2001
us,1926,2025,nominal,start,25,75,9,76,0,43,56.6,776.0,0.0,1926 1927 1928 1929 1930 1931 1934 1936 1937 1938 1939 1956 1957 1959 1960 1961 1962 1963 1964 1965 1966 1967 1968 1969 1970 1971 1972 1973 1997 1998 1999 2000 2001
us,1926,2025,nominal,start,25,75,10,76,0,35,46.1,0.0,0.0,1926 1927 1928 1929 1930 1931 1932 1934 1935 1936 1937 1938 1939 1940 1946 1955 1956 1957 1958 1959 1960 1961 1962 1963 1964 1965 1966 1967 1968 1969 1970 1971 1972 1973 1974 1996 1997 1998 1999 2000 2001
us,1926,2025,nominal,start,25,75,11,76,0,25,32.9,0.0,0.0,1926 1927 1928 1929 1930 1931 1932 1934 1935 1936 1937 1938 1939 1940 1941 1946 1952 1953 1955 1956 1957 1958 1959 1960 1961 1962 1963 1964 1965 1966 1967 1968 1969 1970 1971 1972 1973 1974 1976 1977 1987 1990 1992 1993 1994 1996 1997 1998 1999 2000 2001
us,1926,2025,nominal,start,25,75,12,76,0,16,21.1,0.0,0.0,1926 1927 1928 1929 1930 1931 1932 1933 1934 1935 1936 1937 1938 1939 1940 1941 1944 1945 1946 1947 1951 1952 1953 1954 1955 1956 1957 1958 1959 1960 1961 1962 1963 1964 1965 1966 1967 1968 1969 1970 1971 1972 1973 1974 1976 1977 1987 1989 1990 1991 1992 1993 1994 1995 1996 1997 1998 1999 2000 2001
us,1926,2025,nominal,start,25,50,3,76,0,76,100.0,4610.0,1543.0,
us,1926,2025,nominal,start,25,50,4,76,0,76,100.0,3763.0,866.0,
us,1926,2025,nominal,start,25,50,5,76,0,76,100.0,3058.0,188.0,
us,1926,2025,nominal,start,25,50,6,76,0,74,97.4,2124.0,0.0,1929 1930
us,1926,2025,nominal,start,25,50,7,76,0,68,89.5,1377.0,0.0,1928 1929 1930 1931 1937 1999 2000 2001
us,1926,2025,nominal,start,25,50,8,76,0,46,60.5,573.0,0.0,1926 1927 1928 1929 1930 1931 1934 1936 1937 1938 1939 1940 1955 1956 1957 1959 1960 1961 1962 1963 1964 1965 1966 1967 1968 1969 1998 1999 2000 2001
us,1926,2025,nominal,start,25,50,9,76,0,34,44.7,0.0,0.0,1926 1927 1928 1929 1930 1931 1932 1934 1935 1936 1937 1938 1939 1940 1941 1946 1952 1953 1955 1956 1957 1958 1959 1960 1961 1962 1963 1964 1965 1966 1967 1968 1969 1970 1971 1972 1973 1997 1998 1999 2000 2001
us,1926,2025,nominal,start,25,50,10,76,0,19,25.0,0.0,0.0,1926 1927 1928 1929 1930 1931 1932 1933 1934 1935 1936 1937 1938 1939 1940 1941 1942 1943 1944 1945 1946 1947 1948 1950 1951 1952 1953 1954 1955 1956 1957 1958 1959 1960 1961 1962 1963 1964 1965 1966 1967 1968 1969 1970 1971 1972 1973 1974 1992 1993 1994 1996 1997 1998 1999 2000 2001
us,1926,2025,nominal,start,25,50,11,76,0,12,15.8,0.0,0.0,1926 1927 1928 1929 1930 1931 1932 1933 1934 1935 1936 1937 1938 1939 1940 1941 1942 1943 1944 1945 1946 1947 1948 1949 1950 1951 1952 1953 1954 1955 1956 1957 1958 1959 1960 1961 1962 1963 1964 1965 1966 1967 1968 1969 1970 1971 1972 1973 1974 1976 1977 1987 1990 1991 1992 1993 1994 1995 1996 1997 1998 1999 2000 2001
us,1926,2025,nominal,start,25,50,12,76,0,7,9.2,0.0,0.0,1926 1927 1928 1929 1930 1931 1932 1933 1934 1935 1936 1937 1938 1939 1940 1941 1942 1943 1944 1945 1946 1947 1948 1949 1950 1951 1952 1953 1954 1955 1956 1957 1958 1959 1960 1961 1962 1963 1964 1965 1966 1967 1968 1969 1970 1971 1972 1973 1974 1975 1976 1977 1978 1986 1987 1988 1989 1990 1991 1992 1993 1994 1995 1996 1997 1998 1999 2000 2001
us,1926,2025,nominal,start,25,25,3,76,0,76,100.0,2590.0,1388.0,
us,1926,2025,nominal,start,25,25,4,76,0,76,100.0,1979.0,888.0,
us,1926,2025,nominal,start,25,25,5,76,0,76,100.0,1369.0,387.0,
us,1926,2025,nominal,start,25,25,6,76,0,74,97.4,735.0,0.0,1929 1930
us,1926,2025,nominal,start,25,25,7,76,0,47,61.8,177.0,0.0,1926 1927 1928 1929 1930 1931 1934 1935 1936 1937 1938 1939 1940 1941 1946 1955 1956 1957 1958 1959 1960 1961 1962 1963 1964 1965 1966 1999 2001
us,1926,2025,nominal,start,25,25,8,76,0,28,36.8,0.0,0.0,1926 1927 1928 1929 1930 1931 1932 1933 1934 1935 1936 1937 1938 1939 1940 1941 1942 1943 1944 1945 1946 1947 1948 1949 1950 1951 1952 1953 1954 1955 1956 1957 1958 1959 1960 1961 1962 1963 1964 1965 1966 1967 1968 1969 1998 1999 2000 2001
us,1926,2025,nominal,start,25,25,9,76,0,20,26.3,0.0,0.0,1926 1927 1928 1929 1930 1931 1932 1933 1934 1935 1936 1937 1938 1939 1940 1941 1942 1943 1944 1945 1946 1947 1948 1949 1950 1951 1952 1953 1954 1955 1956 1957 1958 1959 1960 1961 1962 1963 1964 1965 1966 1967 1968 1969 1970 1971 1972 1973 1993 1994 1996 1997 1998 1999 2000 2001
us,1926,2025,nominal,start,25,25,10,76,0,13,17.1,0.0,0.0,1926 1927 1928 1929 1930 1931 1932 1933 1934 1935 1936 1937 1938 1939 1940 1941 1942 1943 1944 1945 1946 1947 1948 1949 1950 1951 1952 1953 1954 1955 1956 1957 1958 1959 1960 1961 1962 1963 1964 1965 1966 1967 1968 1969 1970 1971 1972 1973 1974 1976 1977 1987 1990 1992 1993 1994 1995 1996 1997 1998 1999 2000 2001
us,1926,2025,nominal,start,25,25,11,76,0,7,9.2,0.0,0.0,1926 1927 1928 1929 1930 1931 1932 1933 1934 1935 1936 1937 1938 1939 1940 1941 1942 1943 1944 1945 1946 1947 1948 1949 1950 1951 1952 1953 1954 1955 1956 1957 1958 1959 1960 1961 1962 1963 1964 1965 1966 1967 1968 1969 1970 1971 1972 1973 1974 1975 1976 1977 1978 1986 1987 1988 1989 1990 1991 1992 1993 1994 1995 1996 1997 1998 1999 2000 2001
us,1926,2025,nominal,start,25,25,12,76,0,4,5.3,0.0,0.0,1926 1927 1928 1929 1930 1931 1932 1933 1934 1935 1936 1937 1938 1939 1940 1941 1942 1943 1944 1945 1946 1947 1948 1949 1950 1951 1952 1953 1954 1955 1956 1957 1958 1959 1960 1961 1962 1963 1964 1965 1966 1967 1968 1969 1970 1971 1972 1973 1974 1975 1976 1977 1978 1979 1980 1983 1986 1987 1988 1989 1990 1991 1992 1993 1994 1995 1996 1997 1998 1999 2000 2001
us,1926,2025,nominal,start,25,0,3,76,0,76,100.0,1852.0,651.0,
us,1926,2025,nominal,start,25,0,4,76,0,76,100.0,1336.0,325.0,
us,1926,2025,nominal,start,25,0,5,76,0,74,97.4,822.0,0.0,1941 1946
us,1926,2025,nominal,start,25,0,6,76,0,42,55.3,214.0,0.0,1927 1928 1929 1930 1931 1932 1933 1934 1935 1936 1937 1938 1939 1940 1941 1942 1943 1944 1945 1946 1947 1948 1949 1950 1951 1952 1953 1954 1955 1956 1957 1958 1959 1961
us,1926,2025,nominal,start,25,0,7,76,0,32,42.1,0.0,0.0,1926 1927 1928 1929 1930 1931 1932 1933 1934 1935 1936 1937 1938 1939 1940 1941 1942 1943 1944 1945 1946 1947 1948 1949 1950 1951 1952 1953 1954 1955 1956 1957 1958 1959 1960 1961 1962 1963 1964 1965 1966 1967 1999 2001
us,1926,2025,nominal,start,25,0,8,76,0,23,30.3,0.0,0.0,1926 1927 1928 1929 1930 1931 1932 1933 1934 1935 1936 1937 1938 1939 1940 1941 1942 1943 1944 1945 1946 1947 1948 1949 1950 1951 1952 1953 1954 1955 1956 1957 1958 1959 1960 1961 1962 1963 1964 1965 1966 1967 1968 1969 1971 1972 1994 1996 1997 1998 1999 2000 2001
us,1926,2025,nominal,start,25,0,9,76,0,12,15.8,0.0,0.0,1926 1927 1928 1929 1930 1931 1932 1933 1934 1935 1936 1937 1938 1939 1940 1941 1942 1943 1944 1945 1946 1947 1948 1949 1950 1951 1952 1953 1954 1955 1956 1957 1958 1959 1960 1961 1962 1963 1964 1965 1966 1967 1968 1969 1970 1971 1972 1973 1974 1975 1976 1977 1987 1991 1992 1993 1994 1995 1996 1997 1998 1999 2000 2001
us,1926,2025,nominal,start,25,0,10,76,0,7,9.2,0.0,0.0,1926 1927 1928 1929 1930 1931 1932 1933 1934 1935 1936 1937 1938 1939 1940 1941 1942 1943 1944 1945 1946 1947 1948 1949 1950 1951 1952 1953 1954 1955 1956 1957 1958 1959 1960 1961 1962 1963 1964 1965 1966 1967 1968 1969 1970 1971 1972 1973 1974 1975 1976 1977 1978 1986 1987 1988 1989 1990 1991 1992 1993 1994 1995 1996 1997 1998 1999 2000 2001
us,1926,2025,nominal,start,25,0,11,76,0,5,6.6,0.0,0.0,1926 1927 1928 1929 1930 1931 1932 1933 1934 1935 1936 1937 1938 1939 1940 1941 1942 1943 1944 1945 1946 1947 1948 1949 1950 1951 1952 1953 1954 1955 1956 1957 1958 1959 1960 1961 1962 1963 1964 1965 1966 1967 1968 1969 1970 1971 1972 1973 1974 1975 1976 1977 1978 1979 1983 1986 1987 1988 1989 1990 1991 1992 1993 1994 1995 1996 1997 1998 1999 2000 2001
us,1926,2025,nominal,start,25,0,12,76,0,2,2.6,0.0,0.0,1926 1927 1928 1929 1930 1931 1932 1933 1934 1935 1936 1937 1938 1939 1940 1941 1942 1943 1944 1945 1946 1947 1948 1949 1950 1951 1952 1953 1954 1955 1956 1957 1958 1959 1960 1961 1962 1963 1964 1965 1966 1967 1968 1969 1970 1971 1972 1973 1974 1975 1976 1977 1978 1979 1980 1983 1984 1985 1986 1987 1988 1989 1990 1991 1992 1993 1994 1995 1996 1997 1998 1999 2000 2001
us,1926,2025,nominal,start,30,100,3,71,0,71,100.0,16043.0,1780.0,
us,1926,2025,nominal,start,30,100,4,71,0,70,98.6,14148.0,0.0,1929
us,1926,2025,nominal,start,30,100,5,71,0,69,97.2,11120.0,0.0,1929 1930
us,1926,2025,nominal,start,30,100,6,71,0,67,94.4,9302.0,0.0,1928 1929 1930 1931
us,1926,2025,nominal,start,30,100,7,71,0,63,88.7,7128.0,0.0,1926 1927 1928 1929 1930 1931 1937 1966
us,1926,2025,nominal,start,30,100,8,71,0,55,77.5,4475.0,0.0,1926 1927 1928 1929 1930 1931 1936 1937 1962 1964 1965 1966 1967 1968 1969 1973
us,1926,2025,nominal,start,30,100,9,71,0,46,64.8,2500.0,0.0,1926 1927 1928 1929 1930 1931 1934 1936 1937 1956 1959 1960 1961 1962 1963 1964 1965 1966 1967 1968 1969 1970 1971 1972 1973
us,1926,2025,nominal,start,30,100,10,71,0,40,56.3,705.0,0.0,1926 1927 1928 1929 1930 1931 1934 1936 1937 1938 1939 1940 1956 1957 1959 1960 1961 1962 1963 1964 1965 1966 1967 1968 1969 1970 1971 1972 1973 1974 1996
us,1926,2025,nominal,start,30,100,11,71,0,30,42.3,0.0,0.0,1926 1927 1928 1929 1930 1931 1932 1934 1935 1936 1937 1938 1939 1940 1946 1955 1956 1957 1958 1959 1960 1961 1962 1963 1964 1965 1966 1967 1968 1969 1970 1971 1972 1973 1974 1987 1990 1992 1993 1994 1996
us,1926,2025,nominal,start,30,100,12,71,0,24,33.8,0.0,0.0,1926 1927 1928 1929 1930 1931 1932 1934 1935 1936 1937 1938 1939 1940 1941 1946 1955 1956 1957 1958 1959 1960 1961 1962 1963 1964 1965 1966 1967 1968 1969 1970 1971 1972 1973 1974 1976 1977 1987 1989 1990 1991 1992 1993 1994 1995 1996
us,1926,2025,nominal,start,30,75,3,71,0,71,100.0,10936.0,2763.0,
us,1926,2025,nominal,start,30,75,4,71,0,71,100.0,9334.0,750.0,
us,1926,2025,nominal,start,30,75,5,71,0,69,97.2,7736.0,0.0,1929 1930
us,1926,2025,nominal,start,30,75,6,71,0,68,95.8,5806.0,0.0,1928 1929 1930
us,1926,2025,nominal,start,30,75,7,71,0,64,90.1,4077.0,0.0,1927 1928 1929 1930 1931 1937 1966
us,1926,2025,nominal,start,30,75,8,71,0,50,70.4,2542.0,0.0,1926 1927 1928 1929 1930 1931 1936 1937 1956 1959 1960 1961 1962 1963 1964 1965 1966 1967 1968 1969 1973
us,1926,2025,nominal,start,30,75,9,71,0,41,57.7,1152.0,0.0,1926 1927 1928 1929 1930 1931 1934 1936 1937 1938 1939 1940 1955 1956 1957 1959 1960 1961 1962 1963 1964 1965 1966 1967 1968 1969 1970 1971 1972 1973
us,1926,2025,nominal,start,30,75,10,71,0,32,45.1,0.0,0.0,1926 1927 1928 1929 1930 1931 1932 1934 1935 1936 1937 1938 1939 1940 1946 1955 1956 1957 1958 1959 1960 1961 1962 1963 1964 1965 1966 1967 1968 1969 1970 1971 1972 1973 1974 1992 1993 1994 1996
us,1926,2025,nominal,start,30,75,11,71,0,19,26.8,0.0,0.0,1926 1927 1928 1929 1930 1931 1932 1933 1934 1935 1936 1937 1938 1939 1940 1941 1945 1946 1947 1951 1952 1953 1954 1955 1956 1957 1958 1959 1960 1961 1962 1963 1964 1965 1966 1967 1968 1969 1970 1971 1972 1973 1974 1976 1977 1987 1990 1992 1993 1994 1995 1996
us,1926,2025,nominal,start,30,75,12,71,0,12,16.9,0.0,0.0,1926 1927 1928 1929 1930 1931 1932 1933 1934 1935 1936 1937 1938 1939 1940 1941 1943 1944 1945 1946 1947 1948 1951 1952 1953 1954 1955 1956 1957 1958 1959 1960 1961 1962 1963 1964 1965 1966 1967 1968 1969 1970 1971 1972 1973 1974 1976 1977 1986 1987 1988 1989 1990 1991 1992 1993 1994 1995 1996
us,1926,2025,nominal,start,30,50,3,71,0,71,100.0,7107.0,2471.0,
us,1926,2025,nominal,start,30,50,4,71,0,71,100.0,5553.0,1231.0,
us,1926,2025,nominal,start,30,50,5,71,0,70,98.6,4084.0,0.0,1929
us,1926,2025,nominal,start,30,50,6,71,0,68,95.8,2837.0,0.0,1928 1929 1930
us,1926,2025,nominal,start,30,50,7,71,0,58,81.7,1696.0,0.0,1926 1927 1928 1929 1930 1931 1936 1937 1956 1962 1964 1965 1966
us,1926,2025,nominal,start,30,50,8,71,0,42,59.2,496.0,0.0,1926 1927 1928 1929 1930 1931 1934 1936 1937 1938 1939 1940 1946 1955 1956 1957 1958 1959 1960 1961 1962 1963 1964 1965 1966 1967 1968 1969 1973
us,1926,2025,nominal,start,30,50,9,71,0,27,38.0,0.0,0.0,1926 1927 1928 1929 1930 1931 1932 1933 1934 1935 1936 1937 1938 1939 1940 1941 1944 1945 1946 1947 1951 1952 1953 1954 1955 1956 1957 1958 1959 1960 1961 1962 1963 1964 1965 1966 1967 1968 1969 1970 1971 1972 1973 1996
us,1926,2025,nominal,start,30,50,10,71,0,15,21.1,0.0,0.0,1926 1927 1928 1929 1930 1931 1932 1933 1934 1935 1936 1937 1938 1939 1940 1941 1942 1943 1944 1945 1946 1947 1948 1949 1950 1951 1952 1953 1954 1955 1956 1957 1958 1959 1960 1961 1962 1963 1964 1965 1966 1967 1968 1969 1970 1971 1972 1973 1974 1977 1987 1990 1992 1993 1994 1996
us,1926,2025,nominal,start,30,50,11,71,0,9,12.7,0.0,0.0,1926 1927 1928 1929 1930 1931 1932 1933 1934 1935 1936 1937 1938 1939 1940 1941 1942 1943 1944 1945 1946 1947 1948 1949 1950 1951 1952 1953 1954 1955 1956 1957 1958 1959 1960 1961 1962 1963 1964 1965 1966 1967 1968 1969 1970 1971 1972 1973 1974 1976 1977 1986 1987 1988 1989 1990 1991 1992 1993 1994 1995 1996
us,1926,2025,nominal,start,30,50,12,71,0,6,8.5,0.0,0.0,1926 1927 1928 1929 1930 1931 1932 1933 1934 1935 1936 1937 1938 1939 1940 1941 1942 1943 1944 1945 1946 1947 1948 1949 1950 1951 1952 1953 1954 1955 1956 1957 1958 1959 1960 1961 1962 1963 1964 1965 1966 1967 1968 1969 1970 1971 1972 1973 1974 1975 1976 1977 1978 1979 1986 1987 1988 1989 1990 1991 1992 1993 1994 1995 1996
us,1926,2025,nominal,start,30,25,3,71,0,71,100.0,4381.0,1697.0,
us,1926,2025,nominal,start,30,25,4,71,0,71,100.0,3128.0,963.0,
us,1926,2025,nominal,start,30,25,5,71,0,71,100.0,2039.0,230.0,
us,1926,2025,nominal,start,30,25,6,71,0,63,88.7,739.0,0.0,1928 1929 1930 1931 1936 1937 1939 1956
us,1926,2025,nominal,start,30,25,7,71,0,29,40.8,0.0,0.0,1926 1927 1928 1929 1930 1931 1932 1933 1934 1935 1936 1937 1938 1939 1940 1941 1942 1943 1944 1945 1946 1947 1948 1949 1950 1951 1952 1953 1954 1955 1956 1957 1958 1959 1960 1961 1962 1963 1964 1965 1966 1967
us,1926,2025,nominal,start,30,25,8,71,0,23,32.4,0.0,0.0,1926 1927 1928 1929 1930 1931 1932 1933 1934 1935 1936 1937 1938 1939 1940 1941 1942 1943 1944 1945 1946 1947 1948 1949 1950 1951 1952 1953 1954 1955 1956 1957 1958 1959 1960 1961 1962 1963 1964 1965 1966 1967 1968 1969 1971 1972 1973 1996
us,1926,2025,nominal,start,30,25,9,71,0,17,23.9,0.0,0.0,1926 1927 1928 1929 1930 1931 1932 1933 1934 1935 1936 1937 1938 1939 1940 1941 1942 1943 1944 1945 1946 1947 1948 1949 1950 1951 1952 1953 1954 1955 1956 1957 1958 1959 1960 1961 1962 1963 1964 1965 1966 1967 1968 1969 1970 1971 1972 1973 1974 1987 1992 1993 1994 1996
us,1926,2025,nominal,start,30,25,10,71,0,9,12.7,0.0,0.0,1926 1927 1928 1929 1930 1931 1932 1933 1934 1935 1936 1937 1938 1939 1940 1941 1942 1943 1944 1945 1946 1947 1948 1949 1950 1951 1952 1953 1954 1955 1956 1957 1958 1959 1960 1961 1962 1963 1964 1965 1966 1967 1968 1969 1970 1971 1972 1973 1974 1975 1976 1977 1987 1988 1989 1990 1991 1992 1993 1994 1995 1996
us,1926,2025,nominal,start,30,25,11,71,0,6,8.5,0.0,0.0,1926 1927 1928 1929 1930 1931 1932 1933 1934 1935 1936 1937 1938 1939 1940 1941 1942 1943 1944 1945 1946 1947 1948 1949 1950 1951 1952 1953 1954 1955 1956 1957 1958 1959 1960 1961 1962 1963 1964 1965 1966 1967 1968 1969 1970 1971 1972 1973 1974 1975 1976 1977 1978 1979 1986 1987 1988 1989 1990 1991 1992 1993 1994 1995 1996
us,1926,2025,nominal,start,30,25,12,71,0,2,2.8,0.0,0.0,1926 1927 1928 1929 1930 1931 1932 1933 1934 1935 1936 1937 1938 1939 1940 1941 1942 1943 1944 1945 1946 1947 1948 1949 1950 1951 1952 1953 1954 1955 1956 1957 1958 1959 1960 1961 1962 1963 1964 1965 1966 1967 1968 1969 1970 1971 1972 1973 1974 1975 1976 1977 1978 1979 1980 1983 1984 1985 1986 1987 1988 1989 1990 1991 1992 1993 1994 1995 1996
us,1926,2025,nominal,start,30,0,3,71,0,71,100.0,2351.0,568.0,
us,1926,2025,nominal,start,30,0,4,71,0,71,100.0,1798.0,153.0,
us,1926,2025,nominal,start,30,0,5,71,0,47,66.2,811.0,0.0,1933 1934 1935 1936 1937 1938 1939 1940 1941 1942 1943 1944 1945 1946 1947 1948 1949 1950 1951 1952 1953 1954 1955 1956
us,1926,2025,nominal,start,30,0,6,71,0,32,45.1,0.0,0.0,1926 1927 1928 1929 1930 1931 1932 1933 1934 1935 1936 1937 1938 1939 1940 1941 1942 1943 1944 1945 1946 1947 1948 1949 1950 1951 1952 1953 1954 1955 1956 1957 1958 1959 1960 1961 1962 1963 1964
us,1926,2025,nominal,start,30,0,7,71,0,26,36.6,0.0,0.0,1926 1927 1928 1929 1930 1931 1932 1933 1934 1935 1936 1937 1938 1939 1940 1941 1942 1943 1944 1945 1946 1947 1948 1949 1950 1951 1952 1953 1954 1955 1956 1957 1958 1959 1960 1961 1962 1963 1964 1965 1966 1967 1968 1994 1996
us,1926,2025,nominal,start,30,0,8,71,0,18,25.4,0.0,0.0,1926 1927 1928 1929 1930 1931 1932 1933 1934 1935 1936 1937 1938 1939 1940 1941 1942 1943 1944 1945 1946 1947 1948 1949 1950 1951 1952 1953 1954 1955 1956 1957 1958 1959 1960 1961 1962 1963 1964 1965 1966 1967 1968 1969 1971 1972 1973 1987 1992 1993 1994 1995 1996
us,1926,2025,nominal,start,30,0,9,71,0,8,11.3,0.0,0.0,1926 1927 1928 1929 1930 1931 1932 1933 1934 1935 1936 1937 1938 1939 1940 1941 1942 1943 1944 1945 1946 1947 1948 1949 1950 1951 1952 1953 1954 1955 1956 1957 1958 1959 1960 1961 1962 1963 1964 1965 1966 1967 1968 1969 1970 1971 1972 1973 1974 1975 1976 1977 1978 1987 1988 1989 1990 1991 1992 1993 1994 1995 1996
us,1926,2025,nominal,start,30,0,10,71,0,6,8.5,0.0,0.0,1926 1927 1928 1929 1930 1931 1932 1933 1934 1935 1936 1937 1938 1939 1940 1941 1942 1943 1944 1945 1946 1947 1948 1949 1950 1951 1952 1953 1954 1955 1956 1957 1958 1959 1960 1961 1962 1963 1964 1965 1966 1967 1968 1969 1970 1971 1972 1973 1974 1975 1976 1977 1978 1979 1986 1987 1988 1989 1990 1991 1992 1993 1994 1995 1996
us,1926,2025,nominal,start,30,0,11,71,0,2,2.8,0.0,0.0,1926 1927 1928 1929 1930 1931 1932 1933 1934 1935 1936 1937 1938 1939 1940 1941 1942 1943 1944 1945 1946 1947 1948 1949 1950 1951 1952 1953 1954 1955 1956 1957 1958 1959 1960 1961 1962 1963 1964 1965 1966 1967 1968 1969 1970 1971 1972 1973 1974 1975 1976 1977 1978 1979 1980 1983 1984 1985 1986 1987 1988 1989 1990 1991 1992 1993 1994 1995 1996
us,1926,2025,nominal,start,30,0,12,71,0,1,1.4,0.0,0.0,1926 1927 1928 1929 1930 1931 1932 1933 1934 1935 1936 1937 1938 1939 1940 1941 1942 1943 1944 1945 1946 1947 1948 1949 1950 1951 1952 1953 1954 1955 1956 1957 1958 1959 1960 1961 1962 1963 1964 1965 1966 1967 1968 1969 1970 1971 1972 1973 1974 1975 1976 1977 1978 1979 1980 1981 1983 1984 1985 1986 1987 1988 1989 1990 1991 1992 1993 1994 1995 1996
us,1926,2025,nominal,start,35,100,3,66,0,66,100.0,26865.0,2664.0,
us,1926,2025,nominal,start,35,100,4,66,0,65,98.5,23371.0,0.0,1929
us,1926,2025,nominal,start,35,100,5,66,0,63,95.5,19275.0,0.0,1928 1929 1930
us,1926,2025,nominal,start,35,100,6,66,0,62,93.9,15761.0,0.0,1928 1929 1930 1931
us,1926,2025,nominal,start,35,100,7,66,0,58,87.9,12148.0,0.0,1926 1927 1928 1929 1930 1931 1937 1966
us,1926,2025,nominal,start,35,100,8,66,0,50,75.8,8376.0,0.0,1926 1927 1928 1929 1930 1931 1936 1937 1962 1964 1965 1966 1967 1968 1969 1973
us,1926,2025,nominal,start,35,100,9,66,0,40,60.6,4725.0,0.0,1926 1927 1928 1929 1930 1931 1934 1936 1937 1956 1957 1959 1960 1961 1962 1963 1964 1965 1966 1967 1968 1969 1970 1971 1972 1973
us,1926,2025,nominal,start,35,100,10,66,0,36,54.5,1132.0,0.0,1926 1927 1928 1929 1930 1931 1934 1936 1937 1938 1939 1940 1956 1957 1959 1960 1961 1962 1963 1964 1965 1966 1967 1968 1969 1970 1971 1972 1973 1974
us,1926,2025,nominal,start,35,100,11,66,0,28,42.4,0.0,0.0,1926 1927 1928 1929 1930 1931 1932 1934 1935 1936 1937 1938 1939 1940 1946 1955 1956 1957 1958 1959 1960 1961 1962 1963 1964 1965 1966 1967 1968 1969 1970 1971 1972 1973 1974 1976 1987 1990
us,1926,2025,nominal,start,35,100,12,66,0,21,31.8,0.0,0.0,1926 1927 1928 1929 1930 1931 1932 1934 1935 1936 1937 1938 1939 1940 1941 1946 1952 1953 1955 1956 1957 1958 1959 1960 1961 1962 1963 1964 1965 1966 1967 1968 1969 1970 1971 1972 1973 1974 1976 1977 1987 1988 1989 1990 1991
us,1926,2025,nominal,start,35,75,3,66,0,66,100.0,18794.0,3977.0,
us,1926,2025,nominal,start,35,75,4,66,0,66,100.0,15873.0,869.0,
us,1926,2025,nominal,start,35,75,5,66,0,64,97.0,12725.0,0.0,1929 1930
us,1926,2025,nominal,start,35,75,6,66,0,62,93.9,9126.0,0.0,1928 1929 1930 1931
us,1926,2025,nominal,start,35,75,7,66,0,57,86.4,6404.0,0.0,1926 1927 1928 1929 1930 1931 1937 1965 1966
us,1926,2025,nominal,start,35,75,8,66,0,44,66.7,3730.0,0.0,1926 1927 1928 1929 1930 1931 1936 1937 1956 1957 1959 1960 1961 1962 1963 1964 1965 1966 1967 1968 1969 1973
us,1926,2025,nominal,start,35,75,9,66,0,34,51.5,930.0,0.0,1926 1927 1928 1929 1930 1931 1934 1936 1937 1938 1939 1940 1946 1955 1956 1957 1958 1959 1960 1961 1962 1963 1964 1965 1966 1967 1968 1969 1970 1971 1972 1973
us,1926,2025,nominal,start,35,75,10,66,0,27,40.9,0.0,0.0,1926 1927 1928 1929 1930 1931 1932 1934 1935 1936 1937 1938 1939 1940 1941 1946 1952 1953 1955 1956 1957 1958 1959 1960 1961 1962 1963 1964 1965 1966 1967 1968 1969 1970 1971 1972 1973 1974 1987
us,1926,2025,nominal,start,35,75,11,66,0,16,24.2,0.0,0.0,1926 1927 1928 1929 1930 1931 1932 1933 1934 1935 1936 1937 1938 1939 1940 1941 1944 1945 1946 1947 1951 1952 1953 1954 1955 1956 1957 1958 1959 1960 1961 1962 1963 1964 1965 1966 1967 1968 1969 1970 1971 1972 1973 1974 1976 1977 1987 1989 1990 1991
us,1926,2025,nominal,start,35,75,12,66,0,9,13.6,0.0,0.0,1926 1927 1928 1929 1930 1931 1932 1933 1934 1935 1936 1937 1938 1939 1940 1941 1942 1943 1944 1945 1946 1947 1948 1949 1950 1951 1952 1953 1954 1955 1956 1957 1958 1959 1960 1961 1962 1963 1964 1965 1966 1967 1968 1969 1970 1971 1972 1973 1974 1976 1977 1986 1987 1988 1989 1990 1991
us,1926,2025,nominal,start,35,50,3,66,0,66,100.0,11589.0,3295.0,
us,1926,2025,nominal,start,35,50,4,66,0,66,100.0,9512.0,1484.0,
us,1926,2025,nominal,start,35,50,5,66,0,65,98.5,6745.0,0.0,1929
us,1926,2025,nominal,start,35,50,6,66,0,61,92.4,4306.0,0.0,1928 1929 1930 1931 1937
us,1926,2025,nominal,start,35,50,7,66,0,50,75.8,1947.0,0.0,1926 1927 1928 1929 1930 1931 1936 1937 1939 1956 1959 1961 1962 1964 1965 1966
us,1926,2025,nominal,start,35,50,8,66,0,32,48.5,0.0,0.0,1926 1927 1928 1929 1930 1931 1934 1935 1936 1937 1938 1939 1940 1941 1946 1952 1953 1955 1956 1957 1958 1959 1960 1961 1962 1963 1964 1965 1966 1967 1968 1969 1972 1973
us,1926,2025,nominal,start,35,50,9,66,0,19,28.8,0.0,0.0,1926 1927 1928 1929 1930 1931 1932 1933 1934 1935 1936 1937 1938 1939 1940 1941 1943 1944 1945 1946 1947 1948 1949 1950 1951 1952 1953 1954 1955 1956 1957 1958 1959 1960 1961 1962 1963 1964 1965 1966 1967 1968 1969 1970 1971 1972 1973
us,1926,2025,nominal,start,35,50,10,66,0,13,19.7,0.0,0.0,1926 1927 1928 1929 1930 1931 1932 1933 1934 1935 1936 1937 1938 1939 1940 1941 1942 1943 1944 1945 1946 1947 1948 1949 1950 1951 1952 1953 1954 1955 1956 1957 1958 1959 1960 1961 1962 1963 1964 1965 1966 1967 1968 1969 1970 1971 1972 1973 1974 1976 1977 1987 1990
us,1926,2025,nominal,start,35,50,11,66,0,8,12.1,0.0,0.0,1926 1927 1928 1929 1930 1931 1932 1933 1934 1935 1936 1937 1938 1939 1940 1941 1942 1943 1944 1945 1946 1947 1948 1949 1950 1951 1952 1953 1954 1955 1956 1957 1958 1959 1960 1961 1962 1963 1964 1965 1966 1967 1968 1969 1970 1971 1972 1973 1974 1975 1976 1977 1986 1987 1988 1989 1990 1991
us,1926,2025,nominal,start,35,50,12,66,0,1,1.5,0.0,0.0,1926 1927 1928 1929 1930 1931 1932 1933 1934 1935 1936 1937 1938 1939 1940 1941 1942 1943 1944 1945 1946 1947 1948 1949 1950 1951 1952 1953 1954 1955 1956 1957 1958 1959 1960 1961 1962 1963 1964 1965 1966 1967 1968 1969 1970 1971 1972 1973 1974 1975 1976 1977 1978 1979 1980 1981 1983 1984 1985 1986 1987 1988 1989 1990 1991
us,1926,2025,nominal,start,35,25,3,66,0,66,100.0,6938.0,2042.0,
us,1926,2025,nominal,start,35,25,4,66,0,66,100.0,5318.0,1023.0,
us,1926,2025,nominal,start,35,25,5,66,0,66,100.0,2862.0,4.0,
us,1926,2025,nominal,start,35,25,6,66,0,50,75.8,519.0,0.0,1926 1927 1928 1929 1930 1931 1934 1936 1937 1938 1939 1940 1941 1946 1955 1956
us,1926,2025,nominal,start,35,25,7,66,0,24,36.4,0.0,0.0,1926 1927 1928 1929 1930 1931 1932 1933 1934 1935 1936 1937 1938 1939 1940 1941 1942 1943 1944 1945 1946 1947 1948 1949 1950 1951 1952 1953 1954 1955 1956 1957 1958 1959 1960 1961 1962 1963 1964 1965 1966 1967
us,1926,2025,nominal,start,35,25,8,66,0,19,28.8,0.0,0.0,1926 1927 1928 1929 1930 1931 1932 1933 1934 1935 1936 1937 1938 1939 1940 1941 1942 1943 1944 1945 1946 1947 1948 1949 1950 1951 1952 1953 1954 1955 1956 1957 1958 1959 1960 1961 1962 1963 1964 1965 1966 1967 1968 1969 1971 1972 1973
us,1926,2025,nominal,start,35,25,9,66,0,13,19.7,0.0,0.0,1926 1927 1928 1929 1930 1931 1932 1933 1934 1935 1936 1937 1938 1939 1940 1941 1942 1943 1944 1945 1946 1947 1948 1949 1950 1951 1952 1953 1954 1955 1956 1957 1958 1959 1960 1961 1962 1963 1964 1965 1966 1967 1968 1969 1970 1971 1972 1973 1974 1977 1987 1990 1991
us,1926,2025,nominal,start,35,25,10,66,0,7,10.6,0.0,0.0,1926 1927 1928 1929 1930 1931 1932 1933 1934 1935 1936 1937 1938 1939 1940 1941 1942 1943 1944 1945 1946 1947 1948 1949 1950 1951 1952 1953 1954 1955 1956 1957 1958 1959 1960 1961 1962 1963 1964 1965 1966 1967 1968 1969 1970 1971 1972 1973 1974 1975 1976 1977 1978 1986 1987 1988 1989 1990 1991
us,1926,2025,nominal,start,35,25,11,66,0,5,7.6,0.0,0.0,1926 1927 1928 1929 1930 1931 1932 1933 1934 1935 1936 1937 1938 1939 1940 1941 1942 1943 1944 1945 1946 1947 1948 1949 1950 1951 1952 1953 1954 1955 1956 1957 1958 1959 1960 1961 1962 1963 1964 1965 1966 1967 1968 1969 1970 1971 1972 1973 1974 1975 1976 1977 1978 1979 1983 1986 1987 1988 1989 1990 1991
us,1926,2025,nominal,start,35,25,12,66,0,1,1.5,0.0,0.0,1926 1927 1928 1929 1930 1931 1932 1933 1934 1935 1936 1937 1938 1939 1940 1941 1942 1943 1944 1945 1946 1947 1948 1949 1950 1951 1952 1953 1954 1955 1956 1957 1958 1959 1960 1961 1962 1963 1964 1965 1966 1967 1968 1969 1970 1971 1972 1973 1974 1975 1976 1977 1978 1979 1980 1981 1983 1984 1985 1986 1987 1988 1989 1990 1991
us,1926,2025,nominal,start,35,0,3,66,0,66,100.0,3634.0,610.0,
us,1926,2025,nominal,start,35,0,4,66,0,65,98.5,2289.0,0.0,1941
us,1926,2025,nominal,start,35,0,5,66,0,34,51.5,495.0,0.0,1926 1927 1928 1929 1930 1931 1932 1933 1934 1935 1936 1937 1938 1939 1940 1941 1942 1943 1944 1945 1946 1947 1948 1949 1950 1951 1952 1953 1954 1955 1956 1958
us,1926,2025,nominal,start,35,0,6,66,0,26,39.4,0.0,0.0,1926 1927 1928 1929 1930 1931 1932 1933 1934 1935 1936 1937 1938 1939 1940 1941 1942 1943 1944 1945 1946 1947 1948 1949 1950 1951 1952 1953 1954 1955 1956 1957 1958 1959 1960 1961 1962 1963 1964 1965
us,1926,2025,nominal,start,35,0,7,66,0,23,34.8,0.0,0.0,1926 1927 1928 1929 1930 1931 1932 1933 1934 1935 1936 1937 1938 1939 1940 1941 1942 1943 1944 1945 1946 1947 1948 1949 1950 1951 1952 1953 1954 1955 1956 1957 1958 1959 1960 1961 1962 1963 1964 1965 1966 1967 1968
us,1926,2025,nominal,start,35,0,8,66,0,15,22.7,0.0,0.0,1926 1927 1928 1929 1930 1931 1932 1933 1934 1935 1936 1937 1938 1939 1940 1941 1942 1943 1944 1945 1946 1947 1948 1949 1950 1951 1952 1953 1954 1955 1956 1957 1958 1959 1960 1961 1962 1963 1964 1965 1966 1967 1968 1969 1971 1972 1973 1974 1987 1990 1991
us,1926,2025,nominal,start,35,0,9,66,0,7,10.6,0.0,0.0,1926 1927 1928 1929 1930 1931 1932 1933 1934 1935 1936 1937 1938 1939 1940 1941 1942 1943 1944 1945 1946 1947 1948 1949 1950 1951 1952 1953 1954 1955 1956 1957 1958 1959 1960 1961 1962 1963 1964 1965 1966 1967 1968 1969 1970 1971 1972 1973 1974 1975 1976 1977 1978 1986 1987 1988 1989 1990 1991
us,1926,2025,nominal,start,35,0,10,66,0,4,6.1,0.0,0.0,1926 1927 1928 1929 1930 1931 1932 1933 1934 1935 1936 1937 1938 1939 1940 1941 1942 1943 1944 1945 1946 1947 1948 1949 1950 1951 1952 1953 1954 1955 1956 1957 1958 1959 1960 1961 1962 1963 1964 1965 1966 1967 1968 1969 1970 1971 1972 1973 1974 1975 1976 1977 1978 1979 1983 1985 1986 1987 1988 1989 1990 1991
us,1926,2025,nominal,start,35,0,11,66,0,2,3.0,0.0,0.0,1926 1927 1928 1929 1930 1931 1932 1933 1934 1935 1936 1937 1938 1939 1940 1941 1942 1943 1944 1945 1946 1947 1948 1949 1950 1951 1952 1953 1954 1955 1956 1957 1958 1959 1960 1961 1962 1963 1964 1965 1966 1967 1968 1969 1970 1971 1972 1973 1974 1975 1976 1977 1978 1979 1980 1983 1984 1985 1986 1987 1988 1989 1990 1991
us,1926,2025,nominal,start,35,0,12,66,0,1,1.5,0.0,0.0,1926 1927 1928 1929 1930 1931 1932 1933 1934 1935 1936 1937 1938 1939 1940 1941 1942 1943 1944 1945 1946 1947 1948 1949 1950 1951 1952 1953 1954 1955 1956 1957 1958 1959 1960 1961 1962 1963 1964 1965 1966 1967 1968 1969 1970 1971 1972 1973 1974 1975 1976 1977 1978 1979 1980 1981 1983 1984 1985 1986 1987 1988 1989 1990 1991
us,1926,2025,nominal,start,40,100,3,61,0,61,100.0,46773.0,3952.0,
us,1926,2025,nominal,start,40,100,4,61,0,59,96.7,39278.0,0.0,1929 1930
us,1926,2025,nominal,start,40,100,5,61,0,58,95.1,33524.0,0.0,1928 1929 1930
us,1926,2025,nominal,start,40,100,6,61,0,57,93.4,23828.0,0.0,1928 1929 1930 1931
us,1926,2025,nominal,start,40,100,7,61,0,53,86.9,15933.0,0.0,1926 1927 1928 1929 1930 1931 1937 1966
us,1926,2025,nominal,start,40,100,8,61,0,44,72.1,10638.0,0.0,1926 1927 1928 1929 1930 1931 1936 1937 1962 1964 1965 1966 1967 1968 1969 1972 1973
us,1926,2025,nominal,start,40,100,9,61,0,34,55.7,5442.0,0.0,1926 1927 1928 1929 1930 1931 1934 1936 1937 1939 1956 1957 1959 1960 1961 1962 1963 1964 1965 1966 1967 1968 1969 1970 1971 1972 1973
us,1926,2025,nominal,start,40,100,10,61,0,29,47.5,0.0,0.0,1926 1927 1928 1929 1930 1931 1934 1936 1937 1938 1939 1940 1946 1955 1956 1957 1959 1960 1961 1962 1963 1964 1965 1966 1967 1968 1969 1970 1971 1972 1973 1974
us,1926,2025,nominal,start,40,100,11,61,0,24,39.3,0.0,0.0,1926 1927 1928 1929 1930 1931 1932 1934 1935 1936 1937 1938 1939 1940 1946 1955 1956 1957 1958 1959 1960 1961 1962 1963 1964 1965 1966 1967 1968 1969 1970 1971 1972 1973 1974 1976 1977
us,1926,2025,nominal,start,40,100,12,61,0,19,31.1,0.0,0.0,1926 1927 1928 1929 1930 1931 1932 1934 1935 1936 1937 1938 1939 1940 1941 1946 1952 1953 1955 1956 1957 1958 1959 1960 1961 1962 1963 1964 1965 1966 1967 1968 1969 1970 1971 1972 1973 1974 1976 1977 1981 1986
us,1926,2025,nominal,start,40,75,3,61,0,61,100.0,28559.0,5529.0,
us,1926,2025,nominal,start,40,75,4,61,0,61,100.0,24137.0,1002.0,
us,1926,2025,nominal,start,40,75,5,61,0,59,96.7,18922.0,0.0,1929 1930
us,1926,2025,nominal,start,40,75,6,61,0,57,93.4,13064.0,0.0,1928 1929 1930 1931
us,1926,2025,nominal,start,40,75,7,61,0,52,85.2,7159.0,0.0,1926 1927 1928 1929 1930 1931 1937 1965 1966
us,1926,2025,nominal,start,40,75,8,61,0,37,60.7,2646.0,0.0,1926 1927 1928 1929 1930 1931 1936 1937 1939 1956 1957 1959 1960 1961 1962 1963 1964 1965 1966 1967 1968 1969 1972 1973
us,1926,2025,nominal,start,40,75,9,61,0,29,47.5,0.0,0.0,1926 1927 1928 1929 1930 1931 1934 1936 1937 1938 1939 1940 1946 1955 1956 1957 1958 1959 1960 1961 1962 1963 1964 1965 1966 1967 1968 1969 1970 1971 1972 1973
us,1926,2025,nominal,start,40,75,10,61,0,23,37.7,0.0,0.0,1926 1927 1928 1929 1930 1931 1932 1934 1935 1936 1937 1938 1939 1940 1941 1946 1952 1953 1955 1956 1957 1958 1959 1960 1961 1962 1963 1964 1965 1966 1967 1968 1969 1970 1971 1972 1973 1974
us,1926,2025,nominal,start,40,75,11,61,0,15,24.6,0.0,0.0,1926 1927 1928 1929 1930 1931 1932 1933 1934 1935 1936 1937 1938 1939 1940 1941 1944 1945 1946 1947 1951 1952 1953 1954 1955 1956 1957 1958 1959 1960 1961 1962 1963 1964 1965 1966 1967 1968 1969 1970 1971 1972 1973 1974 1976 1977
us,1926,2025,nominal,start,40,75,12,61,0,7,11.5,0.0,0.0,1926 1927 1928 1929 1930 1931 1932 1933 1934 1935 1936 1937 1938 1939 1940 1941 1942 1943 1944 1945 1946 1947 1948 1949 1950 1951 1952 1953 1954 1955 1956 1957 1958 1959 1960 1961 1962 1963 1964 1965 1966 1967 1968 1969 1970 1971 1972 1973 1974 1975 1976 1977 1981 1986
us,1926,2025,nominal,start,40,50,3,61,0,61,100.0,19824.0,4174.0,
us,1926,2025,nominal,start,40,50,4,61,0,61,100.0,14913.0,1725.0,
us,1926,2025,nominal,start,40,50,5,61,0,59,96.7,11083.0,0.0,1929 1930
us,1926,2025,nominal,start,40,50,6,61,0,56,91.8,5888.0,0.0,1928 1929 1930 1931 1937
us,1926,2025,nominal,start,40,50,7,61,0,43,70.5,2204.0,0.0,1926 1927 1928 1929 1930 1931 1936 1937 1939 1940 1956 1957 1959 1961 1962 1964 1965 1966
us,1926,2025,nominal,start,40,50,8,61,0,25,41.0,0.0,0.0,1926 1927 1928 1929 1930 1931 1932 1934 1935 1936 1937 1938 1939 1940 1941 1945 1946 1952 1953 1955 1956 1957 1958 1959 1960 1961 1962 1963 1964 1965 1966 1967 1968 1969 1972 1973
us,1926,2025,nominal,start,40,50,9,61,0,12,19.7,0.0,0.0,1926 1927 1928 1929 1930 1931 1932 1933 1934 1935 1936 1937 1938 1939 1940 1941 1942 1943 1944 1945 1946 1947 1948 1949 1950 1951 1952 1953 1954 1955 1956 1957 1958 1959 1960 1961 1962 1963 1964 1965 1966 1967 1968 1969 1970 1971 1972 1973 1974
us,1926,2025,nominal,start,40,50,10,61,0,10,16.4,0.0,0.0,1926 1927 1928 1929 1930 1931 1932 1933 1934 1935 1936 1937 1938 1939 1940 1941 1942 1943 1944 1945 1946 1947 1948 1949 1950 1951 1952 1953 1954 1955 1956 1957 1958 1959 1960 1961 1962 1963 1964 1965 1966 1967 1968 1969 1970 1971 1972 1973 1974 1976 1977
us,1926,2025,nominal,start,40,50,11,61,0,7,11.5,0.0,0.0,1926 1927 1928 1929 1930 1931 1932 1933 1934 1935 1936 1937 1938 1939 1940 1941 1942 1943 1944 1945 1946 1947 1948 1949 1950 1951 1952 1953 1954 1955 1956 1957 1958 1959 1960 1961 1962 1963 1964 1965 1966 1967 1968 1969 1970 1971 1972 1973 1974 1975 1976 1977 1978 1986
us,1926,2025,nominal,start,40,50,12,61,0,1,1.6,0.0,0.0,1926 1927 1928 1929 1930 1931 1932 1933 1934 1935 1936 1937 1938 1939 1940 1941 1942 1943 1944 1945 1946 1947 1948 1949 1950 1951 1952 1953 1954 1955 1956 1957 1958 1959 1960 1961 1962 1963 1964 1965 1966 1967 1968 1969 1970 1971 1972 1973 1974 1975 1976 1977 1978 1979 1980 1981 1983 1984 1985 1986
us,1926,2025,nominal,start,40,25,3,61,0,61,100.0,10647.0,2166.0,
us,1926,2025,nominal,start,40,25,4,61,0,61,100.0,7213.0,1011.0,
us,1926,2025,nominal,start,40,25,5,61,0,58,95.1,3517.0,0.0,1929 1930 1937
us,1926,2025,nominal,start,40,25,6,61,0,39,63.9,344.0,0.0,1926 1927 1928 1929 1930 1931 1934 1935 1936 1937 1938 1939 1940 1941 1944 1945 1946 1947 1952 1955 1956 1957
us,1926,2025,nominal,start,40,25,7,61,0,18,29.5,0.0,0.0,1926 1927 1928 1929 1930 1931 1932 1933 1934 1935 1936 1937 1938 1939 1940 1941 1942 1943 1944 1945 1946 1947 1948 1949 1950 1951 1952 1953 1954 1955 1956 1957 1958 1959 1960 1961 1962 1963 1964 1965 1966 1967 1968
us,1926,2025,nominal,start,40,25,8,61,0,14,23.0,0.0,0.0,1926 1927 1928 1929 1930 1931 1932 1933 1934 1935 1936 1937 1938 1939 1940 1941 1942 1943 1944 1945 1946 1947 1948 1949 1950 1951 1952 1953 1954 1955 1956 1957 1958 1959 1960 1961 1962 1963 1964 1965 1966 1967 1968 1969 1971 1972 1973
us,1926,2025,nominal,start,40,25,9,61,0,11,18.0,0.0,0.0,1926 1927 1928 1929 1930 1931 1932 1933 1934 1935 1936 1937 1938 1939 1940 1941 1942 1943 1944 1945 1946 1947 1948 1949 1950 1951 1952 1953 1954 1955 1956 1957 1958 1959 1960 1961 1962 1963 1964 1965 1966 1967 1968 1969 1970 1971 1972 1973 1974 1977
us,1926,2025,nominal,start,40,25,10,61,0,7,11.5,0.0,0.0,1926 1927 1928 1929 1930 1931 1932 1933 1934 1935 1936 1937 1938 1939 1940 1941 1942 1943 1944 1945 1946 1947 1948 1949 1950 1951 1952 1953 1954 1955 1956 1957 1958 1959 1960 1961 1962 1963 1964 1965 1966 1967 1968 1969 1970 1971 1972 1973 1974 1975 1976 1977 1978 1986
us,1926,2025,nominal,start,40,25,11,61,0,2,3.3,0.0,0.0,1926 1927 1928 1929 1930 1931 1932 1933 1934 1935 1936 1937 1938 1939 1940 1941 1942 1943 1944 1945 1946 1947 1948 1949 1950 1951 1952 1953 1954 1955 1956 1957 1958 1959 1960 1961 1962 1963 1964 1965 1966 1967 1968 1969 1970 1971 1972 1973 1974 1975 1976 1977 1978 1979 1980 1983 1984 1985 1986
us,1926,2025,nominal,start,40,25,12,61,0,1,1.6,0.0,0.0,1926 1927 1928 1929 1930 1931 1932 1933 1934 1935 1936 1937 1938 1939 1940 1941 1942 1943 1944 1945 1946 1947 1948 1949 1950 1951 1952 1953 1954 1955 1956 1957 1958 1959 1960 1961 1962 1963 1964 1965 1966 1967 1968 1969 1970 1971 1972 1973 1974 1975 1976 1977 1978 1979 1980 1981 1983 1984 1985 1986
us,1926,2025,nominal,start,40,0,3,61,0,61,100.0,4736.0,544.0,
us,1926,2025,nominal,start,40,0,4,61,0,48,78.7,1873.0,0.0,1935 1936 1937 1938 1939 1940 1941 1942 1943 1944 1945 1946 1947
us,1926,2025,nominal,start,40,0,5,61,0,28,45.9,0.0,0.0,1926 1927 1928 1929 1930 1931 1932 1933 1934 1935 1936 1937 1938 1939 1940 1941 1942 1943 1944 1945 1946 1947 1948 1949 1950 1951 1952 1953 1954 1955 1956 1957 1958
us,1926,2025,nominal,start,40,0,6,61,0,21,34.4,0.0,0.0,1926 1927 1928 1929 1930 1931 1932 1933 1934 1935 1936 1937 1938 1939 1940 1941 1942 1943 1944 1945 1946 1947 1948 1949 1950 1951 1952 1953 1954 1955 1956 1957 1958 1959 1960 1961 1962 1963 1964 1965
us,1926,2025,nominal,start,40,0,7,61,0,17,27.9,0.0,0.0,1926 1927 1928 1929 1930 1931 1932 1933 1934 1935 1936 1937 1938 1939 1940 1941 1942 1943 1944 1945 1946 1947 1948 1949 1950 1951 1952 1953 1954 1955 1956 1957 1958 1959 1960 1961 1962 1963 1964 1965 1966 1967 1968 1969
us,1926,2025,nominal,start,40,0,8,61,0,11,18.0,0.0,0.0,1926 1927 1928 1929 1930 1931 1932 1933 1934 1935 1936 1937 1938 1939 1940 1941 1942 1943 1944 1945 1946 1947 1948 1949 1950 1951 1952 1953 1954 1955 1956 1957 1958 1959 1960 1961 1962 1963 1964 1965 1966 1967 1968 1969 1970 1971 1972 1973 1974 1977
us,1926,2025,nominal,start,40,0,9,61,0,7,11.5,0.0,0.0,1926 1927 1928 1929 1930 1931 1932 1933 1934 1935 1936 1937 1938 1939 1940 1941 1942 1943 1944 1945 1946 1947 1948 1949 1950 1951 1952 1953 1954 1955 1956 1957 1958 1959 1960 1961 1962 1963 1964 1965 1966 1967 1968 1969 1970 1971 1972 1973 1974 1975 1976 1977 1978 1986
us,1926,2025,nominal,start,40,0,10,61,0,3,4.9,0.0,0.0,1926 1927 1928 1929 1930 1931 1932 1933 1934 1935 1936 1937 1938 1939 1940 1941 1942 1943 1944 1945 1946 1947 1948 1949 1950 1951 1952 1953 1954 1955 1956 1957 1958 1959 1960 1961 1962 1963 1964 1965 1966 1967 1968 1969 1970 1971 1972 1973 1974 1975 1976 1977 1978 1979 1983 1984 1985 1986
us,1926,2025,nominal,start,40,0,11,61,0,2,3.3,0.0,0.0,1926 1927 1928 1929 1930 1931 1932 1933 1934 1935 1936 1937 1938 1939 1940 1941 1942 1943 1944 1945 1946 1947 1948 1949 1950 1951 1952 1953 1954 1955 1956 1957 1958 1959 1960 1961 1962 1963 1964 1965 1966 1967 1968 1969 1970 1971 1972 1973 1974 1975 1976 1977 1978 1979 1980 1983 1984 1985 1986
us,1926,2025,nominal,start,40,0,12,61,0,1,1.6,0.0,0.0,1926 1927 1928 1929 1930 1931 1932 1933 1934 1935 1936 1937 1938 1939 1940 1941 1942 1943 1944 1945 1946 1947 1948 1949 1950 1951 1952 1953 1954 1955 1956 1957 1958 1959 1960 1961 1962 1963 1964 1965 1966 1967 1968 1969 1970 1971 1972 1973 1974 1975 1976 1977 1978 1979 1980 1981 1983 1984 1985 1986
us,1926,2025,nominal,start,45,100,3,56,0,56,100.0,67364.0,4215.0,
us,1926,2025,nominal,start,45,100,4,56,0,54,96.4,57316.0,0.0,1929 1930
us,1926,2025,nominal,start,45,100,5,56,0,53,94.6,47087.0,0.0,1928 1929 1930
us,1926,2025,nominal,start,45,100,6,56,0,52,92.9,36233.0,0.0,1928 1929 1930 1931
us,1926,2025,nominal,start,45,100,7,56,0,46,82.1,24894.0,0.0,1926 1927 1928 1929 1930 1931 1937 1965 1966 1969
us,1926,2025,nominal,start,45,100,8,56,0,39,69.6,14326.0,0.0,1926 1927 1928 1929 1930 1931 1936 1937 1962 1964 1965 1966 1967 1968 1969 1972 1973
us,1926,2025,nominal,start,45,100,9,56,0,29,51.8,3875.0,0.0,1926 1927 1928 1929 1930 1931 1934 1936 1937 1939 1956 1957 1959 1960 1961 1962 1963 1964 1965 1966 1967 1968 1969 1970 1971 1972 1973
us,1926,2025,nominal,start,45,100,10,56,0,24,42.9,0.0,0.0,1926 1927 1928 1929 1930 1931 1934 1936 1937 1938 1939 1940 1946 1955 1956 1957 1959 1960 1961 1962 1963 1964 1965 1966 1967 1968 1969 1970 1971 1972 1973 1974
us,1926,2025,nominal,start,45,100,11,56,0,19,33.9,0.0,0.0,1926 1927 1928 1929 1930 1931 1932 1934 1935 1936 1937 1938 1939 1940 1946 1955 1956 1957 1958 1959 1960 1961 1962 1963 1964 1965 1966 1967 1968 1969 1970 1971 1972 1973 1974 1976 1977
us,1926,2025,nominal,start,45,100,12,56,0,14,25.0,0.0,0.0,1926 1927 1928 1929 1930 1931 1932 1933 1934 1935 1936 1937 1938 1939 1940 1941 1946 1952 1953 1955 1956 1957 1958 1959 1960 1961 1962 1963 1964 1965 1966 1967 1968 1969 1970 1971 1972 1973 1974 1976 1977 1981
us,1926,2025,nominal,start,45,75,3,56,0,56,100.0,43435.0,6247.0,
us,1926,2025,nominal,start,45,75,4,56,0,56,100.0,34549.0,944.0,
us,1926,2025,nominal,start,45,75,5,56,0,54,96.4,26136.0,0.0,1929 1930
us,1926,2025,nominal,start,45,75,6,56,0,51,91.1,18484.0,0.0,1928 1929 1930 1931 1937
us,1926,2025,nominal,start,45,75,7,56,0,46,82.1,10149.0,0.0,1926 1927 1928 1929 1930 1931 1936 1937 1965 1966
us,1926,2025,nominal,start,45,75,8,56,0,31,55.4,2373.0,0.0,1926 1927 1928 1929 1930 1931 1934 1936 1937 1939 1956 1957 1959 1960 1961 1962 1963 1964 1965 1966 1967 1968 1969 1972 1973
us,1926,2025,nominal,start,45,75,9,56,0,24,42.9,0.0,0.0,1926 1927 1928 1929 1930 1931 1934 1936 1937 1938 1939 1940 1946 1955 1956 1957 1958 1959 1960 1961 1962 1963 1964 1965 1966 1967 1968 1969 1970 1971 1972 1973
us,1926,2025,nominal,start,45,75,10,56,0,18,32.1,0.0,0.0,1926 1927 1928 1929 1930 1931 1932 1934 1935 1936 1937 1938 1939 1940 1941 1946 1952 1953 1955 1956 1957 1958 1959 1960 1961 1962 1963 1964 1965 1966 1967 1968 1969 1970 1971 1972 1973 1974
us,1926,2025,nominal,start,45,75,11,56,0,9,16.1,0.0,0.0,1926 1927 1928 1929 1930 1931 1932 1933 1934 1935 1936 1937 1938 1939 1940 1941 1943 1944 1945 1946 1947 1951 1952 1953 1954 1955 1956 1957 1958 1959 1960 1961 1962 1963 1964 1965 1966 1967 1968 1969 1970 1971 1972 1973 1974 1976 1977
us,1926,2025,nominal,start,45,75,12,56,0,3,5.4,0.0,0.0,1926 1927 1928 1929 1930 1931 1932 1933 1934 1935 1936 1937 1938 1939 1940 1941 1942 1943 1944 1945 1946 1947 1948 1949 1950 1951 1952 1953 1954 1955 1956 1957 1958 1959 1960 1961 1962 1963 1964 1965 1966 1967 1968 1969 1970 1971 1972 1973 1974 1975 1976 1977 1981
us,1926,2025,nominal,start,45,50,3,56,0,56,100.0,29023.0,4878.0,
us,1926,2025,nominal,start,45,50,4,56,0,56,100.0,22011.0,1861.0,
us,1926,2025,nominal,start,45,50,5,56,0,54,96.4,14774.0,0.0,1929 1930
us,1926,2025,nominal,start,45,50,6,56,0,51,91.1,7545.0,0.0,1928 1929 1930 1931 1937
us,1926,2025,nominal,start,45,50,7,56,0,33,58.9,1798.0,0.0,1926 1927 1928 1929 1930 1931 1934 1936 1937 1938 1939 1940 1946 1956 1957 1959 1960 1961 1962 1963 1964 1965 1966
us,1926,2025,nominal,start,45,50,8,56,0,17,30.4,0.0,0.0,1926 1927 1928 1929 1930 1931 1932 1934 1935 1936 1937 1938 1939 1940 1941 1945 1946 1947 1951 1952 1953 1955 1956 1957 1958 1959 1960 1961 1962 1963 1964 1965 1966 1967 1968 1969 1971 1972 1973
us,1926,2025,nominal,start,45,50,9,56,0,7,12.5,0.0,0.0,1926 1927 1928 1929 1930 1931 1932 1933 1934 1935 1936 1937 1938 1939 1940 1941 1942 1943 1944 1945 1946 1947 1948 1949 1950 1951 1952 1953 1954 1955 1956 1957 1958 1959 1960 1961 1962 1963 1964 1965 1966 1967 1968 1969 1970 1971 1972 1973 1974
us,1926,2025,nominal,start,45,50,10,56,0,5,8.9,0.0,0.0,1926 1927 1928 1929 1930 1931 1932 1933 1934 1935 1936 1937 1938 1939 1940 1941 1942 1943 1944 1945 1946 1947 1948 1949 1950 1951 1952 1953 1954 1955 1956 1957 1958 1959 1960 1961 1962 1963 1964 1965 1966 1967 1968 1969 1970 1971 1972 1973 1974 1976 1977
us,1926,2025,nominal,start,45,50,11,56,0,3,5.4,0.0,0.0,1926 1927 1928 1929 1930 1931 1932 1933 1934 1935 1936 1937 1938 1939 1940 1941 1942 1943 1944 1945 1946 1947 1948 1949 1950 1951 1952 1953 1954 1955 1956 1957 1958 1959 1960 1961 1962 1963 1964 1965 1966 1967 1968 1969 1970 1971 1972 1973 1974 1975 1976 1977 1978
us,1926,2025,nominal,start,45,50,12,56,0,0,0.0,0.0,0.0,1926 1927 1928 1929 1930 1931 1932 1933 1934 1935 1936 1937 1938 1939 1940 1941 1942 1943 1944 1945 1946 1947 1948 1949 1950 1951 1952 1953 1954 1955 1956 1957 1958 1959 1960 1961 1962 1963 1964 1965 1966 1967 1968 1969 1970 1971 1972 1973 1974 1975 1976 1977 1978 1979 1980 1981
us,1926,2025,nominal,start,45,25,3,56,0,56,100.0,15404.0,2676.0,
us,1926,2025,nominal,start,45,25,4,56,0,56,100.0,9713.0,1041.0,
us,1926,2025,nominal,start,45,25,5,56,0,52,92.9,4868.0,0.0,1928 1929 1930 1937
us,1926,2025,nominal,start,45,25,6,56,0,28,50.0,34.0,0.0,1926 1927 1928 1929 1930 1931 1932 1934 1935 1936 1937 1938 1939 1940 1941 1942 1943 1944 1945 1946 1947 1951 1952 1953 1955 1956 1957 1959
us,1926,2025,nominal,start,45,25,7,56,0,13,23.2,0.0,0.0,1926 1927 1928 1929 1930 1931 1932 1933 1934 1935 1936 1937 1938 1939 1940 1941 1942 1943 1944 1945 1946 1947 1948 1949 1950 1951 1952 1953 1954 1955 1956 1957 1958 1959 1960 1961 1962 1963 1964 1965 1966 1967 1968
us,1926,2025,nominal,start,45,25,8,56,0,9,16.1,0.0,0.0,1926 1927 1928 1929 1930 1931 1932 1933 1934 1935 1936 1937 1938 1939 1940 1941 1942 1943 1944 1945 1946 1947 1948 1949 1950 1951 1952 1953 1954 1955 1956 1957 1958 1959 1960 1961 1962 1963 1964 1965 1966 1967 1968 1969 1971 1972 1973
us,1926,2025,nominal,start,45,25,9,56,0,5,8.9,0.0,0.0,1926 1927 1928 1929 1930 1931 1932 1933 1934 1935 1936 1937 1938 1939 1940 1941 1942 1943 1944 1945 1946 1947 1948 1949 1950 1951 1952 1953 1954 1955 1956 1957 1958 1959 1960 1961 1962 1963 1964 1965 1966 1967 1968 1969 1970 1971 1972 1973 1974 1976 1977
us,1926,2025,nominal,start,45,25,10,56,0,3,5.4,0.0,0.0,1926 1927 1928 1929 1930 1931 1932 1933 1934 1935 1936 1937 1938 1939 1940 1941 1942 1943 1944 1945 1946 1947 1948 1949 1950 1951 1952 1953 1954 1955 1956 1957 1958 1959 1960 1961 1962 1963 1964 1965 1966 1967 1968 1969 1970 1971 1972 1973 1974 1975 1976 1977 1978
us,1926,2025,nominal,start,45,25,11,56,0,1,1.8,0.0,0.0,1926 1927 1928 1929 1930 1931 1932 1933 1934 1935 1936 1937 1938 1939 1940 1941 1942 1943 1944 1945 1946 1947 1948 1949 1950 1951 1952 1953 1954 1955 1956 1957 1958 1959 1960 1961 1962 1963 1964 1965 1966 1967 1968 1969 1970 1971 1972 1973 1974 1975 1976 1977 1978 1979 1980
us,1926,2025,nominal,start,45,25,12,56,0,0,0.0,0.0,0.0,1926 1927 1928 1929 1930 1931 1932 1933 1934 1935 1936 1937 1938 1939 1940 1941 1942 1943 1944 1945 1946 1947 1948 1949 1950 1951 1952 1953 1954 1955 1956 1957 1958 1959 1960 1961 1962 1963 1964 1965 1966 1967 1968 1969 1970 1971 1972 1973 1974 1975 1976 1977 1978 1979 1980 1981
us,1926,2025,nominal,start,45,0,3,56,0,56,100.0,5053.0,637.0,
us,1926,2025,nominal,start,45,0,4,56,0,36,64.3,1239.0,0.0,1928 1930 1931 1933 1934 1935 1936 1937 1938 1939 1940 1941 1942 1943 1944 1945 1946 1947 1948 1949
us,1926,2025,nominal,start,45,0,5,56,0,23,41.1,0.0,0.0,1926 1927 1928 1929 1930 1931 1932 1933 1934 1935 1936 1937 1938 1939 1940 1941 1942 1943 1944 1945 1946 1947 1948 1949 1950 1951 1952 1953 1954 1955 1956 1957 1958
us,1926,2025,nominal,start,45,0,6,56,0,16,28.6,0.0,0.0,1926 1927 1928 1929 1930 1931 1932 1933 1934 1935 1936 1937 1938 1939 1940 1941 1942 1943 1944 1945 1946 1947 1948 1949 1950 1951 1952 1953 1954 1955 1956 1957 1958 1959 1960 1961 1962 1963 1964 1965
us,1926,2025,nominal,start,45,0,7,56,0,11,19.6,0.0,0.0,1926 1927 1928 1929 1930 1931 1932 1933 1934 1935 1936 1937 1938 1939 1940 1941 1942 1943 1944 1945 1946 1947 1948 1949 1950 1951 1952 1953 1954 1955 1956 1957 1958 1959 1960 1961 1962 1963 1964 1965 1966 1967 1968 1969 1972
us,1926,2025,nominal,start,45,0,8,56,0,5,8.9,0.0,0.0,1926 1927 1928 1929 1930 1931 1932 1933 1934 1935 1936 1937 1938 1939 1940 1941 1942 1943 1944 1945 1946 1947 1948 1949 1950 1951 1952 1953 1954 1955 1956 1957 1958 1959 1960 1961 1962 1963 1964 1965 1966 1967 1968 1969 1970 1971 1972 1973 1974 1975 1977
us,1926,2025,nominal,start,45,0,9,56,0,2,3.6,0.0,0.0,1926 1927 1928 1929 1930 1931 1932 1933 1934 1935 1936 1937 1938 1939 1940 1941 1942 1943 1944 1945 1946 1947 1948 1949 1950 1951 1952 1953 1954 1955 1956 1957 1958 1959 1960 1961 1962 1963 1964 1965 1966 1967 1968 1969 1970 1971 1972 1973 1974 1975 1976 1977 1978 1979
us,1926,2025,nominal,start,45,0,10,56,0,1,1.8,0.0,0.0,1926 1927 1928 1929 1930 1931 1932 1933 1934 1935 1936 1937 1938 1939 1940 1941 1942 1943 1944 1945 1946 1947 1948 1949 1950 1951 1952 1953 1954 1955 1956 1957 1958 1959 1960 1961 1962 1963 1964 1965 1966 1967 1968 1969 1970 1971 1972 1973 1974 1975 1976 1977 1978 1979 1980
us,1926,2025,nominal,start,45,0,11,56,0,0,0.0,0.0,0.0,1926 1927 1928 1929 1930 1931 1932 1933 1934 1935 1936 1937 1938 1939 1940 1941 1942 1943 1944 1945 1946 1947 1948 1949 1950 1951 1952 1953 1954 1955 1956 1957 1958 1959 1960 1961 1962 1963 1964 1965 1966 1967 1968 1969 1970 1971 1972 1973 1974 1975 1976 1977 1978 1979 1980 1981
us,1926,2025,nominal,start,45,0,12,56,0,0,0.0,0.0,0.0,1926 1927 1928 1929 1930 1931 1932 1933 1934 1935 1936 1937 1938 1939 1940 1941 1942 1943 1944 1945 1946 1947 1948 1949 1950 1951 1952 1953 1954 1955 1956 1957 1958 1959 1960 1961 1962 1963 1964 1965 1966 1967 1968 1969 1970 1971 1972 1973 1974 1975 1976 1977 1978 1979 1980 1981
us,1926,2025,nominal,start,50,100,3,51,0,51,100.0,106564.0,5263.0,
us,1926,2025,nominal,start,50,100,4,51,0,49,96.1,86174.0,0.0,1929 1930
us,1926,2025,nominal,start,50,100,5,51,0,48,94.1,65784.0,0.0,1928 1929 1930
us,1926,2025,nominal,start,50,100,6,51,0,46,90.2,47572.0,0.0,1928 1929 1930 1931 1937
us,1926,2025,nominal,start,50,100,7,51,0,41,80.4,29745.0,0.0,1926 1927 1928 1929 1930 1931 1937 1965 1966 1969
us,1926,2025,nominal,start,50,100,8,51,0,33,64.7,11919.0,0.0,1926 1927 1928 1929 1930 1931 1936 1937 1959 1962 1964 1965 1966 1967 1968 1969 1972 1973
us,1926,2025,nominal,start,50,100,9,51,0,24,47.1,0.0,0.0,1926 1927 1928 1929 1930 1931 1934 1936 1937 1939 1956 1957 1959 1960 1961 1962 1963 1964 1965 1966 1967 1968 1969 1970 1971 1972 1973
us,1926,2025,nominal,start,50,100,10,51,0,19,37.3,0.0,0.0,1926 1927 1928 1929 1930 1931 1934 1936 1937 1938 1939 1940 1946 1955 1956 1957 1959 1960 1961 1962 1963 1964 1965 1966 1967 1968 1969 1970 1971 1972 1973 1974
us,1926,2025,nominal,start,50,100,11,51,0,15,29.4,0.0,0.0,1926 1927 1928 1929 1930 1931 1932 1934 1935 1936 1937 1938 1939 1940 1946 1955 1956 1957 1958 1959 1960 1961 1962 1963 1964 1965 1966 1967 1968 1969 1970 1971 1972 1973 1974 1976
us,1926,2025,nominal,start,50,100,12,51,0,11,21.6,0.0,0.0,1926 1927 1928 1929 1930 1931 1932 1933 1934 1935 1936 1937 1938 1939 1940 1941 1946 1952 1953 1955 1956 1957 1958 1959 1960 1961 1962 1963 1964 1965 1966 1967 1968 1969 1970 1971 1972 1973 1974 1976
us,1926,2025,nominal,start,50,75,3,51,0,51,100.0,66787.0,8006.0,
us,1926,2025,nominal,start,50,75,4,51,0,51,100.0,53433.0,990.0,
us,1926,2025,nominal,start,50,75,5,51,0,49,96.1,39844.0,0.0,1929 1930
us,1926,2025,nominal,start,50,75,6,51,0,46,90.2,28318.0,0.0,1928 1929 1930 1931 1937
us,1926,2025,nominal,start,50,75,7,51,0,41,80.4,15495.0,0.0,1926 1927 1928 1929 1930 1931 1936 1937 1965 1966
us,1926,2025,nominal,start,50,75,8,51,0,26,51.0,2309.0,0.0,1926 1927 1928 1929 1930 1931 1934 1936 1937 1939 1956 1957 1959 1960 1961 1962 1963 1964 1965 1966 1967 1968 1969 1972 1973
us,1926,2025,nominal,start,50,75,9,51,0,18,35.3,0.0,0.0,1926 1927 1928 1929 1930 1931 1934 1935 1936 1937 1938 1939 1940 1946 1955 1956 1957 1958 1959 1960 1961 1962 1963 1964 1965 1966 1967 1968 1969 1970 1971 1972 1973
us,1926,2025,nominal,start,50,75,10,51,0,12,23.5,0.0,0.0,1926 1927 1928 1929 1930 1931 1932 1934 1935 1936 1937 1938 1939 1940 1941 1945 1946 1952 1953 1955 1956 1957 1958 1959 1960 1961 1962 1963 1964 1965 1966 1967 1968 1969 1970 1971 1972 1973 1974
us,1926,2025,nominal,start,50,75,11,51,0,5,9.8,0.0,0.0,1926 1927 1928 1929 1930 1931 1932 1933 1934 1935 1936 1937 1938 1939 1940 1941 1943 1944 1945 1946 1947 1951 1952 1953 1954 1955 1956 1957 1958 1959 1960 1961 1962 1963 1964 1965 1966 1967 1968 1969 1970 1971 1972 1973 1974 1976
us,1926,2025,nominal,start,50,75,12,51,0,0,0.0,0.0,0.0,1926 1927 1928 1929 1930 1931 1932 1933 1934 1935 1936 1937 1938 1939 1940 1941 1942 1943 1944 1945 1946 1947 1948 1949 1950 1951 1952 1953 1954 1955 1956 1957 1958 1959 1960 1961 1962 1963 1964 1965 1966 1967 1968 1969 1970 1971 1972 1973 1974 1975 1976
us,1926,2025,nominal,start,50,50,3,51,0,51,100.0,40712.0,6229.0,
us,1926,2025,nominal,start,50,50,4,51,0,51,100.0,30131.0,2204.0,
us,1926,2025,nominal,start,50,50,5,51,0,49,96.1,20588.0,0.0,1929 1930
us,1926,2025,nominal,start,50,50,6,51,0,46,90.2,10388.0,0.0,1928 1929 1930 1931 1937
us,1926,2025,nominal,start,50,50,7,51,0,28,54.9,560.0,0.0,1926 1927 1928 1929 1930 1931 1934 1936 1937 1938 1939 1940 1946 1956 1957 1959 1960 1961 1962 1963 1964 1965 1966
us,1926,2025,nominal,start,50,50,8,51,0,12,23.5,0.0,0.0,1926 1927 1928 1929 1930 1931 1932 1934 1935 1936 1937 1938 1939 1940 1941 1945 1946 1947 1951 1952 1953 1955 1956 1957 1958 1959 1960 1961 1962 1963 1964 1965 1966 1967 1968 1969 1971 1972 1973
us,1926,2025,nominal,start,50,50,9,51,0,2,3.9,0.0,0.0,1926 1927 1928 1929 1930 1931 1932 1933 1934 1935 1936 1937 1938 1939 1940 1941 1942 1943 1944 1945 1946 1947 1948 1949 1950 1951 1952 1953 1954 1955 1956 1957 1958 1959 1960 1961 1962 1963 1964 1965 1966 1967 1968 1969 1970 1971 1972 1973 1974
us,1926,2025,nominal,start,50,50,10,51,0,1,2.0,0.0,0.0,1926 1927 1928 1929 1930 1931 1932 1933 1934 1935 1936 1937 1938 1939 1940 1941 1942 1943 1944 1945 1946 1947 1948 1949 1950 1951 1952 1953 1954 1955 1956 1957 1958 1959 1960 1961 1962 1963 1964 1965 1966 1967 1968 1969 1970 1971 1972 1973 1974 1976
us,1926,2025,nominal,start,50,50,11,51,0,0,0.0,0.0,0.0,1926 1927 1928 1929 1930 1931 1932 1933 1934 1935 1936 1937 1938 1939 1940 1941 1942 1943 1944 1945 1946 1947 1948 1949 1950 1951 1952 1953 1954 1955 1956 1957 1958 1959 1960 1961 1962 1963 1964 1965 1966 1967 1968 1969 1970 1971 1972 1973 1974 1975 1976
us,1926,2025,nominal,start,50,50,12,51,0,0,0.0,0.0,0.0,1926 1927 1928 1929 1930 1931 1932 1933 1934 1935 1936 1937 1938 1939 1940 1941 1942 1943 1944 1945 1946 1947 1948 1949 1950 1951 1952 1953 1954 1955 1956 1957 1958 1959 1960 1961 1962 1963 1964 1965 1966 1967 1968 1969 1970 1971 1972 1973 1974 1975 1976
us,1926,2025,nominal,start,50,25,3,51,0,51,100.0,22211.0,3355.0,
us,1926,2025,nominal,start,50,25,4,51,0,51,100.0,14434.0,1120.0,
us,1926,2025,nominal,start,50,25,5,51,0,45,88.2,6658.0,0.0,1928 1929 1930 1931 1936 1937
us,1926,2025,nominal,start,50,25,6,51,0,19,37.3,0.0,0.0,1926 1927 1928 1929 1930 1931 1932 1933 1934 1935 1936 1937 1938 1939 1940 1941 1942 1943 1944 1945 1946 1947 1948 1951 1952 1953 1954 1955 1956 1957 1958 1959
us,1926,2025,nominal,start,50,25,7,51,0,8,15.7,0.0,0.0,1926 1927 1928 1929 1930 1931 1932 1933 1934 1935 1936 1937 1938 1939 1940 1941 1942 1943 1944 1945 1946 1947 1948 1949 1950 1951 1952 1953 1954 1955 1956 1957 1958 1959 1960 1961 1962 1963 1964 1965 1966 1967 1968
us,1926,2025,nominal,start,50,25,8,51,0,4,7.8,0.0,0.0,1926 1927 1928 1929 1930 1931 1932 1933 1934 1935 1936 1937 1938 1939 1940 1941 1942 1943 1944 1945 1946 1947 1948 1949 1950 1951 1952 1953 1954 1955 1956 1957 1958 1959 1960 1961 1962 1963 1964 1965 1966 1967 1968 1969 1971 1972 1973
us,1926,2025,nominal,start,50,25,9,51,0,1,2.0,0.0,0.0,1926 1927 1928 1929 1930 1931 1932 1933 1934 1935 1936 1937 1938 1939 1940 1941 1942 1943 1944 1945 1946 1947 1948 1949 1950 1951 1952 1953 1954 1955 1956 1957 1958 1959 1960 1961 1962 1963 1964 1965 1966 1967 1968 1969 1970 1971 1972 1973 1974 1976
us,1926,2025,nominal,start,50,25,10,51,0,0,0.0,0.0,0.0,1926 1927 1928 1929 1930 1931 1932 1933 1934 1935 1936 1937 1938 1939 1940 1941 1942 1943 1944 1945 1946 1947 1948 1949 1950 1951 1952 1953 1954 1955 1956 1957 1958 1959 1960 1961 1962 1963 1964 1965 1966 1967 1968 1969 1970 1971 1972 1973 1974 1975 1976
us,1926,2025,nominal,start,50,25,11,51,0,0,0.0,0.0,0.0,1926 1927 1928 1929 1930 1931 1932 1933 1934 1935 1936 1937 1938 1939 1940 1941 1942 1943 1944 1945 1946 1947 1948 1949 1950 1951 1952 1953 1954 1955 1956 1957 1958 1959 1960 1961 1962 1963 1964 1965 1966 1967 1968 1969 1970 1971 1972 1973 1974 1975 1976
us,1926,2025,nominal,start,50,25,12,51,0,0,0.0,0.0,0.0,1926 1927 1928 1929 1930 1931 1932 1933 1934 1935 1936 1937 1938 1939 1940 1941 1942 1943 1944 1945 1946 1947 1948 1949 1950 1951 1952 1953 1954 1955 1956 1957 1958 1959 1960 1961 1962 1963 1964 1965 1966 1967 1968 1969 1970 1971 1972 1973 1974 1975 1976
us,1926,2025,nominal,start,50,0,3,51,0,51,100.0,5508.0,883.0,
us,1926,2025,nominal,start,50,0,4,51,0,26,51.0,480.0,0.0,1926 1927 1928 1929 1930 1931 1932 1933 1934 1935 1936 1937 1938 1939 1940 1941 1942 1943 1944 1945 1946 1947 1948 1949 1950
us,1926,2025,nominal,start,50,0,5,51,0,18,35.3,0.0,0.0,1926 1927 1928 1929 1930 1931 1932 1933 1934 1935 1936 1937 1938 1939 1940 1941 1942 1943 1944 1945 1946 1947 1948 1949 1950 1951 1952 1953 1954 1955 1956 1957 1958
us,1926,2025,nominal,start,50,0,6,51,0,9,17.6,0.0,0.0,1926 1927 1928 1929 1930 1931 1932 1933 1934 1935 1936 1937 1938 1939 1940 1941 1942 1943 1944 1945 1946 1947 1948 1949 1950 1951 1952 1953 1954 1955 1956 1957 1958 1959 1960 1961 1962 1963 1964 1965 1966 1967
us,1926,2025,nominal,start,50,0,7,51,0,5,9.8,0.0,0.0,1926 1927 1928 1929 1930 1931 1932 1933 1934 1935 1936 1937 1938 1939 1940 1941 1942 1943 1944 1945 1946 1947 1948 1949 1950 1951 1952 1953 1954 1955 1956 1957 1958 1959 1960 1961 1962 1963 1964 1965 1966 1967 1968 1969 1971 1972
us,1926,2025,nominal,start,50,0,8,51,0,0,0.0,0.0,0.0,1926 1927 1928 1929 1930 1931 1932 1933 1934 1935 1936 1937 1938 1939 1940 1941 1942 1943 1944 1945 1946 1947 1948 1949 1950 1951 1952 1953 1954 1955 1956 1957 1958 1959 1960 1961 1962 1963 1964 1965 1966 1967 1968 1969 1970 1971 1972 1973 1974 1975 1976
us,1926,2025,nominal,start,50,0,9,51,0,0,0.0,0.0,0.0,1926 1927 1928 1929 1930 1931 1932 1933 1934 1935 1936 1937 1938 1939 1940 1941 1942 1943 1944 1945 1946 1947 1948 1949 1950 1951 1952 1953 1954 1955 1956 1957 1958 1959 1960 1961 1962 1963 1964 1965 1966 1967 1968 1969 1970 1971 1972 1973 1974 1975 1976
us,1926,2025,nominal,start,50,0,10,51,0,0,0.0,0.0,0.0,1926 1927 1928 1929 1930 1931 1932 1933 1934 1935 1936 1937 1938 1939 1940 1941 1942 1943 1944 1945 1946 1947 1948 1949 1950 1951 1952 1953 1954 1955 1956 1957 1958 1959 1960 1961 1962 1963 1964 1965 1966 1967 1968 1969 1970 1971 1972 1973 1974 1975 1976
us,1926,2025,nominal,start,50,0,11,51,0,0,0.0,0.0,0.0,1926 1927 1928 1929 1930 1931 1932 1933 1934 1935 1936 1937 1938 1939 1940 1941 1942 1943 1944 1945 1946 1947 1948 1949 1950 1951 1952 1953 1954 1955 1956 1957 1958 1959 1960 1961 1962 1963 1964 1965 1966 1967 1968 1969 1970 1971 1972 1973 1974 1975 1976
us,1926,2025,nominal,start,50,0,12,51,0,0,0.0,0.0,0.0,1926 1927 1928 1929 1930 1931 1932 1933 1934 1935 1936 1937 1938 1939 1940 1941 1942 1943 1944 1945 1946 1947 1948 1949 1950 1951 1952 1953 1954 1955 1956 1957 1958 1959 1960 1961 1962 1963 1964 1965 1966 1967 1968 1969 1970 1971 1972 1973 1974 1975 1976
us,1926,2025,nominal,start,60,100,3,41,0,41,100.0,283169.0,22594.0,
us,1926,2025,nominal,start,60,100,4,41,0,39,95.1,248433.0,0.0,1929 1930
us,1926,2025,nominal,start,60,100,5,41,0,38,92.7,214638.0,0.0,1928 1929 1930
us,1926,2025,nominal,start,60,100,6,41,0,36,87.8,181420.0,0.0,1928 1929 1930 1931 1937
us,1926,2025,nominal,start,60,100,7,41,0,32,78.0,121689.0,0.0,1926 1927 1928 1929 1930 1931 1937 1965 1966
us,1926,2025,nominal,start,60,100,8,41,0,27,65.9,81319.0,0.0,1926 1927 1928 1929 1930 1931 1936 1937 1959 1960 1962 1964 1965 1966
us,1926,2025,nominal,start,60,100,9,41,0,21,51.2,29910.0,0.0,1926 1927 1928 1929 1930 1931 1934 1936 1937 1939 1956 1957 1959 1960 1961 1962 1963 1964 1965 1966
us,1926,2025,nominal,start,60,100,10,41,0,17,41.5,0.0,0.0,1926 1927 1928 1929 1930 1931 1934 1936 1937 1938 1939 1940 1946 1955 1956 1957 1959 1960 1961 1962 1963 1964 1965 1966
us,1926,2025,nominal,start,60,100,11,41,0,14,34.1,0.0,0.0,1926 1927 1928 1929 1930 1931 1932 1934 1935 1936 1937 1938 1939 1940 1946 1955 1956 1957 1958 1959 1960 1961 1962 1963 1964 1965 1966
us,1926,2025,nominal,start,60,100,12,41,0,9,22.0,0.0,0.0,1926 1927 1928 1929 1930 1931 1932 1933 1934 1935 1936 1937 1938 1939 1940 1941 1945 1946 1952 1953 1955 1956 1957 1958 1959 1960 1961 1962 1963 1964 1965 1966
us,1926,2025,nominal,start,60,75,3,41,0,41,100.0,177805.0,31492.0,
us,1926,2025,nominal,start,60,75,4,41,0,41,100.0,148808.0,3035.0,
us,1926,2025,nominal,start,60,75,5,41,0,39,95.1,112072.0,0.0,1929 1930
us,1926,2025,nominal,start,60,75,6,41,0,36,87.8,81109.0,0.0,1928 1929 1930 1931 1937
us,1926,2025,nominal,start,60,75,7,41,0,31,75.6,50145.0,0.0,1926 1927 1928 1929 1930 1931 1936 1937 1965 1966
us,1926,2025,nominal,start,60,75,8,41,0,21,51.2,9564.0,0.0,1926 1927 1928 1929 1930 1931 1934 1936 1937 1939 1956 1957 1959 1960 1961 1962 1963 1964 1965 1966
us,1926,2025,nominal,start,60,75,9,41,0,14,34.1,0.0,0.0,1926 1927 1928 1929 1930 1931 1932 1934 1935 1936 1937 1938 1939 1940 1946 1955 1956 1957 1958 1959 1960 1961 1962 1963 1964 1965 1966
us,1926,2025,nominal,start,60,75,10,41,0,10,24.4,0.0,0.0,1926 1927 1928 1929 1930 1931 1932 1934 1935 1936 1937 1938 1939 1940 1941 1945 1946 1952 1953 1955 1956 1957 1958 1959 1960 1961 1962 1963 1964 1965 1966
us,1926,2025,nominal,start,60,75,11,41,0,3,7.3,0.0,0.0,1926 1927 1928 1929 1930 1931 1932 1933 1934 1935 1936 1937 1938 1939 1940 1941 1943 1944 1945 1946 1947 1948 1951 1952 1953 1954 1955 1956 1957 1958 1959 1960 1961 1962 1963 1964 1965 1966
us,1926,2025,nominal,start,60,75,12,41,0,0,0.0,0.0,0.0,1926 1927 1928 1929 1930 1931 1932 1933 1934 1935 1936 1937 1938 1939 1940 1941 1942 1943 1944 1945 1946 1947 1948 1949 1950 1951 1952 1953 1954 1955 1956 1957 1958 1959 1960 1961 1962 1963 1964 1965 1966
us,1926,2025,nominal,start,60,50,3,41,0,41,100.0,86698.0,21864.0,
us,1926,2025,nominal,start,60,50,4,41,0,41,100.0,64407.0,7074.0,
us,1926,2025,nominal,start,60,50,5,41,0,39,95.1,42620.0,0.0,1929 1930
us,1926,2025,nominal,start,60,50,6,41,0,35,85.4,20463.0,0.0,1927 1928 1929 1930 1931 1937
us,1926,2025,nominal,start,60,50,7,41,0,17,41.5,0.0,0.0,1926 1927 1928 1929 1930 1931 1934 1936 1937 1938 1939 1940 1946 1955 1956 1957 1959 1960 1961 1962 1963 1964 1965 1966
us,1926,2025,nominal,start,60,50,8,41,0,6,14.6,0.0,0.0,1926 1927 1928 1929 1930 1931 1932 1934 1935 1936 1937 1938 1939 1940 1941 1944 1945 1946 1947 1951 1952 1953 1954 1955 1956 1957 1958 1959 1960 1961 1962 1963 1964 1965 1966
us,1926,2025,nominal,start,60,50,9,41,0,0,0.0,0.0,0.0,1926 1927 1928 1929 1930 1931 1932 1933 1934 1935 1936 1937 1938 1939 1940 1941 1942 1943 1944 1945 1946 1947 1948 1949 1950 1951 1952 1953 1954 1955 1956 1957 1958 1959 1960 1961 1962 1963 1964 1965 1966
us,1926,2025,nominal,start,60,50,10,41,0,0,0.0,0.0,0.0,1926 1927 1928 1929 1930 1931 1932 1933 1934 1935 1936 1937 1938 1939 1940 1941 1942 1943 1944 1945 1946 1947 1948 1949 1950 1951 1952 1953 1954 1955 1956 1957 1958 1959 1960 1961 1962 1963 1964 1965 1966
us,1926,2025,nominal,start,60,50,11,41,0,0,0.0,0.0,0.0,1926 1927 1928 1929 1930 1931 1932 1933 1934 1935 1936 1937 1938 1939 1940 1941 1942 1943 1944 1945 1946 1947 1948 1949 1950 1951 1952 1953 1954 1955 1956 1957 1958 1959 1960 1961 1962 1963 1964 1965 1966
us,1926,2025,nominal,start,60,50,12,41,0,0,0.0,0.0,0.0,1926 1927 1928 1929 1930 1931 1932 1933 1934 1935 1936 1937 1938 1939 1940 1941 1942 1943 1944 1945 1946 1947 1948 1949 1950 1951 1952 1953 1954 1955 1956 1957 1958 1959 1960 1961 1962 1963 1964 1965 1966
us,1926,2025,nominal,start,60,25,3,41,0,41,100.0,35998.0,10185.0,
us,1926,2025,nominal,start,60,25,4,41,0,41,100.0,23445.0,2760.0,
us,1926,2025,nominal,start,60,25,5,41,0,35,85.4,8830.0,0.0,1928 1929 1930 1931 1936 1937
us,1926,2025,nominal,start,60,25,6,41,0,5,12.2,0.0,0.0,1926 1927 1928 1929 1930 1931 1932 1933 1934 1935 1936 1937 1938 1939 1940 1941 1942 1943 1944 1945 1946 1947 1948 1949 1950 1951 1952 1953 1954 1955 1956 1957 1958 1959 1961 1962
us,1926,2025,nominal,start,60,25,7,41,0,0,0.0,0.0,0.0,1926 1927 1928 1929 1930 1931 1932 1933 1934 1935 1936 1937 1938 1939 1940 1941 1942 1943 1944 1945 1946 1947 1948 1949 1950 1951 1952 1953 1954 1955 1956 1957 1958 1959 1960 1961 1962 1963 1964 1965 1966
us,1926,2025,nominal,start,60,25,8,41,0,0,0.0,0.0,0.0,1926 1927 1928 1929 1930 1931 1932 1933 1934 1935 1936 1937 1938 1939 1940 1941 1942 1943 1944 1945 1946 1947 1948 1949 1950 1951 1952 1953 1954 1955 1956 1957 1958 1959 1960 1961 1962 1963 1964 1965 1966
us,1926,2025,nominal,start,60,25,9,41,0,0,0.0,0.0,0.0,1926 1927 1928 1929 1930 1931 1932 1933 1934 1935 1936 1937 1938 1939 1940 1941 1942 1943 1944 1945 1946 1947 1948 1949 1950 1951 1952 1953 1954 1955 1956 1957 1958 1959 1960 1961 1962 1963 1964 1965 1966
us,1926,2025,nominal,start,60,25,10,41,0,0,0.0,0.0,0.0,1926 1927 1928 1929 1930 1931 1932 1933 1934 1935 1936 1937 1938 1939 1940 1941 1942 1943 1944 1945 1946 1947 1948 1949 1950 1951 1952 1953 1954 1955 1956 1957 1958 1959 1960 1961 1962 1963 1964 1965 1966
us,1926,2025,nominal,start,60,25,11,41,0,0,0.0,0.0,0.0,1926 1927 1928 1929 1930 1931 1932 1933 1934 1935 1936 1937 1938 1939 1940 1941 1942 1943 1944 1945 1946 1947 1948 1949 1950 1951 1952 1953 1954 1955 1956 1957 1958 1959 1960 1961 1962 1963 1964 1965 1966
us,1926,2025,nominal,start,60,25,12,41,0,0,0.0,0.0,0.0,1926 1927 1928 1929 1930 1931 1932 1933 1934 1935 1936 1937 1938 1939 1940 1941 1942 1943 1944 1945 1946 1947 1948 1949 1950 1951 1952 1953 1954 1955 1956 1957 1958 1959 1960 1961 1962 1963 1964 1965 1966
us,1926,2025,nominal,start,60,0,3,41,0,41,100.0,5305.0,2121.0,
us,1926,2025,nominal,start,60,0,4,41,0,16,39.0,0.0,0.0,1926 1927 1928 1929 1930 1931 1932 1933 1934 1935 1936 1937 1938 1939 1940 1941 1942 1943 1944 1945 1946 1947 1948 1949 1950
us,1926,2025,nominal,start,60,0,5,41,0,8,19.5,0.0,0.0,1926 1927 1928 1929 1930 1931 1932 1933 1934 1935 1936 1937 1938 1939 1940 1941 1942 1943 1944 1945 1946 1947 1948 1949 1950 1951 1952 1953 1954 1955 1956 1957 1958
us,1926,2025,nominal,start,60,0,6,41,0,0,0.0,0.0,0.0,1926 1927 1928 1929 1930 1931 1932 1933 1934 1935 1936 1937 1938 1939 1940 1941 1942 1943 1944 1945 1946 1947 1948 1949 1950 1951 1952 1953 1954 1955 1956 1957 1958 1959 1960 1961 1962 1963 1964 1965 1966
us,1926,2025,nominal,start,60,0,7,41,0,0,0.0,0.0,0.0,1926 1927 1928 1929 1930 1931 1932 1933 1934 1935 1936 1937 1938 1939 1940 1941 1942 1943 1944 1945 1946 1947 1948 1949 1950 1951 1952 1953 1954 1955 1956 1957 1958 1959 1960 1961 1962 1963 1964 1965 1966
us,1926,2025,nominal,start,60,0,8,41,0,0,0.0,0.0,0.0,1926 1927 1928 1929 1930 1931 1932 1933 1934 1935 1936 1937 1938 1939 1940 1941 1942 1943 1944 1945 1946 1947 1948 1949 1950 1951 1952 1953 1954 1955 1956 1957 1958 1959 1960 1961 1962 1963 1964 1965 1966
us,1926,2025,nominal,start,60,0,9,41,0,0,0.0,0.0,0.0,1926 1927 1928 1929 1930 1931 1932 1933 1934 1935 1936 1937 1938 1939 1940 1941 1942 1943 1944 1945 1946 1947 1948 1949 1950 1951 1952 1953 1954 1955 1956 1957 1958 1959 1960 1961 1962 1963 1964 1965 1966
us,1926,2025,nominal,start,60,0,10,41,0,0,0.0,0.0,0.0,1926 1927 1928 1929 1930 1931 1932 1933 1934 1935 1936 1937 1938 1939 1940 1941 1942 1943 1944 1945 1946 1947 1948 1949 1950 1951 1952 1953 1954 1955 1956 1957 1958 1959 1960 1961 1962 1963 1964 1965 1966
us,1926,2025,nominal,start,60,0,11,41,0,0,0.0,0.0,0.0,1926 1927 1928 1929 1930 1931 1932 1933 1934 1935 1936 1937 1938 1939 1940 1941 1942 1943 1944 1945 1946 1947 1948 1949 1950 1951 1952 1953 1954 1955 1956 1957 1958 1959 1960 1961 1962 1963 1964 1965 1966
us,1926,2025,nominal,start,60,0,12,41,0,0,0.0,0.0,0.0,1926 1927 1928 1929 1930 1931 1932 1933 1934 1935 1936 1937 1938 1939 1940 1941 1942 1943 1944 1945 1946 1947 1948 1949 1950 1951 1952 1953 1954 1955 1956 1957 1958 1959 1960 1961 1962 1963 1964 1965 1966
